County,FIPS,2023 Rural-Urban Continuum Codes([rural urban note]),"Age-Adjusted Incidence Rate([rate note]) - cases per 100,000",Lower 95% Confidence Interval,Upper 95% Confidence Interval,CI*Rank([rank note]),Lower CI (CI*Rank),Upper CI (CI*Rank),Average Annual Count,Recent Trend,Recent 5-Year Trend ([trend note]) in Incidence Rates,Lower 95% Confidence Interval,Upper 95% Confidence Interval
US (SEER+NPCR)(1),0,N/A,52.5,52.4,52.6,N/A , N/A , N/A,222606,falling,-3.5,-4.0,-3.1
"Union County, Florida(2)",12125,Rural,156.1,132.4,183.1,N/A , N/A , N/A,32,falling,-2.8,-4.5,-1.1
"Alexander County, Illinois(7)",17003,Urban,132.1,100.3,173.3,N/A , N/A , N/A,13,stable,-1.3,-4.1,1.4
"Owsley County, Kentucky(7)",21189,Rural,130.5,91.2,182.9,N/A , N/A , N/A,8,falling,-10.6,-30.2,-1.1
"Livingston County, Kentucky(7)",21139,Urban,126.6,100.7,158.2,N/A , N/A , N/A,18,stable,0.7,-1.7,3.4
"Leslie County, Kentucky(7)",21131,Rural,124.7,100.3,154,N/A , N/A , N/A,19,stable,-0.3,-2.4,2.0
"Pendleton County, Kentucky(7)",21191,Urban,123.8,101.9,149.4,N/A , N/A , N/A,24,stable,0.3,-1.5,2.3
"Rockcastle County, Kentucky(7)",21203,Rural,123.8,104.2,146.5,N/A , N/A , N/A,30,stable,0.6,-0.4,1.7
"McCreary County, Kentucky(7)",21147,Rural,122.7,102.1,146.4,N/A , N/A , N/A,26,stable,-1.0,-2.6,0.8
"Lincoln County, West Virginia(2)",54043,Rural,121.3,104.4,140.5,N/A , N/A , N/A,39,rising,14.0,2.0,24.4
"Floyd County, Kentucky(7)",21071,Rural,119.6,106.4,134,N/A , N/A , N/A,64,falling,-1.7,-5.5,-0.6
"Trousdale County, Tennessee(2)",47169,Urban,119.5,92.8,151.8,N/A , N/A , N/A,14,stable,1.1,-0.8,3.3
"Wolfe County, Kentucky(7)",21237,Rural,119.2,90.6,155.5,N/A , N/A , N/A,12,stable,-0.6,-2.7,6.2
"Whitley County, Kentucky(7)",21235,Rural,117.9,104.1,133.2,N/A , N/A , N/A,54,stable,-0.1,-1.4,1.4
"Gallatin County, Kentucky(7)",21077,Urban,117,89.5,151,N/A , N/A , N/A,13,stable,-0.7,-2.9,1.8
"Bracken County, Kentucky(7)",21023,Urban,116.6,90.1,149.3,N/A , N/A , N/A,14,stable,0.9,-1.1,3.4
"Knox County, Kentucky(7)",21121,Rural,116.5,102.1,132.5,N/A , N/A , N/A,49,stable,-0.1,-1.7,1.6
"Madison County, Missouri(2)",29123,Rural,115,94.1,139.9,N/A , N/A , N/A,22,rising,1.8,0.1,3.6
"Lawrence County, Arkansas(2)",5075,Rural,114.7,95.9,136.5,N/A , N/A , N/A,27,stable,0.7,-0.7,2.2
"Union County, Tennessee(2)",47173,Urban,114.6,97.4,134.4,N/A , N/A , N/A,34,stable,0.9,-0.7,2.8
"Harlan County, Kentucky(7)",21095,Rural,114.2,99.1,131.1,N/A , N/A , N/A,44,falling,-1.2,-4.5,-0.2
"Adair County, Kentucky(7)",21001,Rural,113.8,96.1,134.2,N/A , N/A , N/A,31,stable,0.8,-0.9,2.9
"Ripley County, Missouri(2)",29181,Rural,113.7,92,139.9,N/A , N/A , N/A,20,stable,1.2,-0.8,3.4
"Traverse County, Minnesota(2)",27155,Rural,113.5,78.3,163.5,N/A , N/A , N/A,7,*,*,*,*
"Clay County, Kentucky(7)",21051,Rural,113.4,95.5,134.1,N/A , N/A , N/A,30,stable,-0.8,-10.9,2.5
"Grayson County, Kentucky(7)",21085,Rural,113.1,97.9,130.3,N/A , N/A , N/A,42,stable,3.0,0.0,9.0
"Montgomery County, Kentucky(7)",21173,Rural,113,98.1,129.7,N/A , N/A , N/A,43,stable,0.7,-0.3,2.0
"Fulton County, Kentucky(7)",21075,Rural,112.6,83.1,150.1,N/A , N/A , N/A,11,stable,-0.1,-3.1,3.0
"Perry County, Kentucky(7)",21193,Rural,112,97.3,128.4,N/A , N/A , N/A,45,stable,-1.7,-3.8,0.5
"Pulaski County, Illinois(7)",17153,Rural,110.7,80.1,151.2,N/A , N/A , N/A,9,stable,2.3,-0.3,5.5
"Hancock County, Tennessee(2)",47067,Rural,110.5,81.6,147.4,N/A , N/A , N/A,11,rising,2.5,0.6,4.7
"Mingo County, West Virginia(2)",54059,Rural,110.1,94.3,128.1,N/A , N/A , N/A,38,stable,-0.8,-2.2,0.6
"Lawrence County, Kentucky(7)",21127,Urban,110,91.2,132,N/A , N/A , N/A,26,stable,-0.6,-1.9,0.9
"Dewey County, South Dakota(2)",46041,Rural,109.9,67.6,167.5,N/A , N/A , N/A,4,stable,1.6,-4.0,7.6
"Powell County, Kentucky(7)",21197,Rural,109.8,87.9,135.8,N/A , N/A , N/A,19,stable,-0.5,-2.8,2.1
"Dunklin County, Missouri(2)",29069,Rural,109.7,95.3,125.9,N/A , N/A , N/A,43,stable,1.1,-0.1,2.4
"Scott County, Arkansas(2)",5127,Rural,109.4,86.9,136.8,N/A , N/A , N/A,17,stable,1.9,-0.3,4.5
"Tunica County, Mississippi(2)",28143,Urban,109.3,81.4,143.6,N/A , N/A , N/A,11,stable,1.5,-0.9,4.3
"Carter County, Missouri(2)",29035,Rural,108.7,78.4,148.6,N/A , N/A , N/A,9,stable,-0.5,-3.3,2.4
"Mississippi County, Missouri(2)",29133,Rural,108.4,87.5,133.4,N/A , N/A , N/A,19,stable,1.3,-0.7,3.4
"Butler County, Kentucky(7)",21031,Urban,108.3,87,133.7,N/A , N/A , N/A,19,stable,0.0,-1.9,1.9
"Wayne County, Missouri(2)",29223,Rural,107.6,87.2,132.3,N/A , N/A , N/A,21,stable,-0.2,-1.6,1.2
"Dillon County, South Carolina(2)",45033,Rural,107.1,92.6,123.4,N/A , N/A , N/A,41,stable,1.9,-0.4,4.5
"Robertson County, Kentucky(7)",21201,Rural,107,60.1,179.9,N/A , N/A , N/A,4,stable,0.3,-3.6,4.5
"Poinsett County, Arkansas(2)",5111,Urban,106.8,91.3,124.5,N/A , N/A , N/A,35,stable,0.5,-1.1,2.0
"Magoffin County, Kentucky(7)",21153,Rural,106.5,84.5,133.1,N/A , N/A , N/A,17,stable,-0.6,-2.1,1.0
"Roane County, West Virginia(2)",54087,Rural,106.3,87.4,128.8,N/A , N/A , N/A,24,stable,0.8,-1.7,3.4
"Shannon County, Missouri(2)",29203,Rural,106.1,79.8,139.8,N/A , N/A , N/A,12,stable,-0.7,-4.8,3.5
"Decatur County, Tennessee(2)",47039,Rural,106,86.2,129.9,N/A , N/A , N/A,21,stable,0.7,-1.3,2.9
"Campbell County, Tennessee(2)",47013,Urban,105.9,94.6,118.5,N/A , N/A , N/A,66,stable,-0.4,-2.3,1.4
"Meade County, Kentucky(7)",21163,Urban,105.4,90.7,122,N/A , N/A , N/A,39,stable,-0.3,-1.6,1.2
"Mason County, Illinois(7)",17125,Rural,105.4,86.9,127.5,N/A , N/A , N/A,23,stable,0.5,-0.9,2.1
"Estill County, Kentucky(7)",21065,Rural,105.2,86,128,N/A , N/A , N/A,22,stable,0.1,-1.4,1.9
"St. Francois County, Missouri(2)",29187,Rural,103.9,94.5,114,N/A , N/A , N/A,92,stable,0.5,-0.5,1.6
"Carroll County, Kentucky(7)",21041,Rural,103.7,80.9,131.4,N/A , N/A , N/A,15,stable,-18.8,-37.4,1.8
"Mahnomen County, Minnesota(2)",27087,Rural,103.5,71.7,145.6,N/A , N/A , N/A,7,stable,1.3,-1.1,4.0
"Pike County, Kentucky(7)",21195,Rural,103.4,93.8,113.7,N/A , N/A , N/A,91,falling,-2.5,-9.1,-0.8
"Greene County, Illinois(7)",17061,Rural,102.4,82.7,126,N/A , N/A , N/A,19,stable,0.3,-1.7,2.3
"Grant County, Kentucky(7)",21081,Urban,102.2,86.4,120.2,N/A , N/A , N/A,32,stable,-0.3,-1.8,1.6
"Christian County, Illinois(7)",17021,Rural,102.1,89.8,115.9,N/A , N/A , N/A,51,stable,-0.6,-1.6,0.4
"Carter County, Kentucky(7)",21043,Urban,101.8,88.1,117.2,N/A , N/A , N/A,41,stable,-0.2,-1.3,0.9
"Harrison County, Kentucky(7)",21097,Rural,101.3,84.7,120.6,N/A , N/A , N/A,27,stable,0.3,-1.4,2.3
"Martin County, Kentucky(7)",21159,Rural,101.2,79.2,128,N/A , N/A , N/A,15,falling,-22.2,-36.5,-3.3
"Garrard County, Kentucky(7)",21079,Rural,101.1,84.1,121.1,N/A , N/A , N/A,26,stable,-0.3,-1.8,1.5
"Clay County, Arkansas(2)",5021,Rural,100.9,83.3,121.8,N/A , N/A , N/A,24,stable,1.2,-0.9,3.4
"Putnam County, Missouri(2)",29171,Rural,100.8,69.5,143.3,N/A , N/A , N/A,7,stable,1.1,-2.6,5.1
"Buena Vista City, Virginia(2)",51530,Rural,100.7,74.3,134.8,N/A , N/A , N/A,10,*,*,*,*
"Sharp County, Arkansas(2)",5135,Rural,100.4,84.9,118.6,N/A , N/A , N/A,32,stable,1.0,-1.3,3.5
"Hart County, Kentucky(7)",21099,Rural,100.1,83.4,119.5,N/A , N/A , N/A,27,stable,0.0,-1.6,1.9
"Breathitt County, Kentucky(7)",21025,Rural,100,80.5,123.2,N/A , N/A , N/A,20,stable,-0.6,-3.3,2.4
"Hickman County, Tennessee(2)",47081,Urban,99.9,85.4,116.5,N/A , N/A , N/A,35,stable,0.1,-1.6,2.1
"Gladwin County, Michigan(2)",26051,Rural,99.8,86.8,114.7,N/A , N/A , N/A,48,stable,1.1,-0.7,3.1
"Menominee County, Wisconsin(2)",55078,Rural,99.5,62.5,151.2,N/A , N/A , N/A,5,*,*,*,*
"Metcalfe County, Kentucky(7)",21169,Rural,99.4,78.4,125.2,N/A , N/A , N/A,16,stable,-0.6,-2.5,1.5
"Logan County, Arkansas(2)",5083,Rural,99.4,84.4,116.7,N/A , N/A , N/A,33,stable,0.0,-1.9,1.9
"McLean County, Kentucky(7)",21149,Urban,99.4,77.1,127.1,N/A , N/A , N/A,14,stable,-0.2,-2.2,2.1
"Boone County, West Virginia(2)",54005,Urban,99.3,84.5,116.4,N/A , N/A , N/A,34,stable,-1.1,-2.5,0.3
"Montgomery County, Missouri(2)",29139,Rural,99.2,78.7,124.2,N/A , N/A , N/A,17,stable,-11.9,-23.3,1.1
"Allen County, Kentucky(7)",21003,Urban,99.2,83.3,117.4,N/A , N/A , N/A,29,stable,0.0,-1.6,1.8
"Galax City, Virginia(2)",51640,Rural,99.1,70.9,135.4,N/A , N/A , N/A,9,stable,2.6,-0.8,6.4
"Bath County, Kentucky(7)",21011,Rural,98.9,78.6,123.3,N/A , N/A , N/A,17,stable,0.8,-0.8,2.8
"Bell County, Kentucky(7)",21013,Rural,98.9,84.4,115.5,N/A , N/A , N/A,35,stable,-0.8,-2.8,1.2
"Kanabec County, Minnesota(2)",27065,Rural,98.9,82,118.8,N/A , N/A , N/A,25,rising,6.7,0.6,26.5
"Lawrence County, Ohio(2)",39087,Urban,98.8,89.5,108.9,N/A , N/A , N/A,86,stable,-0.2,-1.6,1.2
"Carlisle County, Kentucky(7)",21039,Urban,98.6,69,138.6,N/A , N/A , N/A,7,stable,-1.1,-4.5,2.4
"Calhoun County, Mississippi(2)",28013,Rural,98.4,79.2,121.3,N/A , N/A , N/A,19,stable,0.9,-1.2,3.0
"Rolette County, North Dakota(2)",38079,Rural,98.4,74.2,127.9,N/A , N/A , N/A,12,stable,0.2,-3.1,3.5
"Washington County, Missouri(2)",29221,Rural,98.4,83.4,115.4,N/A , N/A , N/A,32,stable,-0.4,-2.0,1.4
"Pike County, Ohio(2)",39131,Rural,98.3,84.8,113.6,N/A , N/A , N/A,39,stable,0.6,-0.5,1.8
"McDowell County, West Virginia(2)",54047,Rural,98.3,82.7,116.5,N/A , N/A , N/A,30,stable,-1.0,-2.4,0.2
"Russell County, Kentucky(7)",21207,Rural,98.1,82.2,116.8,N/A , N/A , N/A,28,stable,-0.7,-2.2,0.9
"Johnson County, Kentucky(7)",21115,Rural,98,83,115.2,N/A , N/A , N/A,32,stable,-1.1,-2.3,0.3
"Barren County, Kentucky(7)",21009,Rural,97.6,86.6,109.6,N/A , N/A , N/A,60,stable,0.4,-0.3,1.2
"Polk County, Texas(7)",48373,Rural,97.5,85.9,110.3,N/A , N/A , N/A,66,falling,-7.6,-12.8,-1.8
"Shelby County, Missouri(2)",29205,Rural,97.5,71,132.3,N/A , N/A , N/A,10,stable,1.5,-1.6,4.8
"Lincoln County, Kentucky(7)",21137,Rural,97.3,83,113.6,N/A , N/A , N/A,34,stable,-1.5,-3.3,0.5
"Crawford County, Missouri(2)",29055,Rural,96.9,82.7,113.2,N/A , N/A , N/A,34,falling,-9.9,-16.5,-0.9
"Sussex County, Virginia(2)",51183,Urban,96.5,75.4,122.6,N/A , N/A , N/A,15,stable,-14.2,-28.9,2.6
"Ohio County, Kentucky(7)",21183,Rural,96.4,81.8,113.2,N/A , N/A , N/A,32,stable,-0.4,-1.8,1.2
"Oswego County, New York(7)",36075,Urban,96.2,89.2,103.5,N/A , N/A , N/A,152,stable,0.1,-0.6,0.8
"Trimble County, Kentucky(7)",21223,Rural,96.1,71.6,127,N/A , N/A , N/A,11,stable,1.8,-0.2,4.4
"Jennings County, Indiana(2)",18079,Rural,95.8,82,111.5,N/A , N/A , N/A,36,stable,0.2,-1.4,1.9
"Logan County, West Virginia(2)",54045,Rural,95.8,83.7,109.4,N/A , N/A , N/A,49,stable,-1.2,-2.6,0.3
"Stoddard County, Missouri(2)",29207,Rural,95.8,83,110.1,N/A , N/A , N/A,42,stable,-0.7,-4.4,0.3
"Grainger County, Tennessee(2)",47057,Urban,95.7,82,111.4,N/A , N/A , N/A,37,stable,2.8,-0.7,14.9
"Vermillion County, Indiana(2)",18165,Urban,95.7,78.4,116.1,N/A , N/A , N/A,22,stable,0.9,-1.4,3.4
"Iron County, Missouri(2)",29093,Rural,95.4,74.4,121.7,N/A , N/A , N/A,15,stable,0.3,-2.1,3.0
"Palo Alto County, Iowa(7)",19147,Rural,95.4,73.6,122.5,N/A , N/A , N/A,14,stable,1.3,-0.1,2.8
"Butler County, Missouri(2)",29023,Rural,95.3,84.3,107.4,N/A , N/A , N/A,57,stable,-0.9,-2.0,0.1
"Scott County, Indiana(2)",18143,Rural,95.2,80.7,111.9,N/A , N/A , N/A,32,stable,-1.7,-3.7,0.3
"Kalkaska County, Michigan(2)",26079,Urban,95.1,79.3,113.7,N/A , N/A , N/A,28,rising,12.4,0.4,22.4
"Vinton County, Ohio(2)",39163,Rural,94.9,76.2,117.6,N/A , N/A , N/A,19,stable,-1.3,-3.6,1.1
"Mason County, Kentucky(7)",21161,Rural,94.9,77.3,115.5,N/A , N/A , N/A,22,falling,-2.9,-12.2,-0.2
"Logan County, Illinois(7)",17107,Rural,94.8,81.7,109.7,N/A , N/A , N/A,39,rising,2.1,0.7,3.8
"Vermilion County, Illinois(7)",17183,Rural,94.8,86.6,103.7,N/A , N/A , N/A,104,stable,0.0,-1.2,1.2
"Putnam County, Florida(2)",12107,Rural,94.4,86.6,102.8,N/A , N/A , N/A,118,stable,-0.8,-2.0,0.3
"Meigs County, Ohio(2)",39105,Rural,94.3,79.8,111,N/A , N/A , N/A,32,stable,0.2,-1.5,2.0
"Breckinridge County, Kentucky(7)",21027,Rural,94.2,79.6,111,N/A , N/A , N/A,31,stable,0.6,-0.9,2.3
"Morgan County, Ohio(2)",39115,Rural,93.9,77.1,114,N/A , N/A , N/A,22,stable,1.8,-0.3,4.1
"Gilchrist County, Florida(2)",12041,Urban,93.8,78.5,111.7,N/A , N/A , N/A,27,stable,-0.2,-2.2,2.0
"Cumberland County, Kentucky(7)",21057,Rural,93.8,67.5,128.5,N/A , N/A , N/A,9,stable,1.5,-1.5,5.1
"Hardin County, Illinois(7)",17069,Rural,93.6,63.2,138.3,N/A , N/A , N/A,7,*,*,*,*
"Heard County, Georgia(7)",13149,Urban,93.5,73.3,118.3,N/A , N/A , N/A,15,stable,-0.5,-2.2,1.6
"Chattooga County, Georgia(7)",13055,Rural,93.5,79.5,109.4,N/A , N/A , N/A,33,stable,0.3,-1.1,1.8
"Real County, Texas(7)",48385,Rural,93.3,59.3,146.7,N/A , N/A , N/A,5,*,*,*,*
"Pike County, Illinois(7)",17149,Rural,93.2,76,113.7,N/A , N/A , N/A,21,stable,0.9,-1.0,3.0
"Macon County, Tennessee(2)",47111,Urban,93.1,78.5,109.9,N/A , N/A , N/A,30,stable,-0.2,-1.9,1.6
"Knott County, Kentucky(7)",21119,Rural,93.1,75.5,114.1,N/A , N/A , N/A,21,falling,-3.2,-9.2,-0.8
"Colleton County, South Carolina(2)",45029,Rural,92.9,81.8,105.3,N/A , N/A , N/A,54,stable,-0.9,-2.7,1.0
"Orleans County, New York(7)",36073,Urban,92.8,81.7,105.1,N/A , N/A , N/A,54,stable,0.8,-0.7,2.6
"Nome Census Area, Alaska(2)",2180,Rural,92.7,57.4,139.5,N/A , N/A , N/A,6,falling,-2.7,-5.5,-0.2
"Laurel County, Kentucky(7)",21125,Rural,92.7,83.4,102.9,N/A , N/A , N/A,75,stable,-0.3,-1.5,1.2
"Ross County, Ohio(2)",39141,Rural,92.7,84.6,101.5,N/A , N/A , N/A,100,stable,0.4,-0.7,1.6
"Morgan County, Illinois(7)",17137,Rural,92.6,80.8,105.7,N/A , N/A , N/A,47,stable,0.5,-0.6,1.7
"Marion County, Illinois(7)",17121,Rural,92.5,81.3,104.9,N/A , N/A , N/A,52,stable,-0.1,-1.0,0.8
"Wilkin County, Minnesota(2)",27167,Rural,92.3,66.6,126.1,N/A , N/A , N/A,9,rising,7.1,3.5,20.8
"Taylor County, Florida(2)",12123,Rural,92.2,77.7,109,N/A , N/A , N/A,30,stable,-1.1,-2.3,0.2
"Benson County, North Dakota(2)",38005,Rural,92.2,62.5,131.9,N/A , N/A , N/A,6,stable,3.8,-0.1,8.8
"Prentiss County, Mississippi(2)",28117,Rural,92.2,78.1,108.3,N/A , N/A , N/A,31,stable,-0.1,-2.9,2.8
"Ottawa County, Oklahoma(2)",40115,Rural,92,79.2,106.5,N/A , N/A , N/A,39,stable,-0.7,-2.3,0.8
"Jackson County, Tennessee(2)",47087,Rural,92,73.6,114.6,N/A , N/A , N/A,19,stable,-1.1,-3.5,1.5
"Pike County, Arkansas(2)",5109,Rural,91.9,71.2,117.5,N/A , N/A , N/A,14,stable,0.6,-0.9,2.2
"Marshall County, Tennessee(2)",47117,Rural,91.9,79.5,105.8,N/A , N/A , N/A,41,stable,0.4,-1.3,2.3
"Wyoming County, West Virginia(2)",54109,Rural,91.9,77.1,109,N/A , N/A , N/A,31,falling,-1.2,-2.4,-0.1
"San Jacinto County, Texas(7)",48407,Urban,91.8,79.1,106.2,N/A , N/A , N/A,41,stable,-0.7,-2.1,0.7
"Muhlenberg County, Kentucky(7)",21177,Rural,91.6,79.5,105.2,N/A , N/A , N/A,43,stable,-0.9,-2.2,0.4
"Claiborne County, Tennessee(2)",47025,Rural,91.5,79.7,104.8,N/A , N/A , N/A,45,stable,-0.9,-2.6,0.8
"Lewis County, West Virginia(2)",54041,Rural,91.4,75.3,110.5,N/A , N/A , N/A,24,stable,-1.0,-4.0,2.0
"Crenshaw County, Alabama(2)",1041,Rural,91.4,72.6,114.1,N/A , N/A , N/A,17,rising,3.5,1.3,6.3
"Rhea County, Tennessee(2)",47143,Rural,91.3,79.3,104.9,N/A , N/A , N/A,43,stable,-0.4,-1.8,1.1
"Clare County, Michigan(2)",26035,Rural,91.2,80,103.9,N/A , N/A , N/A,52,stable,0.0,-1.4,1.3
"Drew County, Arkansas(2)",5043,Rural,91.2,74.5,110.8,N/A , N/A , N/A,22,stable,-0.8,-2.7,1.2
"Monroe County, Tennessee(2)",47123,Rural,91.2,81.3,102,N/A , N/A , N/A,68,stable,-0.1,-1.7,1.6
"Kittson County, Minnesota(2)",27069,Rural,91,59.5,135.9,N/A , N/A , N/A,6,stable,0.9,-3.8,5.6
"Clay County, West Virginia(2)",54015,Urban,91,68.8,119.4,N/A , N/A , N/A,12,stable,0.6,-1.9,10.2
"Perry County, Arkansas(2)",5105,Urban,91,70.7,116.3,N/A , N/A , N/A,14,falling,-2.8,-14.5,-0.2
"Clay County, Illinois(7)",17025,Rural,90.6,72.9,112,N/A , N/A , N/A,18,stable,0.6,-1.2,2.6
"Jackson County, Kentucky(7)",21109,Rural,90.5,71.7,113.4,N/A , N/A , N/A,17,stable,0.2,-2.1,2.8
"Ray County, Missouri(2)",29177,Urban,90.3,76.3,106.5,N/A , N/A , N/A,31,stable,-0.9,-2.2,0.5
"Marion County, Missouri(2)",29127,Rural,90.3,77.3,105,N/A , N/A , N/A,36,stable,-0.2,-1.4,1.1
"Piscataquis County, Maine(2)",23021,Rural,90.2,75.5,107.8,N/A , N/A , N/A,30,stable,0.2,-1.6,2.1
"Coal County, Oklahoma(2)",40029,Rural,90.1,63.4,126.2,N/A , N/A , N/A,8,stable,-2.1,-5.1,0.7
"Benton County, Indiana(2)",18007,Urban,90.1,67.6,118.4,N/A , N/A , N/A,11,stable,-1.2,-3.2,0.9
"Fremont County, Iowa(7)",19071,Rural,90,65.6,122.1,N/A , N/A , N/A,10,stable,0.6,-0.8,2.2
"Hocking County, Ohio(2)",39073,Urban,90,77.5,104.2,N/A , N/A , N/A,39,stable,-0.5,-2.4,1.4
"Amelia County, Virginia(2)",51007,Urban,90,72.8,110.8,N/A , N/A , N/A,20,stable,-0.4,-2.0,1.4
"Adams County, Ohio(2)",39001,Rural,90,77.1,104.7,N/A , N/A , N/A,36,stable,1.1,-1.0,3.5
"Dixie County, Florida(2)",12029,Rural,89.9,75.1,107.5,N/A , N/A , N/A,27,stable,-1.1,-2.3,0.1
"Crittenden County, Kentucky(7)",21055,Rural,89.9,68.8,116.5,N/A , N/A , N/A,13,stable,-0.9,-2.8,1.2
"Macon County, Illinois(7)",17115,Urban,89.6,82.9,96.7,N/A , N/A , N/A,141,stable,-0.8,-5.3,0.3
"Dent County, Missouri(2)",29065,Rural,89.6,73.5,108.8,N/A , N/A , N/A,22,stable,-0.8,-3.3,1.9
"New Madrid County, Missouri(2)",29143,Rural,89.5,73.5,108.6,N/A , N/A , N/A,22,stable,-1.1,-3.2,1.0
"Bullitt County, Kentucky(7)",21029,Urban,89.5,81.4,98.2,N/A , N/A , N/A,96,stable,-0.5,-1.3,0.4
"Latimer County, Oklahoma(2)",40077,Rural,89.5,69.6,114.5,N/A , N/A , N/A,14,stable,0.3,-2.4,3.2
"Lincoln County, Arkansas(2)",5079,Rural,89.5,69.4,113.9,N/A , N/A , N/A,14,stable,-0.2,-3.8,3.7
"Edmonson County, Kentucky(7)",21061,Urban,89.3,71.3,111.4,N/A , N/A , N/A,18,stable,-1.6,-3.7,0.5
"Mississippi County, Arkansas(2)",5093,Rural,89.1,77.4,102,N/A , N/A , N/A,44,stable,0.4,-1.2,2.1
"Randolph County, Missouri(2)",29175,Rural,89.1,74.9,105.3,N/A , N/A , N/A,29,stable,1.1,-0.9,3.2
"Pawnee County, Oklahoma(2)",40117,Urban,89,72.5,108.7,N/A , N/A , N/A,21,stable,0.2,-3.2,4.0
"Calhoun County, Arkansas(2)",5013,Rural,89,60.7,128.6,N/A , N/A , N/A,7,stable,1.9,-1.4,5.7
"Montgomery County, Illinois(7)",17135,Rural,89,76.4,103.3,N/A , N/A , N/A,38,stable,0.7,-0.8,2.3
"Evangeline Parish, Louisiana(7)",22039,Rural,89,76.4,103.1,N/A , N/A , N/A,37,stable,-0.1,-1.0,0.8
"Lincoln County, Missouri(2)",29113,Urban,88.8,78.9,99.7,N/A , N/A , N/A,62,stable,-0.5,-2.3,1.5
"Saline County, Missouri(2)",29195,Rural,88.8,74.2,105.7,N/A , N/A , N/A,27,stable,0.0,-2.8,2.9
"Camp County, Texas(7)",48063,Rural,88.8,69.2,112.6,N/A , N/A , N/A,15,stable,0.1,-2.1,2.6
"Boyd County, Kentucky(7)",21019,Urban,88.6,79,99.3,N/A , N/A , N/A,64,stable,-0.8,-1.7,0.2
"Clark County, Arkansas(2)",5019,Rural,88.6,73.1,106.7,N/A , N/A , N/A,24,rising,2.6,0.8,4.6
"Kenton County, Kentucky(7)",21117,Urban,88.5,82.6,94.8,N/A , N/A , N/A,176,falling,-1.3,-2.2,-0.4
"McDowell County, North Carolina(2)",37111,Rural,88.5,78.8,99.2,N/A , N/A , N/A,64,stable,0.3,-0.8,1.4
"Onslow County, North Carolina(2)",37133,Urban,88.5,81.9,95.5,N/A , N/A , N/A,139,stable,-0.4,-1.4,0.7
"Richmond County, North Carolina(2)",37153,Rural,88.4,77.9,100.1,N/A , N/A , N/A,54,stable,-0.2,-1.5,1.1
"Fountain County, Indiana(2)",18045,Rural,88.4,72.7,106.9,N/A , N/A , N/A,23,stable,-0.4,-2.5,1.7
"Crockett County, Tennessee(2)",47033,Urban,88.3,70.2,110,N/A , N/A , N/A,17,stable,0.6,-2.0,3.4
"Humphreys County, Tennessee(2)",47085,Rural,88.2,73.4,105.7,N/A , N/A , N/A,26,stable,-1.3,-3.5,0.9
"Quitman County, Mississippi(2)",28119,Rural,88.2,62,123.1,N/A , N/A , N/A,8,stable,-0.2,-3.3,2.8
"Marshall County, Mississippi(2)",28093,Urban,88.2,76.4,101.5,N/A , N/A , N/A,43,rising,1.3,0.1,2.6
"Wayne County, West Virginia(2)",54099,Urban,88.1,77.8,99.7,N/A , N/A , N/A,55,stable,-0.7,-1.8,0.3
"Gilmer County, West Virginia(2)",54021,Rural,88,64,119.5,N/A , N/A , N/A,9,stable,1.2,-2.9,5.8
"Pulaski County, Kentucky(7)",21199,Rural,88,79.6,97.1,N/A , N/A , N/A,85,stable,-0.7,-1.9,0.6
"Scott County, Tennessee(2)",47151,Rural,87.9,73,105.2,N/A , N/A , N/A,25,stable,-1.1,-3.0,0.9
"DeKalb County, Tennessee(2)",47041,Rural,87.9,73.1,105.1,N/A , N/A , N/A,26,stable,-0.3,-2.6,2.2
"Lewis County, Kentucky(7)",21135,Rural,87.8,69.5,109.9,N/A , N/A , N/A,17,stable,-0.6,-2.5,1.6
"Jackson County, Ohio(2)",39079,Rural,87.7,75.7,101.3,N/A , N/A , N/A,40,stable,0.1,-1.4,1.8
"Mercer County, Illinois(7)",17131,Urban,87.7,71.9,106.6,N/A , N/A , N/A,22,stable,1.4,-0.4,3.4
"Mason County, West Virginia(2)",54053,Rural,87.7,75.2,102,N/A , N/A , N/A,37,stable,-0.1,-1.7,1.6
"Cass County, Illinois(7)",17017,Rural,87.6,68.6,110.8,N/A , N/A , N/A,15,stable,0.4,-1.5,2.5
"Iron County, Wisconsin(2)",55051,Rural,87.5,66.9,116.8,N/A , N/A , N/A,13,stable,0.5,-1.1,2.3
"Dinwiddie County, Virginia(2)",51053,Urban,87.5,74.4,102.4,N/A , N/A , N/A,35,stable,-0.3,-2.8,2.6
"Owen County, Kentucky(7)",21187,Rural,87.4,68.4,110.9,N/A , N/A , N/A,15,stable,-0.6,-3.0,2.0
"Stark County, Illinois(7)",17175,Urban,87.4,61.3,122.8,N/A , N/A , N/A,8,stable,1.4,-2.3,5.6
"Randolph County, Arkansas(2)",5121,Rural,87.3,71.8,105.6,N/A , N/A , N/A,23,stable,0.4,-1.7,2.7
"Perry County, Ohio(2)",39127,Urban,87.2,75.7,100.3,N/A , N/A , N/A,44,stable,0.5,-0.9,2.1
"Ouachita County, Arkansas(2)",5103,Rural,87.2,73.4,103.1,N/A , N/A , N/A,30,stable,-0.6,-3.4,2.2
"Letcher County, Kentucky(7)",21133,Rural,87.2,73.1,103.5,N/A , N/A , N/A,29,falling,-2.0,-3.2,-0.8
"Miller County, Georgia(7)",13201,Rural,87.1,60.5,122.7,N/A , N/A , N/A,8,stable,-0.5,-3.9,2.9
"Oregon County, Missouri(2)",29149,Rural,87.1,66,114,N/A , N/A , N/A,13,stable,2.1,-0.8,5.4
"Chariton County, Missouri(2)",29041,Rural,87.1,63.8,117.5,N/A , N/A , N/A,11,stable,1.3,-2.1,5.0
"Henry County, Missouri(2)",29083,Rural,87.1,73.7,102.6,N/A , N/A , N/A,32,falling,-2.1,-3.9,-0.5
"De Witt County, Illinois(7)",17039,Rural,86.9,70.4,106.5,N/A , N/A , N/A,20,stable,0.2,-1.3,1.8
"Pierce County, Georgia(7)",13229,Rural,86.9,71.3,105.1,N/A , N/A , N/A,23,stable,-0.9,-3.6,2.3
"Johnson County, Arkansas(2)",5071,Rural,86.8,73.2,102.3,N/A , N/A , N/A,30,stable,-0.4,-2.4,1.8
"Marlboro County, South Carolina(2)",45069,Rural,86.7,73.4,101.9,N/A , N/A , N/A,32,stable,-0.3,-3.0,2.5
"Somerset County, Maine(2)",23025,Rural,86.6,77.8,96.4,N/A , N/A , N/A,74,stable,0.1,-1.2,1.5
"Campbell County, Kentucky(7)",21037,Urban,86.6,79.1,94.7,N/A , N/A , N/A,104,stable,-1.0,-2.3,0.3
"Haskell County, Oklahoma(2)",40061,Rural,86.6,67.9,109.6,N/A , N/A , N/A,15,stable,0.1,-2.4,2.8
"Nelson County, Kentucky(7)",21179,Urban,86.6,76.2,98.1,N/A , N/A , N/A,53,stable,0.0,-1.3,1.6
"Van Buren County, Iowa(7)",19177,Rural,86.5,63.6,116.5,N/A , N/A , N/A,10,rising,1.8,0.5,3.3
"Morgan County, West Virginia(2)",54065,Urban,86.5,71.7,104.3,N/A , N/A , N/A,26,stable,-0.4,-3.0,2.5
"Clay County, Alabama(2)",1027,Rural,86.4,70,106.2,N/A , N/A , N/A,20,stable,-0.5,-2.6,1.7
"Macoupin County, Illinois(7)",17117,Urban,86.4,76.7,97.1,N/A , N/A , N/A,61,stable,0.8,-0.5,2.1
"Quitman County, Georgia(7)",13239,Rural,86.4,50.3,147.8,N/A , N/A , N/A,4,*,*,*,*
"Smith County, Tennessee(2)",47159,Urban,86.2,71,104,N/A , N/A , N/A,24,stable,-1.8,-8.6,0.2
"Fayette County, West Virginia(2)",54019,Urban,86.1,76,97.4,N/A , N/A , N/A,56,stable,-0.7,-1.8,0.4
"Brantley County, Georgia(7)",13025,Urban,86,70.4,104.5,N/A , N/A , N/A,22,stable,-0.1,-2.0,2.2
"Harrison County, West Virginia(2)",54033,Rural,86,77.8,94.9,N/A , N/A , N/A,85,stable,-0.3,-0.8,0.2
"Bledsoe County, Tennessee(2)",47007,Rural,86,69.6,105.8,N/A , N/A , N/A,20,stable,0.7,-1.4,3.3
"Brown County, Ohio(2)",39015,Urban,86,75.9,97.1,N/A , N/A , N/A,55,stable,-0.9,-2.4,0.7
"Highland County, Ohio(2)",39071,Rural,85.9,75.8,97.2,N/A , N/A , N/A,54,stable,0.3,-0.7,1.5
"Fulton County, Illinois(7)",17057,Rural,85.8,74.6,98.5,N/A , N/A , N/A,44,stable,-0.1,-1.3,1.1
"Taylor County, West Virginia(2)",54091,Rural,85.8,70.3,104.3,N/A , N/A , N/A,22,stable,0.7,-1.6,3.1
"Henry County, Indiana(2)",18065,Rural,85.7,76.3,96.1,N/A , N/A , N/A,62,stable,0.0,-0.9,0.9
"Macon County, Missouri(2)",29121,Rural,85.7,69.6,105,N/A , N/A , N/A,21,falling,-13.6,-26.2,-2.5
"Pushmataha County, Oklahoma(2)",40127,Rural,85.7,67.5,108.3,N/A , N/A , N/A,16,stable,5.0,-3.1,25.8
"Murray County, Georgia(7)",13213,Urban,85.7,74.3,98.4,N/A , N/A , N/A,43,falling,-1.7,-3.0,-0.3
"Pemiscot County, Missouri(2)",29155,Rural,85.7,68.8,105.8,N/A , N/A , N/A,18,stable,-0.3,-2.9,2.2
"Anderson County, Kentucky(7)",21005,Rural,85.7,71.5,102.1,N/A , N/A , N/A,27,stable,-1.3,-3.6,1.3
"St. Clair County, Missouri(2)",29185,Rural,85.6,67.1,109.2,N/A , N/A , N/A,15,stable,-1.1,-4.3,2.2
"Tate County, Mississippi(2)",28137,Urban,85.6,72.5,100.5,N/A , N/A , N/A,32,stable,1.3,-0.5,3.1
"Elbert County, Georgia(7)",13105,Rural,85.6,71,102.7,N/A , N/A , N/A,26,stable,-0.1,-1.5,1.5
"Calloway County, Kentucky(7)",21035,Rural,85.6,74.1,98.6,N/A , N/A , N/A,41,stable,0.4,-1.1,2.3
"Yadkin County, North Carolina(2)",37197,Urban,85.5,75.1,97.2,N/A , N/A , N/A,50,stable,1.1,-1.0,3.4
"Grant County, Indiana(2)",18053,Rural,85.4,77,94.6,N/A , N/A , N/A,80,stable,0.0,-1.0,1.1
"Warren County, Tennessee(2)",47177,Rural,85.4,74.8,97.2,N/A , N/A , N/A,48,stable,0.6,-1.0,2.5
"Starke County, Indiana(2)",18149,Rural,85.4,72.3,100.5,N/A , N/A , N/A,32,stable,-11.5,-25.0,1.7
"Clinch County, Georgia(7)",13065,Rural,85.4,60.1,118.7,N/A , N/A , N/A,8,stable,-1.8,-3.9,0.4
"Clinton County, Ohio(2)",39027,Rural,85.3,74.8,97.1,N/A , N/A , N/A,49,stable,0.0,-1.6,1.7
"Pottawatomie County, Oklahoma(2)",40125,Rural,85.3,76.9,94.4,N/A , N/A , N/A,78,stable,0.2,-1.0,1.5
"Johnston County, Oklahoma(2)",40069,Rural,85.3,64.7,110.8,N/A , N/A , N/A,12,stable,-0.4,-2.8,2.0
"Prince Edward County, Virginia(2)",51147,Rural,85.2,69.5,103.7,N/A , N/A , N/A,22,stable,0.0,-2.3,2.4
"Christian County, Kentucky(7)",21047,Urban,85.1,75.6,95.5,N/A , N/A , N/A,59,stable,-0.4,-1.4,0.6
"Morgan County, Kentucky(7)",21175,Rural,85.1,67.3,106.7,N/A , N/A , N/A,17,stable,-0.1,-1.5,1.4
"Jackson County, West Virginia(2)",54035,Rural,85,72.8,98.9,N/A , N/A , N/A,36,stable,-0.4,-2.2,1.5
"Grant County, Arkansas(2)",5053,Urban,85,69.8,102.9,N/A , N/A , N/A,22,stable,-14.2,-26.3,0.6
"Ware County, Georgia(7)",13299,Rural,84.9,73.3,97.9,N/A , N/A , N/A,40,stable,0.3,-1.0,1.8
"Pleasants County, West Virginia(2)",54073,Rural,84.8,62.1,114.4,N/A , N/A , N/A,10,stable,0.6,-2.5,4.0
"Pontotoc County, Mississippi(2)",28115,Rural,84.8,71.9,99.4,N/A , N/A , N/A,32,stable,1.0,-0.7,2.9
"Lake County, Michigan(2)",26085,Rural,84.7,68.1,105.4,N/A , N/A , N/A,20,stable,-0.5,-2.6,1.7
"Lancaster County, Virginia(2)",51103,Rural,84.7,66.2,108.5,N/A , N/A , N/A,20,rising,1.9,0.2,3.7
"Okmulgee County, Oklahoma(2)",40111,Urban,84.7,73.7,97,N/A , N/A , N/A,44,falling,-1.5,-4.5,-0.5
"Morgan County, Missouri(2)",29141,Rural,84.6,71.3,100.2,N/A , N/A , N/A,31,stable,-0.5,-2.5,1.5
"Marion County, Kentucky(7)",21155,Rural,84.6,69.1,102.7,N/A , N/A , N/A,22,stable,0.0,-1.5,1.8
"Morris County, Texas(7)",48343,Rural,84.5,66.4,106.6,N/A , N/A , N/A,16,stable,0.5,-2.5,3.7
"Louisa County, Iowa(7)",19115,Rural,84.5,65,108.7,N/A , N/A , N/A,13,stable,0.2,-1.4,2.0
"Penobscot County, Maine(2)",23019,Urban,84.5,79,90.2,N/A , N/A , N/A,189,stable,-0.6,-1.5,0.3
"Tyrrell County, North Carolina(2)",37177,Rural,84.5,54.6,129.5,N/A , N/A , N/A,5,*,*,*,*
"Chester County, South Carolina(2)",45023,Urban,84.5,72.6,97.9,N/A , N/A , N/A,38,stable,-0.4,-2.2,1.3
"Monroe County, Kentucky(7)",21171,Rural,84.4,65.9,107.4,N/A , N/A , N/A,15,stable,0.3,-2.6,3.7
"Hopewell City, Virginia(2)",51670,Urban,84.4,69.8,101.4,N/A , N/A , N/A,24,stable,-1.5,-3.1,0.0
"Simpson County, Kentucky(7)",21213,Rural,84.4,69.1,102.3,N/A , N/A , N/A,22,stable,-1.3,-3.1,0.8
"Bollinger County, Missouri(2)",29017,Urban,84.4,66.2,107.1,N/A , N/A , N/A,15,stable,0.0,-2.5,2.4
"Lanier County, Georgia(7)",13173,Urban,84.4,63.1,111.2,N/A , N/A , N/A,11,stable,-1.1,-3.1,1.3
"Menifee County, Kentucky(7)",21165,Rural,84.4,61,115.9,N/A , N/A , N/A,9,falling,-3.8,-16.6,-0.3
"Taylor County, Kentucky(7)",21217,Rural,84.4,71,99.6,N/A , N/A , N/A,30,stable,-1.1,-2.4,0.3
"Jersey County, Illinois(7)",17083,Urban,84.3,70.1,100.9,N/A , N/A , N/A,26,stable,1.0,-1.6,4.1
"Sampson County, North Carolina(2)",37163,Rural,84.3,75.5,94,N/A , N/A , N/A,69,stable,0.4,-0.8,1.7
"Hawkins County, Tennessee(2)",47073,Urban,84.3,75.9,93.5,N/A , N/A , N/A,78,falling,-5.7,-12.2,-2.3
"Bates County, Missouri(2)",29013,Urban,84.2,68.2,103.3,N/A , N/A , N/A,20,stable,-0.1,-2.8,2.7
"Cleveland County, Arkansas(2)",5025,Rural,84.1,62,113,N/A , N/A , N/A,10,stable,1.2,-2.3,5.1
"Hardin County, Ohio(2)",39065,Rural,84.1,71.2,98.8,N/A , N/A , N/A,32,stable,0.9,-1.0,3.0
"Mayes County, Oklahoma(2)",40097,Rural,84.1,73.4,96.1,N/A , N/A , N/A,47,stable,-1.1,-2.2,0.1
"Greene County, Indiana(2)",18055,Rural,84,72.4,97.2,N/A , N/A , N/A,39,stable,0.4,-1.0,1.9
"McCurtain County, Oklahoma(2)",40089,Rural,84,71.9,97.7,N/A , N/A , N/A,36,stable,-1.4,-3.5,0.5
"Bath County, Virginia(2)",51017,Rural,83.9,57.6,123,N/A , N/A , N/A,7,stable,-24.8,-50.7,5.5
"Coleman County, Texas(7)",48083,Rural,83.9,63.2,111,N/A , N/A , N/A,12,stable,-1.5,-3.7,0.6
"Bradford County, Florida(2)",12007,Rural,83.9,71.3,98.3,N/A , N/A , N/A,33,stable,0.0,-1.9,2.0
"East Carroll Parish, Louisiana(7)",22035,Rural,83.8,58.3,117.3,N/A , N/A , N/A,7,stable,1.2,-0.9,3.7
"Clinton County, New York(7)",36019,Rural,83.8,76.3,92,N/A , N/A , N/A,95,falling,-12.0,-19.2,-3.4
"Morgan County, Indiana(2)",18109,Urban,83.7,75.7,92.5,N/A , N/A , N/A,83,stable,-0.8,-1.5,0.1
"Lee County, Kentucky(7)",21129,Rural,83.7,60.8,113.7,N/A , N/A , N/A,9,falling,-2.8,-4.7,-1.0
"Charlton County, Georgia(7)",13049,Rural,83.6,64.1,107.7,N/A , N/A , N/A,13,stable,1.2,-1.5,4.9
"Hot Spring County, Arkansas(2)",5059,Rural,83.6,72.4,96.3,N/A , N/A , N/A,41,stable,-1.3,-2.8,0.2
"Ritchie County, West Virginia(2)",54085,Rural,83.6,63.4,109.7,N/A , N/A , N/A,12,stable,0.3,-3.5,4.0
"Houston County, Tennessee(2)",47083,Rural,83.6,62.7,110.5,N/A , N/A , N/A,11,stable,1.1,-1.6,4.0
"Henry County, Kentucky(7)",21103,Urban,83.6,67.5,102.9,N/A , N/A , N/A,19,stable,-0.9,-2.7,1.1
"Livingston County, Missouri(2)",29117,Rural,83.5,66.7,103.6,N/A , N/A , N/A,18,stable,-1.2,-3.7,1.3
"Daviess County, Kentucky(7)",21059,Urban,83.4,76.5,90.8,N/A , N/A , N/A,112,falling,-2.8,-6.2,-1.5
"Roscommon County, Michigan(2)",26143,Rural,83.4,71.3,97.6,N/A , N/A , N/A,43,stable,0.2,-1.4,1.7
"Mercer County, Kentucky(7)",21167,Rural,83.3,70.1,98.7,N/A , N/A , N/A,29,falling,-1.6,-2.9,-0.1
"Okfuskee County, Oklahoma(2)",40107,Rural,83.3,64.5,106.5,N/A , N/A , N/A,14,stable,1.0,-1.3,3.5
"Logan County, Kentucky(7)",21141,Rural,83.3,70.9,97.4,N/A , N/A , N/A,33,falling,-2.9,-7.7,-1.9
"Hardin County, Kentucky(7)",21093,Urban,83.2,76.2,90.7,N/A , N/A , N/A,109,falling,-1.1,-2.0,-0.1
"Arkansas County, Arkansas(2)",5001,Rural,83.2,67.9,101.3,N/A , N/A , N/A,22,stable,0.3,-1.7,2.2
"Hitchcock County, Nebraska(2)",31087,Rural,83.1,48,139.6,N/A , N/A , N/A,4,*,*,*,*
"Page County, Iowa(7)",19145,Rural,83.1,67.9,101.4,N/A , N/A , N/A,22,stable,0.0,-1.1,1.1
"Jones County, North Carolina(2)",37103,Rural,83,64.3,107,N/A , N/A , N/A,14,stable,-1.1,-3.2,1.0
"Green County, Kentucky(7)",21087,Rural,83,65,105.4,N/A , N/A , N/A,15,stable,0.7,-0.7,2.4
"Franklin County, Arkansas(2)",5047,Rural,83,67.7,101.1,N/A , N/A , N/A,22,stable,0.0,-2.1,2.3
"Wapello County, Iowa(7)",19179,Rural,82.9,71.7,95.6,N/A , N/A , N/A,41,stable,0.3,-0.6,1.3
"Marshall County, Oklahoma(2)",40095,Rural,82.9,67.7,101.1,N/A , N/A , N/A,22,stable,-0.8,-3.3,1.8
"Wayne County, Georgia(7)",13305,Rural,82.8,70.2,97.2,N/A , N/A , N/A,32,stable,-1.4,-3.4,0.7
"Perry County, Illinois(7)",17145,Rural,82.8,68.5,99.5,N/A , N/A , N/A,25,stable,-0.2,-1.9,1.7
"Harper County, Oklahoma(2)",40059,Rural,82.8,49.8,132.6,N/A , N/A , N/A,4,stable,-0.5,-5.8,4.4
"King and Queen County, Virginia(2)",51097,Urban,82.7,59.5,114,N/A , N/A , N/A,9,stable,-1.6,-4.9,1.9
"Cocke County, Tennessee(2)",47029,Rural,82.7,72.5,94.2,N/A , N/A , N/A,50,stable,0.2,-1.6,2.2
"Robeson County, North Carolina(2)",37155,Rural,82.7,76.1,89.8,N/A , N/A , N/A,120,stable,-3.4,-8.8,0.2
"Iberville Parish, Louisiana(7)",22047,Urban,82.6,70.3,96.7,N/A , N/A , N/A,33,stable,0.4,-0.8,1.9
"Elliott County, Kentucky(7)",21063,Rural,82.6,60.1,112.2,N/A , N/A , N/A,9,stable,-0.3,-3.2,3.3
"Clark County, Kentucky(7)",21049,Urban,82.6,71.8,94.7,N/A , N/A , N/A,43,stable,-1.0,-2.6,0.7
"Gallia County, Ohio(2)",39053,Rural,82.6,70.8,95.9,N/A , N/A , N/A,37,stable,-0.5,-1.8,0.8
"Perry County, Mississippi(2)",28111,Urban,82.5,63.7,105.9,N/A , N/A , N/A,14,stable,-2.1,-13.2,1.0
"Walker County, Georgia(7)",13295,Urban,82.5,74.5,91.3,N/A , N/A , N/A,81,falling,-2.1,-3.1,-1.1
"Calhoun County, Florida(2)",12013,Rural,82.5,65.2,103.5,N/A , N/A , N/A,16,stable,-0.7,-2.6,1.2
"Highland County, Virginia(2)",51091,Rural,82.5,42,156.3,N/A , N/A , N/A,4,*,*,*,*
"Dyer County, Tennessee(2)",47045,Rural,82.5,71.5,94.9,N/A , N/A , N/A,42,stable,0.0,-1.4,1.5
"Macon County, Georgia(7)",13193,Rural,82.4,63.7,105.6,N/A , N/A , N/A,14,stable,-0.1,-2.5,2.5
"McIntosh County, Oklahoma(2)",40091,Rural,82.4,68.5,98.8,N/A , N/A , N/A,28,stable,-1.0,-3.5,1.4
"Casey County, Kentucky(7)",21045,Rural,82.4,67.2,100.6,N/A , N/A , N/A,21,stable,-1.2,-3.7,1.5
"Wayne County, Kentucky(7)",21231,Rural,82.4,68.3,99,N/A , N/A , N/A,26,stable,-0.7,-2.1,1.0
"Todd County, Kentucky(7)",21219,Rural,82.4,63.4,105.7,N/A , N/A , N/A,13,stable,0.2,-1.9,2.5
"Phillips County, Arkansas(2)",5107,Rural,82.4,66.9,100.9,N/A , N/A , N/A,21,stable,0.3,-2.4,3.0
"Wilkinson County, Georgia(7)",13319,Rural,82.3,61.5,108.8,N/A , N/A , N/A,11,stable,-1.4,-3.2,0.4
"Caldwell County, Kentucky(7)",21033,Rural,82.2,64.7,103.5,N/A , N/A , N/A,16,stable,-1.2,-3.5,1.2
"Levy County, Florida(2)",12075,Urban,82.2,73.2,92.1,N/A , N/A , N/A,66,falling,-2.9,-8.0,-1.5
"Larue County, Kentucky(7)",21123,Urban,82,65.2,102.4,N/A , N/A , N/A,17,stable,0.6,-1.5,3.1
"Oscoda County, Michigan(2)",26135,Rural,82,60.7,110,N/A , N/A , N/A,13,stable,0.6,-1.4,2.6
"Scotland County, North Carolina(2)",37165,Rural,82,70.6,94.9,N/A , N/A , N/A,39,stable,-0.3,-2.1,1.6
"Dickson County, Tennessee(2)",47043,Urban,82,72.7,92.3,N/A , N/A , N/A,59,stable,-0.2,-1.4,1.2
"Marshall County, Kentucky(7)",21157,Rural,82,70.9,94.6,N/A , N/A , N/A,42,stable,-0.5,-1.9,0.9
"Madison County, Georgia(7)",13195,Urban,82,69.8,95.7,N/A , N/A , N/A,34,stable,-0.4,-1.9,1.4
"Scioto County, Ohio(2)",39145,Rural,81.9,74.1,90.4,N/A , N/A , N/A,84,stable,-1.2,-2.4,0.0
"Trinity County, Texas(7)",48455,Rural,81.8,66.1,100.9,N/A , N/A , N/A,21,stable,0.3,-0.8,1.4
"Rowan County, Kentucky(7)",21205,Rural,81.8,67.3,98.6,N/A , N/A , N/A,23,stable,-0.4,-2.1,1.5
"Cleburne County, Arkansas(2)",5023,Rural,81.7,69.9,95.5,N/A , N/A , N/A,38,stable,0.3,-1.3,1.9
"Scott County, Missouri(2)",29201,Rural,81.7,71,93.8,N/A , N/A , N/A,43,stable,-1.1,-2.2,0.0
"Grenada County, Mississippi(2)",28043,Rural,81.7,67.6,98.2,N/A , N/A , N/A,25,stable,-0.3,-2.5,1.9
"New Kent County, Virginia(2)",51127,Urban,81.7,67.2,98.6,N/A , N/A , N/A,26,stable,-1.6,-4.0,1.3
"Caswell County, North Carolina(2)",37033,Rural,81.6,68.8,96.6,N/A , N/A , N/A,31,stable,-0.2,-2.8,2.6
"Greene County, Arkansas(2)",5055,Rural,81.6,71.5,92.8,N/A , N/A , N/A,48,stable,-0.5,-1.5,0.6
"Tishomingo County, Mississippi(2)",28141,Rural,81.6,67.5,98.3,N/A , N/A , N/A,24,stable,0.2,-2.1,2.7
"Benton County, Tennessee(2)",47005,Rural,81.6,66.8,99.3,N/A , N/A , N/A,23,stable,-0.7,-2.8,1.5
"Delaware County, Indiana(2)",18035,Urban,81.5,75,88.5,N/A , N/A , N/A,120,stable,0.0,-1.2,1.2
"Marion County, Arkansas(2)",5089,Rural,81.5,67.6,98.3,N/A , N/A , N/A,28,stable,0.6,-1.1,2.4
"Jefferson County, Missouri(2)",29099,Urban,81.5,76.8,86.5,N/A , N/A , N/A,239,falling,-0.9,-1.5,-0.3
"Orange County, Indiana(2)",18117,Rural,81.5,67.4,98.1,N/A , N/A , N/A,25,stable,-1.0,-3.7,1.8
"Graham County, North Carolina(2)",37075,Rural,81.4,61.3,107.6,N/A , N/A , N/A,12,stable,1.9,-1.2,5.6
"Wayne County, Tennessee(2)",47181,Rural,81.4,66.1,99.9,N/A , N/A , N/A,20,stable,-1.5,-14.4,2.4
"Marion County, Tennessee(2)",47115,Urban,81.4,69.6,94.9,N/A , N/A , N/A,36,stable,-0.6,-2.9,1.8
"Yancey County, North Carolina(2)",37199,Rural,81.4,67.8,97.5,N/A , N/A , N/A,27,stable,0.7,-1.6,3.2
"Long County, Georgia(7)",13183,Urban,81.3,59.8,107.5,N/A , N/A , N/A,11,stable,-0.1,-2.9,3.4
"Owen County, Indiana(2)",18119,Urban,81.3,67.8,97.1,N/A , N/A , N/A,27,stable,-1.3,-3.0,0.3
"Peoria County, Illinois(7)",17143,Urban,81.3,76.2,86.7,N/A , N/A , N/A,196,stable,-0.1,-0.8,0.6
"Doddridge County, West Virginia(2)",54017,Rural,81.3,60.5,108.7,N/A , N/A , N/A,11,stable,2.4,-1.7,8.4
"Buchanan County, Missouri(2)",29021,Urban,81.2,73.7,89.3,N/A , N/A , N/A,90,stable,-0.4,-1.6,0.8
"Pittsburg County, Oklahoma(2)",40121,Rural,81.2,71.5,92,N/A , N/A , N/A,53,stable,-1.0,-2.7,0.6
"Sequoyah County, Oklahoma(2)",40135,Urban,81.2,70.9,92.8,N/A , N/A , N/A,46,stable,-1.3,-3.5,0.9
"Carroll County, Tennessee(2)",47017,Rural,81.2,69,95.1,N/A , N/A , N/A,34,stable,0.2,-2.0,2.5
"Henderson County, Texas(7)",48213,Rural,81.1,74.3,88.6,N/A , N/A , N/A,110,stable,-1.0,-1.9,0.1
"Overton County, Tennessee(2)",47133,Rural,81.1,68,96.5,N/A , N/A , N/A,28,stable,-1.3,-3.5,0.9
"Smith County, Mississippi(2)",28129,Rural,81.1,64.2,101.6,N/A , N/A , N/A,17,stable,-0.5,-3.3,2.4
"Knox County, Illinois(7)",17095,Rural,81.1,72.3,90.8,N/A , N/A , N/A,65,stable,2.6,-0.9,10.7
"Crawford County, Arkansas(2)",5033,Urban,81.1,72.5,90.5,N/A , N/A , N/A,67,stable,0.4,-0.8,1.7
"Guernsey County, Ohio(2)",39059,Rural,81.1,70.8,92.5,N/A , N/A , N/A,48,stable,-9.2,-21.1,2.6
"Pulaski County, Indiana(2)",18131,Rural,81,63.9,102.1,N/A , N/A , N/A,16,stable,0.6,-1.5,2.7
"Union County, Illinois(7)",17181,Rural,81,66.4,98.4,N/A , N/A , N/A,23,falling,-3.8,-11.8,-0.7
"Bourbon County, Kentucky(7)",21017,Urban,81,67,97.4,N/A , N/A , N/A,24,stable,-0.6,-2.8,1.9
"Pulaski County, Missouri(2)",29169,Rural,81,68.9,94.4,N/A , N/A , N/A,34,stable,-1.0,-2.9,1.0
"Newton County, Indiana(2)",18111,Urban,81,64.8,100.6,N/A , N/A , N/A,18,stable,8.0,-1.6,14.8
"Marion County, West Virginia(2)",54049,Rural,81,72.3,90.5,N/A , N/A , N/A,66,stable,0.2,-1.5,1.9
"Lunenburg County, Virginia(2)",51111,Rural,80.9,63.6,102.2,N/A , N/A , N/A,16,stable,0.9,-1.8,3.8
"Rensselaer County, New York(7)",36083,Urban,80.8,75.4,86.5,N/A , N/A , N/A,177,stable,-0.3,-0.8,0.2
"Fayette County, Illinois(7)",17051,Rural,80.8,66.9,97,N/A , N/A , N/A,24,rising,5.9,0.5,19.6
"Rains County, Texas(7)",48379,Rural,80.8,63.6,102.1,N/A , N/A , N/A,17,stable,0.6,-1.4,3.0
"Ozark County, Missouri(2)",29153,Rural,80.8,61.6,105.9,N/A , N/A , N/A,14,stable,0.0,-2.3,2.5
"Woodruff County, Arkansas(2)",5147,Rural,80.8,57.7,111.8,N/A , N/A , N/A,9,stable,-1.1,-5.1,2.9
"Gasconade County, Missouri(2)",29073,Rural,80.7,65.3,99.4,N/A , N/A , N/A,20,stable,0.6,-1.0,2.3
"Cherokee County, Oklahoma(2)",40021,Rural,80.7,70.8,91.7,N/A , N/A , N/A,50,stable,0.1,-1.1,1.4
"Polk County, Georgia(7)",13233,Rural,80.7,70.1,92.5,N/A , N/A , N/A,43,stable,-0.9,-2.6,0.9
"Jefferson County, Tennessee(2)",47089,Urban,80.6,72.1,90,N/A , N/A , N/A,69,stable,0.3,-0.9,1.5
"Montgomery County, New York(7)",36057,Rural,80.6,71.3,90.9,N/A , N/A , N/A,57,stable,0.6,-0.4,1.8
"Marion County, Ohio(2)",39101,Rural,80.6,72.4,89.5,N/A , N/A , N/A,74,stable,-0.6,-1.9,0.8
"Wood County, West Virginia(2)",54107,Urban,80.3,73.5,87.7,N/A , N/A , N/A,106,stable,-0.8,-1.8,0.2
"Jackson County, Arkansas(2)",5067,Rural,80.2,64.4,99.2,N/A , N/A , N/A,18,falling,-9.9,-22.5,-3.3
"Obion County, Tennessee(2)",47131,Rural,80.2,68.9,93.1,N/A , N/A , N/A,38,stable,0.1,-1.4,1.7
"Tipton County, Tennessee(2)",47167,Urban,80.2,71.1,90.2,N/A , N/A , N/A,60,stable,0.0,-2.0,2.2
"Panola County, Mississippi(2)",28107,Rural,80.2,68.6,93.4,N/A , N/A , N/A,35,stable,0.3,-1.5,2.2
"Washington Parish, Louisiana(7)",22117,Rural,80.1,70.5,90.8,N/A , N/A , N/A,52,stable,-1.1,-2.2,0.0
"Monroe County, Arkansas(2)",5095,Rural,80,58.4,108.9,N/A , N/A , N/A,10,stable,-1.0,-3.7,1.4
"Edwards County, Illinois(7)",17047,Rural,80,55.5,113,N/A , N/A , N/A,8,stable,-0.7,-3.4,2.0
"Tippah County, Mississippi(2)",28139,Rural,80,65.9,96.4,N/A , N/A , N/A,24,stable,0.4,-2.0,3.0
"Bienville Parish, Louisiana(7)",22013,Rural,80,63,100.8,N/A , N/A , N/A,16,stable,0.0,-2.4,2.6
"Jasper County, Illinois(7)",17079,Rural,79.9,60.1,105.1,N/A , N/A , N/A,11,stable,-0.2,-2.4,2.2
"Alpena County, Michigan(2)",26007,Rural,79.9,68.6,92.8,N/A , N/A , N/A,40,stable,-0.1,-1.7,1.5
"Washington County, Ohio(2)",39167,Rural,79.8,71.9,88.5,N/A , N/A , N/A,78,stable,0.0,-1.3,1.4
"Hancock County, Kentucky(7)",21091,Rural,79.8,59.5,105.8,N/A , N/A , N/A,10,stable,0.2,-2.4,3.6
"Hardin County, Tennessee(2)",47071,Rural,79.8,68.2,93.3,N/A , N/A , N/A,36,stable,-0.7,-2.1,0.8
"Warren County, Missouri(2)",29219,Urban,79.7,68.9,92,N/A , N/A , N/A,41,stable,1.2,-0.5,3.3
"Meigs County, Tennessee(2)",47121,Rural,79.7,62.8,100.6,N/A , N/A , N/A,16,stable,-2.0,-6.9,0.5
"Lewis County, Missouri(2)",29111,Rural,79.7,59.9,104.7,N/A , N/A , N/A,11,stable,-1.8,-5.1,1.3
"Jefferson County, Arkansas(2)",5069,Rural,79.7,71.6,88.5,N/A , N/A , N/A,75,stable,0.2,-1.1,1.5
"Blackford County, Indiana(2)",18009,Rural,79.6,62.5,100.8,N/A , N/A , N/A,15,stable,-0.8,-3.0,1.5
"Cabell County, West Virginia(2)",54011,Urban,79.5,72.7,86.9,N/A , N/A , N/A,104,falling,-1.0,-1.7,-0.3
"Yazoo County, Mississippi(2)",28163,Urban,79.5,65.7,95.5,N/A , N/A , N/A,24,stable,-0.8,-2.5,0.9
"McCracken County, Kentucky(7)",21145,Urban,79.5,71.9,87.8,N/A , N/A , N/A,82,falling,-2.0,-3.5,-0.5
"Iosco County, Michigan(2)",26069,Rural,79.4,68.1,92.7,N/A , N/A , N/A,41,stable,-0.1,-1.9,1.7
"Randolph County, West Virginia(2)",54083,Rural,79.4,67.8,92.8,N/A , N/A , N/A,35,stable,1.3,-0.9,3.8
"Knox County, Missouri(2)",29103,Rural,79.4,51,121.4,N/A , N/A , N/A,5,stable,-0.6,-4.0,2.9
"Clinton County, Kentucky(7)",21053,Rural,79.3,60.3,103.6,N/A , N/A , N/A,12,falling,-13.7,-32.2,-1.1
"Forrest County, Mississippi(2)",28035,Urban,79.3,70.8,88.5,N/A , N/A , N/A,65,stable,-0.6,-1.6,0.4
"Appanoose County, Iowa(7)",19007,Rural,79.3,62.3,100.1,N/A , N/A , N/A,16,rising,1.2,0.1,2.6
"Fannin County, Texas(7)",48147,Rural,79.2,68.4,91.3,N/A , N/A , N/A,40,stable,-0.7,-2.1,0.8
"Gordon County, Georgia(7)",13129,Rural,79.2,70.1,89.1,N/A , N/A , N/A,57,stable,-1.0,-1.9,0.2
"Leflore County, Mississippi(2)",28083,Rural,79.1,65.8,94.5,N/A , N/A , N/A,26,stable,-0.3,-2.7,2.1
"Stokes County, North Carolina(2)",37169,Urban,79.1,70.3,88.9,N/A , N/A , N/A,61,stable,0.1,-1.1,1.4
"Jackson County, Illinois(7)",17077,Rural,79.1,69.3,90,N/A , N/A , N/A,49,rising,1.2,0.2,2.4
"Pike County, Missouri(2)",29163,Rural,79,64,97,N/A , N/A , N/A,20,stable,-0.6,-3.8,2.5
"Pike County, Indiana(2)",18125,Rural,79,61.7,100.5,N/A , N/A , N/A,15,stable,1.7,-5.9,13.0
"Arenac County, Michigan(2)",26011,Rural,79,64.1,97.3,N/A , N/A , N/A,22,stable,0.4,-1.8,2.5
"Franklin County, Missouri(2)",29071,Urban,79,72.6,85.8,N/A , N/A , N/A,119,stable,-0.2,-1.3,1.0
"Clinton County, Missouri(2)",29049,Urban,79,65.3,95,N/A , N/A , N/A,24,stable,-0.2,-2.3,2.2
"Monroe County, Mississippi(2)",28095,Rural,78.9,68.4,90.9,N/A , N/A , N/A,41,stable,-1.1,-2.7,0.5
"Lauderdale County, Tennessee(2)",47097,Rural,78.9,65.6,94.2,N/A , N/A , N/A,26,stable,0.0,-1.8,1.8
"Tazewell County, Illinois(7)",17179,Urban,78.9,73.3,84.8,N/A , N/A , N/A,151,stable,0.0,-0.7,0.7
"King George County, Virginia(2)",51099,Rural,78.8,64.7,95,N/A , N/A , N/A,23,stable,0.0,-3.6,4.2
"Lyman County, South Dakota(2)",46085,Rural,78.7,45.4,128,N/A , N/A , N/A,4,*,*,*,*
"Ohio County, Indiana(2)",18115,Urban,78.7,56.4,109.4,N/A , N/A , N/A,8,stable,-0.9,-3.7,2.1
"Benton County, Missouri(2)",29015,Rural,78.7,66.7,93.1,N/A , N/A , N/A,34,stable,-1.7,-3.5,0.1
"Gibson County, Tennessee(2)",47053,Urban,78.6,69.5,88.7,N/A , N/A , N/A,55,stable,0.0,-1.4,1.5
"Williamson County, Illinois(7)",17199,Rural,78.5,70.8,87,N/A , N/A , N/A,77,falling,-4.5,-9.3,-2.0
"Schuylkill County, Pennsylvania(2)",42107,Rural,78.5,73.3,84,N/A , N/A , N/A,176,stable,0.4,-0.4,1.3
"Wyoming County, Pennsylvania(2)",42131,Urban,78.5,66.5,92.4,N/A , N/A , N/A,33,stable,0.3,-1.4,2.2
"Rush County, Indiana(2)",18139,Rural,78.4,63.2,96.6,N/A , N/A , N/A,19,stable,-0.9,-3.0,1.1
"Randolph County, North Carolina(2)",37151,Urban,78.4,73,84.2,N/A , N/A , N/A,160,stable,-1.2,-8.1,0.3
"Warren County, Georgia(7)",13301,Rural,78.4,54.1,112.3,N/A , N/A , N/A,7,*,*,*,*
"Prince George County, Virginia(2)",51149,Urban,78.3,66.7,91.5,N/A , N/A , N/A,33,stable,-0.6,-2.4,1.4
"Fayette County, Indiana(2)",18041,Rural,78.3,65.7,93,N/A , N/A , N/A,28,stable,-1.3,-2.8,0.1
"Fulton County, New York(7)",36035,Rural,78.3,69.7,87.8,N/A , N/A , N/A,63,stable,-0.4,-1.2,0.5
"Nowata County, Oklahoma(2)",40105,Rural,78.3,58.6,103.4,N/A , N/A , N/A,11,stable,1.0,-2.3,4.8
"Washington County, Indiana(2)",18175,Urban,78.3,66.2,92.2,N/A , N/A , N/A,31,falling,-17.9,-33.3,-2.5
"Haralson County, Georgia(7)",13143,Urban,78.2,66.2,91.9,N/A , N/A , N/A,31,stable,-0.9,-2.3,0.8
"Kankakee County, Illinois(7)",17091,Urban,78.2,71.7,85.1,N/A , N/A , N/A,112,stable,-0.6,-1.6,0.5
"Jefferson County, Oklahoma(2)",40067,Rural,78,53.7,111.8,N/A , N/A , N/A,7,stable,-1.3,-5.3,2.4
"Richland Parish, Louisiana(7)",22083,Urban,78,63.6,95,N/A , N/A , N/A,21,stable,-1.4,-2.7,0.0
"Covington City, Virginia(2)",51580,Rural,78,53.5,111.5,N/A , N/A , N/A,7,stable,-2.9,-18.9,1.7
"Conway County, Arkansas(2)",5029,Rural,78,64.6,93.8,N/A , N/A , N/A,25,stable,0.0,-1.8,1.8
"Itawamba County, Mississippi(2)",28057,Rural,78,64.9,93.2,N/A , N/A , N/A,25,stable,-1.3,-3.8,1.2
"Shoshone County, Idaho(7)",16079,Rural,78,62.3,97.2,N/A , N/A , N/A,18,stable,-1.8,-3.7,0.1
"Covington County, Mississippi(2)",28031,Rural,77.9,63.1,95.6,N/A , N/A , N/A,19,stable,-0.4,-1.8,1.0
"Livingston Parish, Louisiana(7)",22063,Urban,77.9,71.7,84.6,N/A , N/A , N/A,123,stable,-0.5,-1.2,0.5
"Lenoir County, North Carolina(2)",37107,Rural,77.9,69.4,87.2,N/A , N/A , N/A,65,stable,-0.4,-2.1,1.3
"Bedford County, Tennessee(2)",47003,Rural,77.8,67.9,88.9,N/A , N/A , N/A,46,stable,-0.4,-1.6,0.8
"Bradley County, Arkansas(2)",5011,Rural,77.8,58.8,101.7,N/A , N/A , N/A,12,stable,-2.4,-18.1,1.1
"North Slope Borough, Alaska(2)",2185,Rural,77.8,46.6,119.8,N/A , N/A , N/A,5,falling,-7.3,-20.1,-2.6
"Baker County, Florida(2)",12003,Urban,77.8,64.7,92.8,N/A , N/A , N/A,26,stable,-1.0,-3.3,1.6
"Caroline County, Virginia(2)",51033,Rural,77.7,66,91.2,N/A , N/A , N/A,32,stable,-0.8,-3.2,1.8
"Tyler County, West Virginia(2)",54095,Rural,77.7,58.4,103,N/A , N/A , N/A,11,stable,-0.7,-3.8,2.4
"Tucker County, West Virginia(2)",54093,Rural,77.7,57.5,105.6,N/A , N/A , N/A,10,stable,-1.7,-4.7,1.2
"La Salle County, Illinois(7)",17099,Rural,77.7,71.6,84.2,N/A , N/A , N/A,126,stable,-0.5,-1.1,0.2
"Fleming County, Kentucky(7)",21069,Rural,77.7,62,96.7,N/A , N/A , N/A,17,stable,-0.2,-2.8,2.9
"Stone County, Mississippi(2)",28131,Urban,77.7,61.8,96.6,N/A , N/A , N/A,18,falling,-2.8,-4.1,-1.4
"Waynesboro City, Virginia(2)",51820,Urban,77.6,64.2,93.4,N/A , N/A , N/A,24,stable,-0.4,-2.3,1.6
"Franklin Parish, Louisiana(7)",22041,Rural,77.6,63.4,94.5,N/A , N/A , N/A,22,stable,-0.5,-2.8,1.9
"Geneva County, Alabama(2)",1061,Urban,77.6,65.5,91.5,N/A , N/A , N/A,31,stable,-1.0,-2.4,0.4
"Sangamon County, Illinois(7)",17167,Urban,77.6,72.9,82.5,N/A , N/A , N/A,215,stable,-0.2,-0.7,0.5
"Stone County, Arkansas(2)",5137,Rural,77.6,62.4,96.6,N/A , N/A , N/A,19,stable,0.2,-1.1,1.6
"Dallas County, Arkansas(2)",5039,Rural,77.6,55.9,106.9,N/A , N/A , N/A,9,stable,-0.8,-4.1,2.4
"Alleghany County and Clifton Forge City, Virginia(2)",51005,Rural,77.6,63.2,95.1,N/A , N/A , N/A,21,stable,-1.2,-3.5,1.0
"Thurston County, Nebraska(2)",31173,Rural,77.5,49,116.3,N/A , N/A , N/A,5,stable,1.0,-3.0,5.2
"Cooper County, Missouri(2)",29053,Urban,77.5,62,96.1,N/A , N/A , N/A,18,stable,0.0,-1.7,1.7
"Chickasaw County, Mississippi(2)",28017,Rural,77.5,62.4,95.6,N/A , N/A , N/A,18,stable,0.3,-2.0,2.7
"Muskogee County, Oklahoma(2)",40101,Rural,77.5,69.3,86.4,N/A , N/A , N/A,68,stable,-0.6,-1.7,0.5
"Dillingham Census Area, Alaska(2)",2070,Rural,77.5,42.2,129.3,N/A , N/A , N/A,3,*,*,*,*
"Jefferson County, New York(7)",36045,Urban,77.4,70.6,84.7,N/A , N/A , N/A,100,stable,-0.5,-1.2,0.2
"Red River County, Texas(7)",48387,Rural,77.4,61,97.8,N/A , N/A , N/A,17,stable,-0.1,-1.5,1.3
"Washington County, Maine(2)",23029,Rural,77.4,67,89.4,N/A , N/A , N/A,43,falling,-9.9,-18.4,-1.2
"Yalobusha County, Mississippi(2)",28161,Rural,77.4,60.1,98.8,N/A , N/A , N/A,15,stable,0.2,-2.0,2.4
"Norman County, Minnesota(2)",27107,Rural,77.4,53.6,109.4,N/A , N/A , N/A,7,stable,1.6,-1.2,4.8
"Harrison County, Mississippi(2)",28047,Urban,77.4,72.6,82.5,N/A , N/A , N/A,201,stable,-1.1,-2.2,0.0
"King William County, Virginia(2)",51101,Urban,77.4,62.2,95.5,N/A , N/A , N/A,19,stable,-0.7,-4.8,4.0
"Pettis County, Missouri(2)",29159,Rural,77.3,67.3,88.5,N/A , N/A , N/A,44,stable,-0.2,-1.1,0.7
"Pickaway County, Ohio(2)",39129,Urban,77.3,68.6,87,N/A , N/A , N/A,58,stable,-0.3,-1.2,0.8
"Adams County, Illinois(7)",17001,Rural,77.3,69.6,85.8,N/A , N/A , N/A,77,stable,0.2,-0.7,1.1
"Pine County, Minnesota(2)",27115,Rural,77.3,66.5,89.8,N/A , N/A , N/A,38,stable,0.6,-0.7,2.1
"Chippewa County, Minnesota(2)",27023,Rural,77.3,60.4,98.1,N/A , N/A , N/A,15,stable,2.2,0.0,4.9
"Liberty County, Texas(7)",48291,Urban,77.3,69.4,85.9,N/A , N/A , N/A,74,falling,-1.5,-2.4,-0.5
"Clark County, Ohio(2)",39023,Urban,77.3,71.9,83,N/A , N/A , N/A,157,stable,-0.1,-0.9,0.7
"Audrain County, Missouri(2)",29007,Rural,77.2,64.6,91.9,N/A , N/A , N/A,27,stable,-1.6,-4.0,0.7
"Washington County, New York(7)",36115,Urban,77.2,69.3,85.8,N/A , N/A , N/A,74,stable,-0.8,-1.6,0.1
"Schuyler County, New York(7)",36097,Rural,77.1,63,94,N/A , N/A , N/A,23,stable,0.2,-1.6,2.2
"Suwannee County, Florida(2)",12121,Rural,77,68,87.1,N/A , N/A , N/A,55,stable,-0.7,-1.9,0.6
"Randolph County, Illinois(7)",17157,Rural,77,65.8,89.7,N/A , N/A , N/A,36,stable,0.1,-1.1,1.4
"Rockingham County, North Carolina(2)",37157,Urban,77,70.7,83.8,N/A , N/A , N/A,114,falling,-1.4,-2.5,-0.4
"Lewis County, Tennessee(2)",47101,Rural,76.9,60.8,96.9,N/A , N/A , N/A,16,stable,-1.3,-4.1,1.6
"Madison County, Illinois(7)",17119,Urban,76.9,72.9,81.1,N/A , N/A , N/A,283,falling,-4.3,-7.6,-0.7
"Schuyler County, Illinois(7)",17169,Rural,76.9,55.7,105.3,N/A , N/A , N/A,9,stable,1.4,-0.5,3.8
"Barbour County, West Virginia(2)",54001,Rural,76.9,61.3,95.7,N/A , N/A , N/A,18,rising,4.2,0.9,13.9
"Wadena County, Minnesota(2)",27159,Rural,76.9,61.1,96.1,N/A , N/A , N/A,17,stable,1.5,-1.0,4.3
"Cayuga County, New York(7)",36011,Rural,76.8,69.8,84.5,N/A , N/A , N/A,92,stable,0.0,-0.7,0.8
"Montcalm County, Michigan(2)",26117,Urban,76.8,68.8,85.6,N/A , N/A , N/A,70,stable,-0.9,-8.8,0.8
"Lumpkin County, Georgia(7)",13187,Urban,76.8,65.4,89.8,N/A , N/A , N/A,34,stable,-1.5,-3.4,0.8
"Graves County, Kentucky(7)",21083,Rural,76.8,66.5,88.4,N/A , N/A , N/A,41,falling,-1.7,-3.1,-0.4
"Roanoke City, Virginia(2)",51770,Urban,76.7,70,84,N/A , N/A , N/A,100,falling,-2.0,-4.0,-1.2
"Henderson County, Illinois(7)",17071,Rural,76.7,56.3,104.7,N/A , N/A , N/A,10,stable,0.2,-1.4,1.8
"Effingham County, Georgia(7)",13103,Urban,76.7,67.3,87,N/A , N/A , N/A,52,stable,-0.5,-1.6,1.0
"Montgomery County, Iowa(7)",19137,Rural,76.7,58.8,99.2,N/A , N/A , N/A,13,stable,0.0,-1.6,1.8
"Madison County, Indiana(2)",18095,Urban,76.7,71,82.7,N/A , N/A , N/A,140,stable,-0.9,-2.0,0.3
"Madison County, Kentucky(7)",21151,Rural,76.6,69.2,84.6,N/A , N/A , N/A,82,stable,-0.9,-2.1,0.4
"Cheatham County, Tennessee(2)",47021,Urban,76.6,65.8,88.8,N/A , N/A , N/A,40,stable,-1.6,-3.6,0.5
"Caldwell Parish, Louisiana(7)",22021,Rural,76.6,57.1,101.4,N/A , N/A , N/A,11,falling,-18.9,-28.1,-8.4
"Hopkins County, Kentucky(7)",21107,Rural,76.6,67.2,87,N/A , N/A , N/A,51,falling,-2.4,-3.5,-1.3
"Robertson County, Tennessee(2)",47147,Urban,76.5,68.3,85.5,N/A , N/A , N/A,68,stable,-0.8,-1.9,0.5
"Wakulla County, Florida(2)",12129,Urban,76.5,65,89.6,N/A , N/A , N/A,34,stable,-0.6,-2.3,1.2
"Franklin County, Illinois(7)",17055,Rural,76.5,66.7,87.5,N/A , N/A , N/A,45,falling,-8.2,-17.6,-3.3
"Craighead County, Arkansas(2)",5031,Urban,76.5,69.6,83.9,N/A , N/A , N/A,92,stable,-0.1,-1.0,0.8
"Stewart County, Tennessee(2)",47161,Urban,76.5,60.2,96.5,N/A , N/A , N/A,16,stable,-0.6,-2.6,1.4
"Fulton County, Arkansas(2)",5049,Rural,76.5,60.3,96.6,N/A , N/A , N/A,17,stable,-0.9,-3.8,1.8
"Surry County, North Carolina(2)",37171,Rural,76.5,69.2,84.3,N/A , N/A , N/A,85,falling,-1.1,-5.2,-0.2
"Coshocton County, Ohio(2)",39031,Rural,76.4,66.1,88.1,N/A , N/A , N/A,41,stable,-0.2,-1.9,1.5
"Aransas County, Texas(7)",48007,Urban,76.4,64.9,89.9,N/A , N/A , N/A,36,falling,-1.9,-3.2,-0.6
"Monroe County, Missouri(2)",29137,Rural,76.4,58.2,100.1,N/A , N/A , N/A,12,stable,-0.1,-3.4,3.5
"Pickett County, Tennessee(2)",47137,Rural,76.4,52.1,111.5,N/A , N/A , N/A,7,falling,-4.4,-24.1,-0.5
"Perry County, Missouri(2)",29157,Rural,76.4,62.2,93.3,N/A , N/A , N/A,21,stable,0.8,-1.6,3.5
"Franklin County, Alabama(2)",1059,Rural,76.4,64.8,89.5,N/A , N/A , N/A,32,stable,7.7,-0.6,13.7
"Marion County, Mississippi(2)",28091,Rural,76.3,63.3,91.5,N/A , N/A , N/A,25,stable,-0.4,-2.1,1.5
"Evans County, Georgia(7)",13109,Rural,76.3,56.7,101,N/A , N/A , N/A,10,stable,-2.4,-5.0,0.1
"Schley County, Georgia(7)",13249,Rural,76.3,49.3,115,N/A , N/A , N/A,5,stable,-0.1,-4.0,4.9
"Tallahatchie County, Mississippi(2)",28135,Rural,76.3,58.5,98.3,N/A , N/A , N/A,13,stable,1.6,-0.9,4.4
"Delta County, Texas(7)",48119,Rural,76.3,51.9,110.2,N/A , N/A , N/A,7,stable,1.2,-2.2,5.2
"Okeechobee County, Florida(2)",12093,Rural,76.3,66.5,87.2,N/A , N/A , N/A,46,falling,-10.9,-19.6,-1.1
"Dearborn County, Indiana(2)",18029,Urban,76.2,67.3,86.1,N/A , N/A , N/A,55,stable,-1.3,-2.8,0.2
"Prairie County, Arkansas(2)",5117,Rural,76.2,57.3,100.8,N/A , N/A , N/A,11,stable,-0.8,-4.7,3.1
"Jefferson County, Ohio(2)",39081,Urban,76.2,68.7,84.4,N/A , N/A , N/A,81,stable,-1.0,-2.1,0.2
"Giles County, Tennessee(2)",47055,Rural,76.2,65.4,88.4,N/A , N/A , N/A,37,stable,-0.3,-1.4,0.8
"Somerset County, Maryland(2)",24039,Urban,76.1,63.2,91.2,N/A , N/A , N/A,25,falling,-1.9,-3.9,-0.1
"Gentry County, Missouri(2)",29075,Rural,76.1,52,108.7,N/A , N/A , N/A,7,stable,-0.4,-3.9,3.1
"Carter County, Tennessee(2)",47019,Urban,76.1,68.1,84.9,N/A , N/A , N/A,70,stable,-0.9,-2.8,0.2
"Bartow County, Georgia(7)",13015,Urban,76.1,69.4,83.4,N/A , N/A , N/A,99,falling,-1.5,-2.5,-0.2
"Sawyer County, Wisconsin(2)",55113,Rural,76.1,63.2,91.7,N/A , N/A , N/A,27,stable,0.8,-1.1,2.9
"Banks County, Georgia(7)",13011,Rural,76.1,61.2,94,N/A , N/A , N/A,19,stable,-0.1,-2.4,2.8
"Henderson County, Tennessee(2)",47077,Rural,76.1,64.5,89.5,N/A , N/A , N/A,31,stable,-1.1,-3.0,0.9
"Jefferson County, Illinois(7)",17081,Rural,76.1,65.7,87.7,N/A , N/A , N/A,41,stable,-0.1,-1.7,1.6
"Murray County, Oklahoma(2)",40099,Rural,76,59.9,95.8,N/A , N/A , N/A,16,falling,-1.8,-3.5,-0.2
"Vigo County, Indiana(2)",18167,Urban,76,69.5,83,N/A , N/A , N/A,104,falling,-0.9,-1.7,-0.1
"Coryell County, Texas(7)",48099,Urban,76,67.1,85.8,N/A , N/A , N/A,54,stable,-1.0,-2.3,0.5
"Lafayette County, Florida(2)",12067,Rural,76,54.3,104.5,N/A , N/A , N/A,8,stable,-0.2,-3.1,3.0
"Crawford County, Georgia(7)",13079,Urban,76,59.2,97,N/A , N/A , N/A,15,stable,-0.5,-3.0,2.4
"Camden County, Georgia(7)",13039,Rural,76,66.5,86.6,N/A , N/A , N/A,49,stable,-1.2,-2.6,0.7
"Douglas County, Illinois(7)",17041,Rural,76,61.6,93,N/A , N/A , N/A,20,stable,0.1,-1.6,2.0
"Lonoke County, Arkansas(2)",5085,Urban,76,67.8,84.9,N/A , N/A , N/A,65,falling,-1.2,-2.1,-0.1
"Noble County, Indiana(2)",18113,Rural,76,66.1,86.9,N/A , N/A , N/A,46,stable,0.2,-1.2,1.8
"Trigg County, Kentucky(7)",21221,Urban,75.9,60.6,94.6,N/A , N/A , N/A,19,falling,-2.2,-4.1,-0.3
"Wabash County, Illinois(7)",17185,Rural,75.9,58,98.2,N/A , N/A , N/A,13,stable,-2.0,-4.5,0.4
"Greene County, North Carolina(2)",37079,Rural,75.9,61.7,92.6,N/A , N/A , N/A,21,stable,-0.7,-2.9,1.7
"Berkeley County, West Virginia(2)",54003,Urban,75.9,69.5,82.6,N/A , N/A , N/A,114,falling,-1.1,-1.7,-0.5
"Hill County, Texas(7)",48217,Rural,75.8,65.7,87.3,N/A , N/A , N/A,42,stable,-0.8,-2.0,0.6
"Muskingum County, Ohio(2)",39119,Rural,75.8,68.8,83.4,N/A , N/A , N/A,91,stable,-0.8,-2.1,0.4
"Terrebonne Parish, Louisiana(7)",22109,Urban,75.8,69.1,83,N/A , N/A , N/A,98,stable,0.1,-0.7,0.9
"Craven County, North Carolina(2)",37049,Rural,75.7,69.3,82.6,N/A , N/A , N/A,110,stable,-0.7,-1.7,0.4
"Wise County, Virginia(2)",51195,Rural,75.7,65.3,87.4,N/A , N/A , N/A,40,falling,-3.1,-4.9,-1.7
"Dunn County, North Dakota(2)",38025,Rural,75.6,41.6,126.1,N/A , N/A , N/A,3,*,*,*,*
"Raleigh County, West Virginia(2)",54081,Urban,75.6,68.5,83.3,N/A , N/A , N/A,88,stable,0.0,-0.8,0.8
"Lafayette County, Arkansas(2)",5073,Rural,75.6,54.3,104.8,N/A , N/A , N/A,9,falling,-4.2,-16.1,-1.6
"Simpson County, Mississippi(2)",28127,Urban,75.6,63.4,89.7,N/A , N/A , N/A,28,stable,-1.3,-3.4,0.9
"Vance County, North Carolina(2)",37181,Rural,75.5,65.8,86.4,N/A , N/A , N/A,46,stable,-0.9,-2.5,0.8
"Union County, South Carolina(2)",45087,Urban,75.5,64.2,88.6,N/A , N/A , N/A,33,falling,-2.6,-6.6,-1.2
"Lincoln County, Oklahoma(2)",40081,Urban,75.5,64.9,87.5,N/A , N/A , N/A,38,stable,-1.0,-2.8,0.8
"Stanly County, North Carolina(2)",37167,Rural,75.5,67.5,84.2,N/A , N/A , N/A,68,falling,-1.2,-2.2,-0.1
"Franklin County, New York(7)",36033,Rural,75.4,66.3,85.6,N/A , N/A , N/A,52,stable,-0.4,-1.5,0.8
"Red River Parish, Louisiana(7)",22081,Rural,75.4,54.6,102.8,N/A , N/A , N/A,9,stable,0.5,-2.7,4.1
"Lee County, Georgia(7)",13177,Urban,75.4,62.5,90.2,N/A , N/A , N/A,26,stable,0.5,-1.2,2.6
"Knox County, Indiana(2)",18083,Rural,75.4,64.8,87.4,N/A , N/A , N/A,38,falling,-12.2,-21.5,-1.3
"Jasper County, Mississippi(2)",28061,Rural,75.4,60.1,93.8,N/A , N/A , N/A,18,stable,0.1,-2.2,2.5
"Citrus County, Florida(2)",12017,Urban,75.3,70.9,80.1,N/A , N/A , N/A,273,stable,-0.8,-1.9,0.3
"Winn Parish, Louisiana(7)",22127,Rural,75.3,58.9,95.5,N/A , N/A , N/A,15,falling,-1.8,-3.6,-0.1
"Cannon County, Tennessee(2)",47015,Urban,75.3,59,95.1,N/A , N/A , N/A,15,stable,-0.6,-2.4,1.3
"Lee County, Mississippi(2)",28081,Rural,75.3,67.8,83.5,N/A , N/A , N/A,76,falling,-3.6,-11.7,-0.7
"West Carroll Parish, Louisiana(7)",22123,Rural,75.3,56.4,99.2,N/A , N/A , N/A,11,stable,-1.3,-5.6,0.6
"Jackson Parish, Louisiana(7)",22049,Rural,75.3,59.8,94.1,N/A , N/A , N/A,17,stable,-0.7,-2.2,0.9
"Coffee County, Tennessee(2)",47031,Rural,75.2,66.7,84.6,N/A , N/A , N/A,58,falling,-12.4,-17.6,-7.8
"Webster County, Kentucky(7)",21233,Rural,75.2,57.9,96.4,N/A , N/A , N/A,13,stable,-1.8,-4.0,0.2
"Shelby County, Indiana(2)",18145,Urban,75.1,65.7,85.7,N/A , N/A , N/A,47,falling,-10.4,-17.1,-2.7
"Hardeman County, Tennessee(2)",47069,Rural,75.1,62.9,89.2,N/A , N/A , N/A,28,falling,-5.7,-18.1,-0.5
"Hamblen County, Tennessee(2)",47063,Urban,75,67,83.7,N/A , N/A , N/A,66,stable,-1.2,-2.7,0.4
"Chicot County, Arkansas(2)",5017,Rural,75,57.4,97.3,N/A , N/A , N/A,13,stable,1.0,-3.1,5.3
"Howard County, Missouri(2)",29089,Urban,74.9,55.9,99,N/A , N/A , N/A,11,stable,0.6,-2.6,4.0
"Henry County, Tennessee(2)",47079,Rural,74.9,64.8,86.5,N/A , N/A , N/A,42,stable,-0.8,-1.9,0.2
"Calhoun County, Alabama(2)",1015,Urban,74.9,68.8,81.4,N/A , N/A , N/A,118,stable,-0.9,-2.0,0.1
"Warren County, Kentucky(7)",21227,Urban,74.9,68.5,81.7,N/A , N/A , N/A,106,falling,-1.8,-3.1,-0.5
"Marion County, Texas(7)",48315,Rural,74.9,57.6,97.2,N/A , N/A , N/A,14,stable,-1.1,-3.7,1.5
"Wheeler County, Texas(7)",48483,Rural,74.8,50.1,109.8,N/A , N/A , N/A,6,stable,-0.7,-4.7,3.4
"Wayne County, North Carolina(2)",37191,Urban,74.8,68.6,81.3,N/A , N/A , N/A,115,stable,0.1,-0.8,1.2
"Cleveland County, North Carolina(2)",37045,Rural,74.7,68.4,81.6,N/A , N/A , N/A,107,stable,-0.5,-1.4,0.4
"Vernon Parish, Louisiana(7)",22115,Rural,74.7,64,86.6,N/A , N/A , N/A,36,falling,-12.9,-21.5,-0.8
"Baxter County, Arkansas(2)",5005,Rural,74.7,66.3,84.1,N/A , N/A , N/A,66,falling,-11.1,-19.0,-2.1
"Grundy County, Missouri(2)",29079,Rural,74.7,55.9,98.6,N/A , N/A , N/A,11,stable,-1.6,-4.2,0.9
"Panola County, Texas(7)",48365,Rural,74.6,61.7,89.8,N/A , N/A , N/A,24,stable,-1.2,-2.4,0.1
"Floyd County, Georgia(7)",13115,Urban,74.6,68,81.9,N/A , N/A , N/A,95,falling,-2.3,-6.9,-1.2
"Harrison County, Ohio(2)",39067,Rural,74.6,59.5,93.2,N/A , N/A , N/A,18,stable,-1.5,-3.7,0.6
"Davidson County, North Carolina(2)",37057,Urban,74.6,69.8,79.7,N/A , N/A , N/A,184,falling,-3.6,-7.8,-1.3
"Franklin County, Georgia(7)",13119,Rural,74.6,62,89.2,N/A , N/A , N/A,26,falling,-9.6,-18.5,-1.4
"Coles County, Illinois(7)",17029,Rural,74.5,65,85.2,N/A , N/A , N/A,46,stable,-1.0,-2.0,0.2
"Mercer County, Missouri(2)",29129,Rural,74.5,42.1,123.7,N/A , N/A , N/A,4,stable,1.2,-3.3,6.0
"Wetzel County, West Virginia(2)",54103,Rural,74.5,59.4,92.9,N/A , N/A , N/A,18,stable,-1.7,-4.2,0.6
"Langlade County, Wisconsin(2)",55067,Rural,74.5,61.8,89.6,N/A , N/A , N/A,27,stable,-0.4,-2.6,1.9
"Linn County, Missouri(2)",29115,Rural,74.5,57.7,95.3,N/A , N/A , N/A,14,stable,0.6,-3.1,4.6
"Boone County, Kentucky(7)",21015,Urban,74.4,68.3,81,N/A , N/A , N/A,114,falling,-1.1,-1.8,-0.3
"Barrow County, Georgia(7)",13013,Urban,74.4,66.2,83.4,N/A , N/A , N/A,63,stable,-0.8,-2.1,0.7
"Miller County, Arkansas(2)",5091,Urban,74.4,64.5,85.5,N/A , N/A , N/A,42,falling,-12.3,-20.7,-2.3
"Donley County, Texas(7)",48129,Rural,74.4,46.9,117.5,N/A , N/A , N/A,5,stable,-2.4,-5.7,0.6
"Madison County, Ohio(2)",39097,Urban,74.4,64.6,85.4,N/A , N/A , N/A,43,stable,-0.9,-2.2,0.5
"Pocahontas County, Iowa(7)",19151,Rural,74.4,54.3,101.3,N/A , N/A , N/A,10,stable,-0.5,-2.7,1.9
"Kanawha County, West Virginia(2)",54039,Urban,74.3,69.8,79.2,N/A , N/A , N/A,210,falling,-1.2,-1.9,-0.6
"Jessamine County, Kentucky(7)",21113,Urban,74.3,65.1,84.5,N/A , N/A , N/A,49,falling,-4.9,-13.8,-0.9
"Newton County, Texas(7)",48351,Rural,74.3,58.5,94.1,N/A , N/A , N/A,16,stable,0.5,-1.4,2.6
"Anderson County, Tennessee(2)",47001,Urban,74.3,67.4,81.8,N/A , N/A , N/A,88,stable,-1.1,-2.2,0.1
"Searcy County, Arkansas(2)",5129,Rural,74.2,55.1,99.7,N/A , N/A , N/A,11,stable,-0.8,-3.7,2.1
"Van Buren County, Arkansas(2)",5141,Rural,74.2,60.6,90.8,N/A , N/A , N/A,22,stable,0.3,-2.3,3.0
"Hoke County, North Carolina(2)",37093,Urban,74.1,63.1,86.5,N/A , N/A , N/A,35,falling,-2.4,-4.1,-0.5
"Montmorency County, Michigan(2)",26119,Rural,74.1,57.2,96.8,N/A , N/A , N/A,15,stable,-0.2,-2.7,2.3
"Fayette County, Ohio(2)",39047,Rural,74.1,62.3,87.7,N/A , N/A , N/A,30,falling,-7.4,-18.4,-0.3
"Jones County, Iowa(7)",19105,Urban,74.1,61.2,89.3,N/A , N/A , N/A,24,stable,0.4,-0.7,1.6
"Jackson County, Michigan(2)",26075,Urban,74.1,69,79.4,N/A , N/A , N/A,170,falling,-1.5,-3.2,-0.7
"Clinton County, Indiana(2)",18023,Rural,74.1,62.6,87.1,N/A , N/A , N/A,31,stable,-0.3,-2.3,1.7
"Howell County, Missouri(2)",29091,Rural,74.1,64.3,85.1,N/A , N/A , N/A,43,falling,-1.7,-2.8,-0.7
"Creek County, Oklahoma(2)",40037,Urban,74,66.6,82.1,N/A , N/A , N/A,76,falling,-1.7,-2.8,-0.5
"Hempstead County, Arkansas(2)",5057,Rural,74,60.5,90,N/A , N/A , N/A,21,stable,-0.9,-3.0,1.3
"McMinn County, Tennessee(2)",47107,Rural,73.9,65.7,83.1,N/A , N/A , N/A,61,stable,-7.9,-16.3,0.3
"Freestone County, Texas(7)",48161,Rural,73.9,60.4,89.9,N/A , N/A , N/A,22,stable,-0.6,-2.3,1.3
"Terrell County, Georgia(7)",13273,Urban,73.9,54.5,98.9,N/A , N/A , N/A,10,stable,-2.6,-5.5,0.4
"Putnam County, Indiana(2)",18133,Rural,73.9,63.4,85.7,N/A , N/A , N/A,37,falling,-1.6,-3.2,-0.1
"East Feliciana Parish, Louisiana(7)",22037,Urban,73.9,60.6,89.6,N/A , N/A , N/A,23,stable,-0.6,-2.8,2.2
"Van Buren County, Tennessee(2)",47175,Rural,73.8,52,103.9,N/A , N/A , N/A,8,stable,0.4,-2.6,4.1
"Clay County, Indiana(2)",18021,Urban,73.8,61.8,87.7,N/A , N/A , N/A,28,falling,-5.5,-17.3,-0.3
"Swain County, North Carolina(2)",37173,Rural,73.8,58.2,92.8,N/A , N/A , N/A,16,falling,-4.0,-22.9,-0.8
"Chester County, Tennessee(2)",47023,Urban,73.7,58.8,91.7,N/A , N/A , N/A,17,stable,1.5,-1.4,4.9
"Mecklenburg County, Virginia(2)",51117,Rural,73.7,63.9,84.9,N/A , N/A , N/A,44,stable,0.5,-0.6,1.7
"Baylor County, Texas(7)",48023,Rural,73.7,44.4,118.2,N/A , N/A , N/A,4,stable,-1.4,-5.2,2.3
"Clinton County, Iowa(7)",19045,Rural,73.7,64.9,83.4,N/A , N/A , N/A,53,stable,-0.3,-1.1,0.6
"Decatur County, Iowa(7)",19053,Rural,73.6,50.8,103.8,N/A , N/A , N/A,7,stable,0.7,-0.9,2.4
"Warren County, Indiana(2)",18171,Urban,73.6,54.8,98.2,N/A , N/A , N/A,10,stable,-2.3,-5.2,0.6
"La Salle Parish, Louisiana(7)",22059,Rural,73.6,57.1,93.8,N/A , N/A , N/A,14,stable,0.3,-1.5,2.3
"Huntington County, Indiana(2)",18069,Rural,73.5,63.2,85.3,N/A , N/A , N/A,38,stable,0.5,-1.2,2.2
"Lamar County, Texas(7)",48277,Rural,73.5,64.9,83.1,N/A , N/A , N/A,54,falling,-1.5,-2.8,-0.1
"Defiance County, Ohio(2)",39039,Rural,73.5,63.5,84.8,N/A , N/A , N/A,41,stable,-0.4,-1.7,0.9
"Marshall County, Illinois(7)",17123,Urban,73.5,57.5,93.6,N/A , N/A , N/A,15,stable,0.7,-1.2,2.9
"Upshur County, Texas(7)",48459,Urban,73.5,63.8,84.5,N/A , N/A , N/A,43,stable,-1.2,-2.7,0.3
"Alcona County, Michigan(2)",26001,Rural,73.5,58.9,93.5,N/A , N/A , N/A,19,stable,-2.1,-4.9,0.5
"Crawford County, Ohio(2)",39033,Rural,73.5,64.2,84,N/A , N/A , N/A,47,falling,-10.6,-20.5,-0.4
"Wabash County, Indiana(2)",18169,Rural,73.5,62.8,85.8,N/A , N/A , N/A,36,stable,0.7,-1.4,2.9
"Rusk County, Texas(7)",48401,Urban,73.5,64.5,83.4,N/A , N/A , N/A,50,stable,-0.5,-1.5,0.5
"Mitchell County, North Carolina(2)",37121,Rural,73.4,59.4,90.6,N/A , N/A , N/A,20,stable,0.8,-1.1,2.8
"Greene County, New York(7)",36039,Rural,73.4,65.1,82.5,N/A , N/A , N/A,61,stable,-0.3,-1.3,0.9
"Osceola County, Michigan(2)",26133,Rural,73.3,61.1,87.6,N/A , N/A , N/A,27,stable,0.3,-1.9,2.8
"Ballard County, Kentucky(7)",21007,Urban,73.2,53.1,99.9,N/A , N/A , N/A,9,stable,-0.7,-3.1,1.8
"Kennebec County, Maine(2)",23011,Rural,73.2,67.8,79.1,N/A , N/A , N/A,141,stable,-0.5,-1.3,0.4
"Liberty County, Georgia(7)",13179,Urban,73.2,62.7,84.8,N/A , N/A , N/A,38,stable,-0.5,-1.7,1.0
"Cass County, Indiana(2)",18017,Rural,73.2,63.1,84.5,N/A , N/A , N/A,39,stable,-0.1,-1.9,1.8
"Codington County, South Dakota(2)",46029,Rural,73.2,61.6,86.5,N/A , N/A , N/A,30,stable,1.3,-0.8,3.7
"Pickens County, Georgia(7)",13227,Urban,73.1,63.2,84.5,N/A , N/A , N/A,41,falling,-7.6,-12.9,-0.8
"Marion County, South Carolina(2)",45067,Rural,73.1,61.8,86.2,N/A , N/A , N/A,32,stable,-0.2,-1.7,1.4
"Maries County, Missouri(2)",29125,Rural,73.1,53.7,98.6,N/A , N/A , N/A,10,stable,0.9,-2.2,4.4
"Union Parish, Louisiana(7)",22111,Urban,73.1,60.4,88.1,N/A , N/A , N/A,25,stable,-0.4,-1.8,1.1
"Chemung County, New York(7)",36015,Urban,73.1,66.3,80.4,N/A , N/A , N/A,91,stable,-0.7,-1.6,0.2
"Acadia Parish, Louisiana(7)",22001,Urban,73,64.4,82.6,N/A , N/A , N/A,54,stable,-0.8,-1.6,0.1
"Cherokee County, South Carolina(2)",45021,Rural,73,64.5,82.5,N/A , N/A , N/A,55,falling,-1.4,-5.8,-0.3
"Desha County, Arkansas(2)",5041,Rural,73,55.5,95.1,N/A , N/A , N/A,12,stable,-0.3,-3.1,2.4
"Cass County, Texas(7)",48067,Rural,73,62.4,85.2,N/A , N/A , N/A,35,stable,0.5,-1.2,2.4
"Morgan County, Tennessee(2)",47129,Urban,73,59.8,88.7,N/A , N/A , N/A,22,falling,-6.2,-16.7,-2.1
"Walker County, Alabama(2)",1127,Urban,73,65.4,81.4,N/A , N/A , N/A,70,falling,-11.0,-18.8,-2.4
"Warren County, Illinois(7)",17187,Rural,72.9,58.6,90.1,N/A , N/A , N/A,19,stable,-0.2,-2.5,2.2
"Pope County, Illinois(7)",17151,Rural,72.9,49,112.1,N/A , N/A , N/A,6,stable,-0.9,-4.8,3.5
"Hancock County, West Virginia(2)",54029,Urban,72.8,62.4,84.9,N/A , N/A , N/A,36,stable,-1.3,-2.9,0.2
"Ashley County, Arkansas(2)",5003,Rural,72.8,59.6,88.5,N/A , N/A , N/A,22,stable,0.4,-1.7,2.6
"Jasper County, Missouri(2)",29097,Urban,72.7,66.6,79.3,N/A , N/A , N/A,108,stable,-0.3,-1.7,1.2
"Greenwood County, South Carolina(2)",45047,Rural,72.7,65.3,80.9,N/A , N/A , N/A,72,stable,0.7,-0.3,1.8
"Lawrence County, Tennessee(2)",47099,Rural,72.7,63.3,83.3,N/A , N/A , N/A,44,falling,-12.3,-18.8,-4.1
"Fayette County, Iowa(7)",19065,Rural,72.7,59.6,88.3,N/A , N/A , N/A,23,stable,0.1,-0.9,1.2
"Menard County, Illinois(7)",17129,Urban,72.7,56.3,93.1,N/A , N/A , N/A,14,stable,0.6,-1.3,2.9
"Ringgold County, Iowa(7)",19159,Rural,72.7,47.5,108.9,N/A , N/A , N/A,6,*,*,*,*
"Jackson County, Alabama(2)",1071,Rural,72.7,64.5,81.8,N/A , N/A , N/A,60,falling,-2.3,-8.4,-0.3
"Camden County, Missouri(2)",29029,Rural,72.7,64.6,81.9,N/A , N/A , N/A,66,stable,-1.2,-3.0,0.7
"Lawrence County, Alabama(2)",1079,Urban,72.7,62.2,84.6,N/A , N/A , N/A,36,stable,-1.1,-2.9,0.7
"Madison County, Texas(7)",48313,Rural,72.7,55.1,94.4,N/A , N/A , N/A,12,stable,-1.3,-3.4,1.0
"Randolph County, Alabama(2)",1111,Rural,72.7,60.1,87.4,N/A , N/A , N/A,25,stable,1.6,-0.8,4.3
"Harnett County, North Carolina(2)",37085,Rural,72.6,66.4,79.2,N/A , N/A , N/A,106,falling,-6.2,-10.3,-1.3
"St. Clair County, Illinois(7)",17163,Urban,72.6,68.4,76.9,N/A , N/A , N/A,239,falling,-1.2,-1.8,-0.5
"Polk County, Arkansas(2)",5113,Rural,72.6,59.7,87.9,N/A , N/A , N/A,24,stable,-0.4,-2.5,1.8
"Nottoway County, Virginia(2)",51135,Rural,72.5,57.4,90.8,N/A , N/A , N/A,16,stable,-1.4,-3.6,0.8
"Johnson County, Missouri(2)",29101,Rural,72.4,62.5,83.6,N/A , N/A , N/A,40,stable,0.1,-0.6,1.0
"Carroll County, Ohio(2)",39019,Urban,72.4,61.2,85.5,N/A , N/A , N/A,32,stable,-0.2,-1.5,1.1
"Itasca County, Minnesota(2)",27061,Rural,72.4,63.8,82.2,N/A , N/A , N/A,56,rising,1.8,0.3,3.4
"McIntosh County, Georgia(7)",13191,Urban,72.4,57.3,91.8,N/A , N/A , N/A,17,stable,2.5,-1.0,13.1
"Cross County, Arkansas(2)",5037,Rural,72.4,57.7,90.1,N/A , N/A , N/A,17,falling,-2.5,-4.3,-0.7
"Athens County, Ohio(2)",39009,Rural,72.4,63.4,82.4,N/A , N/A , N/A,50,stable,-0.6,-1.8,0.5
"Love County, Oklahoma(2)",40085,Rural,72.4,53.9,95.9,N/A , N/A , N/A,11,stable,0.0,-3.0,3.3
"Black Hawk County, Iowa(7)",19013,Urban,72.4,66.6,78.6,N/A , N/A , N/A,120,stable,-0.5,-1.1,0.2
"Hughes County, Oklahoma(2)",40063,Rural,72.4,55.9,92.7,N/A , N/A , N/A,13,stable,-1.5,-3.8,0.7
"Des Moines County, Iowa(7)",19057,Rural,72.3,62.9,83,N/A , N/A , N/A,44,stable,-0.2,-1.1,0.8
"Ohio County, West Virginia(2)",54069,Urban,72.3,63,82.7,N/A , N/A , N/A,48,falling,-1.8,-3.3,-0.5
"Cortland County, New York(7)",36023,Rural,72.3,62.8,82.9,N/A , N/A , N/A,44,stable,0.3,-1.3,2.1
"Clay County, Florida(2)",12019,Urban,72.3,67.8,77,N/A , N/A , N/A,206,falling,-1.1,-1.9,-0.3
"Mills County, Iowa(7)",19129,Urban,72.2,56.3,91.7,N/A , N/A , N/A,15,stable,-0.2,-1.4,1.3
"Sullivan County, Tennessee(2)",47163,Urban,72.2,67.6,77.2,N/A , N/A , N/A,187,falling,-0.9,-1.8,-0.1
"Madison County, North Carolina(2)",37115,Urban,72.2,59.8,87,N/A , N/A , N/A,25,stable,-0.7,-2.7,1.4
"Laurens County, Georgia(7)",13175,Rural,72.2,63.2,82.3,N/A , N/A , N/A,48,stable,0.0,-1.2,1.3
"Chesterfield County, South Carolina(2)",45025,Rural,72.2,62.9,82.6,N/A , N/A , N/A,46,stable,-1.3,-2.8,0.1
"Union County, Mississippi(2)",28145,Rural,72.2,60.1,86.1,N/A , N/A , N/A,26,falling,-9.8,-21.0,-0.1
"Marshall County, West Virginia(2)",54051,Urban,72.2,61.7,84.2,N/A , N/A , N/A,37,stable,-0.7,-2.0,0.5
"Howard County, Indiana(2)",18067,Urban,72.2,65.4,79.5,N/A , N/A , N/A,88,stable,-0.7,-1.7,0.4
"Burke County, North Carolina(2)",37023,Urban,72.2,65.8,79,N/A , N/A , N/A,101,stable,-1.1,-2.2,0.1
"Callaway County, Missouri(2)",29027,Urban,72.1,62.6,82.9,N/A , N/A , N/A,43,stable,-0.9,-2.3,0.5
"Stephens County, Georgia(7)",13257,Rural,72.1,60.6,85.5,N/A , N/A , N/A,29,stable,-0.2,-1.4,1.2
"Granville County, North Carolina(2)",37077,Rural,72.1,64.1,80.9,N/A , N/A , N/A,62,falling,-1.1,-2.0,-0.2
"Hunt County, Texas(7)",48231,Urban,72.1,65.6,79.2,N/A , N/A , N/A,93,falling,-1.1,-1.7,-0.3
"Montgomery County, Mississippi(2)",28097,Rural,72.1,54.1,95.3,N/A , N/A , N/A,12,stable,-1.4,-4.5,1.7
"Decatur County, Indiana(2)",18031,Rural,72.1,60,86,N/A , N/A , N/A,26,stable,-1.0,-2.6,0.5
"Greenup County, Kentucky(7)",21089,Urban,72,62.4,83,N/A , N/A , N/A,41,falling,-5.3,-12.4,-2.1
"Weakley County, Tennessee(2)",47183,Rural,72,61.1,84.5,N/A , N/A , N/A,32,stable,0.0,-1.8,1.9
"Jefferson County, Kentucky(7)",21111,Urban,72,69.6,74.5,N/A , N/A , N/A,718,falling,-2.9,-5.2,-1.8
"Greene County, Tennessee(2)",47059,Rural,72,65,79.7,N/A , N/A , N/A,83,falling,-1.5,-2.6,-0.3
"Gaston County, North Carolina(2)",37071,Urban,72,67.7,76.5,N/A , N/A , N/A,215,falling,-7.3,-11.3,-2.4
"Kay County, Oklahoma(2)",40071,Rural,72,62.6,82.5,N/A , N/A , N/A,45,stable,-1.6,-3.6,0.3
"Massac County, Illinois(7)",17127,Urban,72,56.8,90.6,N/A , N/A , N/A,16,falling,-4.6,-15.5,-1.7
"Lyon County, Kentucky(7)",21143,Rural,72,54,96,N/A , N/A , N/A,11,stable,-1.5,-3.8,1.0
"Oxford County, Maine(2)",23017,Rural,72,64.4,80.3,N/A , N/A , N/A,72,stable,-0.8,-2.1,0.6
"Seneca County, New York(7)",36099,Rural,72,61.6,83.8,N/A , N/A , N/A,36,stable,-0.7,-1.7,0.4
"Assumption Parish, Louisiana(7)",22007,Urban,71.9,58.7,87.6,N/A , N/A , N/A,21,stable,-1.2,-3.0,0.7
"Webster Parish, Louisiana(7)",22119,Rural,71.9,62.1,83.1,N/A , N/A , N/A,40,falling,-1.6,-2.7,-0.5
"Licking County, Ohio(2)",39089,Urban,71.9,67,77,N/A , N/A , N/A,170,stable,-0.2,-1.4,1.1
"Dade County, Georgia(7)",13083,Urban,71.9,57.3,89.5,N/A , N/A , N/A,18,stable,-0.5,-2.7,2.1
"Greene County, Iowa(7)",19073,Rural,71.9,53.1,96.3,N/A , N/A , N/A,11,stable,1.6,-0.4,3.9
"McDonough County, Illinois(7)",17109,Rural,71.9,59.9,85.8,N/A , N/A , N/A,27,stable,0.5,-1.2,2.4
"Cameron Parish, Louisiana(7)",22023,Urban,71.8,47.7,105.6,N/A , N/A , N/A,6,stable,-2.0,-4.2,0.1
"Crittenden County, Arkansas(2)",5035,Urban,71.8,62,82.8,N/A , N/A , N/A,41,stable,-0.8,-2.1,0.4
"Hertford County, North Carolina(2)",37091,Rural,71.8,59.2,86.8,N/A , N/A , N/A,24,stable,0.5,-1.9,3.1
"Oglala Lakota, South Dakota(2)",46102,Rural,71.8,45.3,106.4,N/A , N/A , N/A,5,*,*,*,*
"St. Clair County, Alabama(2)",1115,Urban,71.8,65.2,78.8,N/A , N/A , N/A,91,falling,-2.1,-3.1,-0.9
"Pottawattamie County, Iowa(7)",19155,Urban,71.7,65.2,78.8,N/A , N/A , N/A,93,stable,-0.5,-1.1,0.0
"West Baton Rouge Parish, Louisiana(7)",22121,Urban,71.7,58.6,86.9,N/A , N/A , N/A,22,stable,-1.4,-2.8,0.3
"Belmont County, Ohio(2)",39013,Urban,71.7,64.2,79.8,N/A , N/A , N/A,73,stable,-0.4,-1.6,0.8
"Baltimore City, Maryland(2)",24510,Urban,71.6,68.8,74.6,N/A , N/A , N/A,491,falling,-5.2,-8.6,-3.1
"Caldwell County, North Carolina(2)",37027,Urban,71.6,65.1,78.7,N/A , N/A , N/A,92,falling,-2.3,-8.1,-1.1
"Blount County, Tennessee(2)",47009,Urban,71.6,66.5,77,N/A , N/A , N/A,153,stable,-1.2,-8.1,0.5
"Wyandot County, Ohio(2)",39175,Rural,71.6,59.3,86.1,N/A , N/A , N/A,24,stable,-0.3,-1.8,1.2
"Worth County, Georgia(7)",13321,Urban,71.5,58.8,86.6,N/A , N/A , N/A,23,stable,-0.3,-2.4,2.2
"Scott County, Mississippi(2)",28123,Urban,71.5,59.2,85.8,N/A , N/A , N/A,25,stable,-1.2,-3.2,0.9
"Jackson County, Mississippi(2)",28059,Urban,71.5,66.1,77.3,N/A , N/A , N/A,134,falling,-0.9,-1.7,-0.1
"Morrow County, Ohio(2)",39117,Urban,71.5,61.4,83.1,N/A , N/A , N/A,37,stable,-0.4,-1.8,1.3
"Franklin County, Kentucky(7)",21073,Rural,71.5,62.8,81.2,N/A , N/A , N/A,51,falling,-2.5,-3.2,-1.7
"Izard County, Arkansas(2)",5065,Rural,71.5,57.2,89.2,N/A , N/A , N/A,18,stable,-1.0,-3.9,1.9
"Anson County, North Carolina(2)",37007,Urban,71.5,58.9,86.3,N/A , N/A , N/A,24,stable,0.4,-1.9,2.8
"Lawrence County, Indiana(2)",18093,Rural,71.5,62.7,81.3,N/A , N/A , N/A,50,stable,-1.0,-2.2,0.2
"Davie County, North Carolina(2)",37059,Urban,71.5,62.7,81.3,N/A , N/A , N/A,50,stable,-0.3,-1.9,1.4
"Buckingham County, Virginia(2)",51029,Rural,71.4,57.2,88.7,N/A , N/A , N/A,18,stable,-0.2,-2.8,2.7
"St. Francis County, Arkansas(2)",5123,Rural,71.4,58.4,86.7,N/A , N/A , N/A,22,stable,-0.1,-15.4,5.3
"Androscoggin County, Maine(2)",23001,Urban,71.4,65.5,77.8,N/A , N/A , N/A,113,falling,-1.1,-1.8,-0.5
"DeKalb County, Indiana(2)",18033,Rural,71.4,61.8,82.2,N/A , N/A , N/A,41,stable,-0.4,-5.9,1.1
"Petersburg City, Virginia(2)",51730,Urban,71.4,60.5,83.8,N/A , N/A , N/A,33,falling,-2.0,-3.4,-0.6
"Genesee County, New York(7)",36037,Rural,71.3,63.3,80.2,N/A , N/A , N/A,61,stable,-0.5,-1.3,0.5
"Sevier County, Tennessee(2)",47155,Rural,71.3,65.3,77.9,N/A , N/A , N/A,108,falling,-1.1,-1.9,-0.2
"Perry County, Tennessee(2)",47135,Rural,71.3,52.5,96,N/A , N/A , N/A,10,stable,-1.5,-3.5,0.5
"Upshur County, West Virginia(2)",54097,Rural,71.3,59.6,85.1,N/A , N/A , N/A,27,stable,-0.8,-2.5,1.0
"Bowie County, Texas(7)",48037,Urban,71.3,64.6,78.5,N/A , N/A , N/A,86,falling,-1.7,-2.5,-0.8
"Crisp County, Georgia(7)",13081,Rural,71.3,58,87,N/A , N/A , N/A,21,stable,-1.4,-2.9,0.3
"Johnston County, North Carolina(2)",37101,Urban,71.3,66.4,76.4,N/A , N/A , N/A,171,stable,-0.5,-1.5,0.6
"Oneida County, New York(7)",36065,Urban,71.3,67.2,75.6,N/A , N/A , N/A,237,stable,-0.5,-1.0,0.1
"Bacon County, Georgia(7)",13005,Rural,71.2,53.2,94,N/A , N/A , N/A,11,stable,-1.0,-4.4,2.6
"LaPorte County, Indiana(2)",18091,Urban,71.2,65.4,77.5,N/A , N/A , N/A,115,stable,-1.1,-2.2,0.0
"Vermilion Parish, Louisiana(7)",22113,Urban,71.2,62.6,80.8,N/A , N/A , N/A,51,falling,-0.8,-1.5,-0.1
"Hancock County, Mississippi(2)",28045,Urban,71.2,62.6,80.9,N/A , N/A , N/A,53,stable,-0.4,-2.9,2.3
"Livingston County, Illinois(7)",17105,Rural,71.2,61.1,82.6,N/A , N/A , N/A,37,stable,0.4,-0.9,1.9
"Cattaraugus County, New York(7)",36009,Rural,71.2,64.3,78.7,N/A , N/A , N/A,84,stable,-0.6,-1.6,0.6
"Berrien County, Georgia(7)",13019,Rural,71.2,57.2,88,N/A , N/A , N/A,18,stable,-0.4,-1.8,1.2
"Polk County, Missouri(2)",29167,Urban,71.2,60.2,83.7,N/A , N/A , N/A,31,stable,-0.6,-2.9,1.8
"Emanuel County, Georgia(7)",13107,Rural,71.2,57.9,86.8,N/A , N/A , N/A,21,stable,-0.3,-2.1,1.6
"Atoka County, Oklahoma(2)",40005,Rural,71.2,55.2,90.8,N/A , N/A , N/A,14,stable,1.6,-0.5,4.0
"Seminole County, Oklahoma(2)",40133,Rural,71.1,58.8,85.6,N/A , N/A , N/A,24,falling,-1.4,-2.6,-0.2
"Ellis County, Oklahoma(2)",40045,Rural,71.1,44.5,111.5,N/A , N/A , N/A,5,stable,-2.2,-7.1,2.4
"Hernando County, Florida(2)",12053,Urban,71.1,67.2,75.2,N/A , N/A , N/A,270,falling,-1.2,-1.9,-0.6
"Faulkner County, Arkansas(2)",5045,Urban,71,64.7,77.9,N/A , N/A , N/A,94,falling,-1.2,-2.2,-0.1
"Grady County, Oklahoma(2)",40051,Urban,71,62.4,80.5,N/A , N/A , N/A,52,falling,-1.4,-2.5,-0.3
"Kent County, Rhode Island(2)",44003,Urban,70.9,66.3,75.8,N/A , N/A , N/A,184,stable,-0.2,-1.0,0.7
"Dewey County, Oklahoma(2)",40043,Rural,70.8,43.6,110.4,N/A , N/A , N/A,4,stable,0.4,-5.8,6.7
"Wayne County, Indiana(2)",18177,Rural,70.8,63.4,79,N/A , N/A , N/A,68,falling,-2.2,-3.6,-0.9
"Osceola County, Iowa(7)",19143,Rural,70.8,49.3,100.4,N/A , N/A , N/A,7,stable,0.6,-1.1,2.5
"Rowan County, North Carolina(2)",37159,Urban,70.8,65.6,76.4,N/A , N/A , N/A,143,falling,-1.8,-4.3,-0.8
"Cherokee County, Texas(7)",48073,Rural,70.8,62.2,80.4,N/A , N/A , N/A,50,falling,-2.6,-8.4,-0.5
"Jasper County, Indiana(2)",18073,Urban,70.8,60.1,83.1,N/A , N/A , N/A,32,stable,-1.1,-2.3,0.1
"Le Flore County, Oklahoma(2)",40079,Rural,70.8,61.9,80.7,N/A , N/A , N/A,48,falling,-1.7,-3.5,-0.1
"Colquitt County, Georgia(7)",13071,Rural,70.8,61.2,81.6,N/A , N/A , N/A,40,stable,-0.7,-2.0,0.6
"Twiggs County, Georgia(7)",13289,Urban,70.8,52.5,95.3,N/A , N/A , N/A,11,stable,-1.7,-3.9,0.6
"Jefferson County, Georgia(7)",13163,Rural,70.8,55.6,89.3,N/A , N/A , N/A,16,stable,-0.6,-1.8,0.8
"Spencer County, Kentucky(7)",21215,Urban,70.8,55.6,89,N/A , N/A , N/A,17,stable,-0.7,-2.5,1.6
"Hancock County, Georgia(7)",13141,Rural,70.8,52.9,94.6,N/A , N/A , N/A,11,stable,0.1,-1.6,2.3
"Ramsey County, North Dakota(2)",38071,Rural,70.7,54.4,91.3,N/A , N/A , N/A,13,stable,0.2,-3.0,3.9
"DeSoto County, Mississippi(2)",28033,Urban,70.7,65.5,76.3,N/A , N/A , N/A,140,stable,-0.2,-1.6,1.3
"Marion County, Indiana(2)",18097,Urban,70.7,68.3,73.2,N/A , N/A , N/A,712,falling,-5.4,-7.6,-2.7
"Reynolds County, Missouri(2)",29179,Rural,70.7,49.1,100.7,N/A , N/A , N/A,7,stable,-1.8,-5.8,2.3
"Garvin County, Oklahoma(2)",40049,Rural,70.7,58.5,84.9,N/A , N/A , N/A,25,stable,-1.1,-3.6,1.2
"Clermont County, Ohio(2)",39025,Urban,70.6,66.2,75.3,N/A , N/A , N/A,200,falling,-2.5,-3.2,-1.7
"Smyth County, Virginia(2)",51173,Rural,70.6,60.5,82.4,N/A , N/A , N/A,36,falling,-3.1,-6.3,-1.6
"McNairy County, Tennessee(2)",47109,Rural,70.6,59.2,84,N/A , N/A , N/A,28,stable,0.4,-1.5,2.3
"Hillsdale County, Michigan(2)",26059,Rural,70.6,61.9,80.4,N/A , N/A , N/A,50,stable,0.8,-0.6,2.3
"Paulding County, Georgia(7)",13223,Urban,70.6,64.6,77,N/A , N/A , N/A,113,falling,-1.3,-2.1,-0.3
"Alamance County, North Carolina(2)",37001,Urban,70.6,65.7,75.8,N/A , N/A , N/A,158,stable,-0.4,-1.3,0.6
"Greenbrier County, West Virginia(2)",54025,Rural,70.5,60.5,81.9,N/A , N/A , N/A,39,stable,-1.2,-3.8,1.4
"Santa Rosa County, Florida(2)",12113,Urban,70.5,65.7,75.5,N/A , N/A , N/A,170,falling,-1.4,-2.3,-0.5
"Montgomery County, Indiana(2)",18107,Rural,70.4,60.8,81.4,N/A , N/A , N/A,39,stable,-0.7,-2.3,1.0
"Wayne County, New York(7)",36117,Urban,70.4,64.2,77.2,N/A , N/A , N/A,99,stable,-0.2,-1.1,0.8
"Caddo County, Oklahoma(2)",40015,Rural,70.4,58.2,84.6,N/A , N/A , N/A,24,stable,-1.5,-3.1,0.1
"Newaygo County, Michigan(2)",26123,Rural,70.4,62.1,79.7,N/A , N/A , N/A,55,stable,-1.1,-2.5,0.4
"Lake County, Tennessee(2)",47095,Rural,70.4,47.5,101.7,N/A , N/A , N/A,6,stable,-0.4,-5.1,4.3
"Middlesex County, Virginia(2)",51119,Rural,70.4,55.6,89.9,N/A , N/A , N/A,18,falling,-2.2,-5.7,-0.1
"Wood County, Texas(7)",48499,Rural,70.4,62.5,79.2,N/A , N/A , N/A,63,stable,0.0,-1.1,1.3
"Greene County, Pennsylvania(2)",42059,Rural,70.4,60.5,81.6,N/A , N/A , N/A,38,stable,-1.2,-2.5,0.1
"Fulton County, Pennsylvania(2)",42057,Rural,70.3,55.8,88.3,N/A , N/A , N/A,17,stable,0.8,-1.7,3.6
"Columbia County, Florida(2)",12023,Rural,70.3,63.2,78.1,N/A , N/A , N/A,75,stable,-1.2,-2.6,0.1
"Dale County, Alabama(2)",1045,Rural,70.3,61.4,80.2,N/A , N/A , N/A,47,stable,-1.1,-2.5,0.4
"Hancock County, Illinois(7)",17067,Rural,70.3,57,86.3,N/A , N/A , N/A,21,stable,-0.3,-2.3,1.9
"Buchanan County, Iowa(7)",19019,Rural,70.3,57.1,85.8,N/A , N/A , N/A,21,stable,0.0,-1.0,1.2
"Windham County, Connecticut(7)",9015,Urban,70.2,64.4,76.5,N/A , N/A , N/A,112,stable,-0.1,-0.7,0.6
"Sabine Parish, Louisiana(7)",22085,Rural,70.2,57.9,84.7,N/A , N/A , N/A,24,falling,-2.3,-4.0,-0.6
"Cumberland County, North Carolina(2)",37051,Urban,70.2,66.2,74.4,N/A , N/A , N/A,236,falling,-0.6,-1.2,-0.1
"Martin County, Indiana(2)",18101,Rural,70.2,52,93.5,N/A , N/A , N/A,11,stable,0.9,-1.7,3.8
"Forest County, Wisconsin(2)",55041,Rural,70.2,53.4,92.2,N/A , N/A , N/A,12,stable,-0.9,-4.1,2.4
"St. Mary Parish, Louisiana(7)",22101,Rural,70.2,61.4,79.9,N/A , N/A , N/A,49,stable,-0.8,-1.9,0.4
"Orange County, Virginia(2)",51137,Rural,70.2,60.5,81.2,N/A , N/A , N/A,39,stable,0.1,-2.2,2.5
"Westmoreland County, Virginia(2)",51193,Rural,70.2,57.9,85,N/A , N/A , N/A,25,stable,-1.4,-3.5,0.7
"Bladen County, North Carolina(2)",37017,Rural,70.1,60,81.8,N/A , N/A , N/A,36,stable,-0.5,-2.2,1.3
"Strafford County, New Hampshire(2)",33017,Urban,70.1,64.4,76.3,N/A , N/A , N/A,115,stable,-0.5,-1.6,0.6
"Kenosha County, Wisconsin(2)",55059,Urban,70.1,64.9,75.6,N/A , N/A , N/A,143,stable,-0.5,-1.2,0.3
"LaGrange County, Indiana(2)",18087,Rural,70.1,59.2,82.4,N/A , N/A , N/A,31,stable,0.4,-1.9,3.1
"Clearwater County, Minnesota(2)",27029,Rural,70.1,50.3,96,N/A , N/A , N/A,9,stable,-0.1,-3.9,4.2
"Lamar County, Alabama(2)",1075,Rural,70.1,55.1,88.5,N/A , N/A , N/A,16,stable,0.1,-1.8,2.0
"Washington County, North Carolina(2)",37187,Rural,70,53.7,91,N/A , N/A , N/A,15,stable,1.1,-1.6,4.2
"Fayette County, Pennsylvania(2)",42051,Urban,70,64.9,75.5,N/A , N/A , N/A,147,stable,-0.5,-1.8,0.7
"Carroll County, Georgia(7)",13045,Urban,70,63.7,76.8,N/A , N/A , N/A,93,falling,-5.7,-9.8,-0.9
"Preble County, Ohio(2)",39135,Rural,70,60.8,80.4,N/A , N/A , N/A,44,falling,-13.0,-19.3,-8.8
"Hill County, Montana(2)",30041,Rural,70,53.8,89.7,N/A , N/A , N/A,13,stable,-0.4,-3.2,2.4
"Shelby County, Kentucky(7)",21211,Urban,69.9,60.5,80.4,N/A , N/A , N/A,42,stable,-2.0,-3.9,0.2
"Lowndes County, Alabama(2)",1085,Urban,69.8,52.4,92.1,N/A , N/A , N/A,11,stable,0.4,-4.2,5.4
"Bartholomew County, Indiana(2)",18005,Urban,69.8,62.8,77.5,N/A , N/A , N/A,73,stable,-0.2,-0.9,0.4
"Adams County, Iowa(7)",19003,Rural,69.8,42.6,111.6,N/A , N/A , N/A,4,stable,0.3,-1.5,2.2
"Pike County, Alabama(2)",1109,Rural,69.8,58.3,83.2,N/A , N/A , N/A,27,stable,1.0,-1.0,3.3
"Caroline County, Maryland(2)",24011,Rural,69.8,59,82.2,N/A , N/A , N/A,31,falling,-1.9,-3.7,-0.2
"Morehouse Parish, Louisiana(7)",22067,Urban,69.8,58.1,83.4,N/A , N/A , N/A,26,stable,-0.3,-1.3,0.7
"Lincoln County, Idaho(7)",16063,Rural,69.8,42.5,108.7,N/A , N/A , N/A,4,*,*,*,*
"Brooke County, West Virginia(2)",54009,Urban,69.8,58.2,83.5,N/A , N/A , N/A,27,stable,-1.0,-2.7,0.5
"Northampton County, North Carolina(2)",37131,Rural,69.7,56.4,85.9,N/A , N/A , N/A,23,stable,1.9,-0.4,4.2
"Lincoln County, Mississippi(2)",28085,Rural,69.7,59.3,81.6,N/A , N/A , N/A,33,stable,0.3,-1.9,2.6
"Escambia County, Florida(2)",12033,Urban,69.7,66.1,73.4,N/A , N/A , N/A,300,falling,-1.3,-2.1,-0.6
"Marion County, Florida(2)",12083,Urban,69.6,66.8,72.6,N/A , N/A , N/A,511,falling,-2.3,-5.3,-1.7
"Randolph County, Indiana(2)",18135,Rural,69.5,57.9,83.2,N/A , N/A , N/A,26,stable,-1.1,-2.8,0.5
"Isanti County, Minnesota(2)",27059,Urban,69.5,59.8,80.5,N/A , N/A , N/A,38,stable,1.0,-0.3,2.6
"Minnehaha County, South Dakota(2)",46099,Urban,69.5,64.3,75.1,N/A , N/A , N/A,144,stable,-0.1,-0.9,0.7
"Webster County, Iowa(7)",19187,Rural,69.5,59.4,81,N/A , N/A , N/A,36,stable,-0.6,-1.5,0.3
"Nevada County, Arkansas(2)",5099,Rural,69.5,50.2,94.9,N/A , N/A , N/A,9,stable,-0.8,-3.2,1.7
"Coahoma County, Mississippi(2)",28027,Rural,69.5,55.7,85.8,N/A , N/A , N/A,19,stable,-0.3,-4.1,3.6
"Holmes County, Mississippi(2)",28051,Urban,69.4,54,88.1,N/A , N/A , N/A,14,stable,-0.4,-2.6,1.9
"Venango County, Pennsylvania(2)",42121,Rural,69.4,61.6,78.2,N/A , N/A , N/A,62,falling,-1.6,-2.5,-0.7
"White County, Arkansas(2)",5145,Rural,69.4,62.2,77.2,N/A , N/A , N/A,70,falling,-1.4,-2.3,-0.6
"Bryan County, Oklahoma(2)",40013,Rural,69.3,60.2,79.6,N/A , N/A , N/A,42,falling,-1.7,-2.9,-0.4
"Sequatchie County, Tennessee(2)",47153,Urban,69.3,55.2,86.5,N/A , N/A , N/A,18,stable,-0.4,-2.7,2.2
"Hampshire County, West Virginia(2)",54027,Urban,69.3,58.1,82.5,N/A , N/A , N/A,29,stable,-1.1,-2.4,0.3
"Walsh County, North Dakota(2)",38099,Rural,69.3,52,91.3,N/A , N/A , N/A,12,rising,3.5,0.8,13.5
"Norfolk City, Virginia(2)",51710,Urban,69.3,64.4,74.3,N/A , N/A , N/A,164,stable,-0.5,-1.2,0.2
"Jackson County, Wisconsin(2)",55053,Rural,69.3,57,83.8,N/A , N/A , N/A,23,stable,0.1,-2.7,3.4
"Henderson County, Kentucky(7)",21101,Rural,69.3,60.4,79.2,N/A , N/A , N/A,46,falling,-4.3,-11.0,-1.8
"Boone County, Iowa(7)",19015,Urban,69.2,57.4,83,N/A , N/A , N/A,26,stable,-0.4,-1.5,0.7
"Liberty County, Florida(2)",12077,Rural,69.2,47.6,98.1,N/A , N/A , N/A,7,stable,-1.4,-4.9,2.2
"Thomas County, Georgia(7)",13275,Rural,69.2,60.2,79.2,N/A , N/A , N/A,45,stable,-1.5,-3.0,0.2
"Ketchikan Gateway Borough, Alaska(2)",2130,Rural,69.2,52.3,90.2,N/A , N/A , N/A,12,stable,-1.3,-3.9,1.6
"Giles County, Virginia(2)",51071,Urban,69.2,56,85.1,N/A , N/A , N/A,20,falling,-13.7,-25.7,-1.0
"Cooke County, Texas(7)",48097,Rural,69.2,59.9,79.6,N/A , N/A , N/A,42,stable,-0.6,-1.9,0.8
"Iron County, Michigan(2)",26071,Rural,69.2,54.7,88,N/A , N/A , N/A,18,stable,-1.2,-3.7,1.3
"Fentress County, Tennessee(2)",47049,Rural,69.1,56.5,84.3,N/A , N/A , N/A,22,stable,-1.6,-3.3,0.1
"Whiteside County, Illinois(7)",17195,Rural,69.1,61.4,77.6,N/A , N/A , N/A,61,stable,-0.4,-1.3,0.7
"Niagara County, New York(7)",36063,Urban,69.1,65,73.4,N/A , N/A , N/A,226,falling,-1.1,-1.9,-0.4
"Brown County, Indiana(2)",18013,Urban,69.1,55.7,85.6,N/A , N/A , N/A,20,stable,-0.1,-2.2,2.2
"Shelby County, Illinois(7)",17173,Rural,69.1,57.1,83.4,N/A , N/A , N/A,25,falling,-11.4,-19.8,-0.6
"White County, Illinois(7)",17193,Rural,69.1,54.5,87.1,N/A , N/A , N/A,16,stable,-1.9,-4.7,0.9
"Colonial Heights City, Virginia(2)",51570,Urban,69.1,55.6,85.2,N/A , N/A , N/A,18,stable,0.4,-1.9,2.7
"Richmond County, Virginia(2)",51159,Rural,69,51.1,92.5,N/A , N/A , N/A,10,stable,0.5,-2.8,4.2
"Coffee County, Georgia(7)",13069,Rural,69,58.8,80.5,N/A , N/A , N/A,34,stable,-1.2,-2.5,0.3
"Sullivan County, Indiana(2)",18153,Urban,69,56,84.4,N/A , N/A , N/A,20,stable,-1.8,-4.4,0.7
"Sebastian County, Arkansas(2)",5131,Urban,69,63.3,75,N/A , N/A , N/A,113,falling,-0.8,-1.5,-0.2
"Nicholas County, Kentucky(7)",21181,Rural,69,47.9,97.1,N/A , N/A , N/A,7,falling,-3.0,-12.2,-0.2
"Braxton County, West Virginia(2)",54007,Rural,68.9,53.8,88,N/A , N/A , N/A,15,stable,11.9,-1.4,22.4
"Beltrami County, Minnesota(2)",27007,Rural,68.9,59.6,79.4,N/A , N/A , N/A,41,stable,0.6,-1.1,2.6
"Iroquois County, Illinois(7)",17075,Rural,68.9,58.1,81.4,N/A , N/A , N/A,31,stable,0.5,-0.6,1.8
"Upson County, Georgia(7)",13293,Rural,68.9,57.9,81.7,N/A , N/A , N/A,29,stable,-0.4,-1.7,1.1
"Hinds County, Mississippi(2)",28049,Urban,68.9,64.4,73.6,N/A , N/A , N/A,187,falling,-1.1,-1.7,-0.4
"Attala County, Mississippi(2)",28007,Rural,68.9,55.1,85.4,N/A , N/A , N/A,18,stable,0.0,-3.3,3.3
"Harrison County, Indiana(2)",18061,Urban,68.8,59.5,79.4,N/A , N/A , N/A,41,stable,-0.5,-2.2,1.4
"Crawford County, Indiana(2)",18025,Rural,68.8,51.9,90.5,N/A , N/A , N/A,12,stable,-1.8,-4.4,0.8
"Crawford County, Michigan(2)",26039,Rural,68.8,54.8,86.5,N/A , N/A , N/A,18,stable,-1.4,-4.0,1.1
"Ashtabula County, Ohio(2)",39007,Urban,68.8,62.8,75.3,N/A , N/A , N/A,102,stable,-0.5,-1.4,0.4
"Talbot County, Georgia(7)",13263,Urban,68.8,47.6,99,N/A , N/A , N/A,8,stable,-0.3,-3.5,3.6
"Nance County, Nebraska(2)",31125,Rural,68.8,38.4,116.5,N/A , N/A , N/A,4,stable,3.0,-1.1,7.4
"Escambia County, Alabama(2)",1053,Rural,68.8,58.8,80.1,N/A , N/A , N/A,35,stable,-1.2,-2.9,0.4
"Juneau County, Wisconsin(2)",55057,Rural,68.7,58.1,81.2,N/A , N/A , N/A,31,stable,-1.1,-3.0,0.7
"Wicomico County, Maryland(2)",24045,Urban,68.7,62.3,75.6,N/A , N/A , N/A,89,falling,-1.8,-2.9,-0.8
"Rock County, Wisconsin(2)",55105,Urban,68.7,63.8,74,N/A , N/A , N/A,151,falling,-5.5,-9.0,-0.5
"Elmore County, Idaho(7)",16039,Rural,68.7,56,83.5,N/A , N/A , N/A,21,stable,-2.0,-4.2,0.6
"Lincoln County, Minnesota(2)",27081,Rural,68.7,46,100.7,N/A , N/A , N/A,6,stable,1.4,-2.5,5.7
"Clark County, Illinois(7)",17023,Rural,68.7,54.4,86.1,N/A , N/A , N/A,16,stable,-0.4,-2.4,1.8
"Jefferson County, Indiana(2)",18077,Rural,68.7,58.3,80.5,N/A , N/A , N/A,33,stable,-1.7,-4.6,1.1
"Van Zandt County, Texas(7)",48467,Rural,68.6,61.1,76.9,N/A , N/A , N/A,63,stable,-0.5,-1.5,0.6
"Monroe County, Wisconsin(2)",55081,Rural,68.6,59.7,78.7,N/A , N/A , N/A,44,falling,-12.3,-23.4,-0.2
"Edgar County, Illinois(7)",17045,Rural,68.6,55.1,85,N/A , N/A , N/A,19,stable,-1.3,-2.6,0.2
"DeKalb County, Missouri(2)",29063,Urban,68.6,51.1,90.8,N/A , N/A , N/A,10,stable,0.1,-2.7,3.1
"Pope County, Arkansas(2)",5115,Rural,68.6,60.6,77.4,N/A , N/A , N/A,55,falling,-1.4,-2.5,-0.2
"Onondaga County, New York(7)",36067,Urban,68.6,65.7,71.6,N/A , N/A , N/A,443,falling,-1.5,-3.8,-1.0
"Leon County, Texas(7)",48289,Rural,68.6,55.8,84.2,N/A , N/A , N/A,20,stable,-1.3,-3.1,0.7
"St. Lawrence County, New York(7)",36089,Rural,68.6,62.7,74.9,N/A , N/A , N/A,104,falling,-1.8,-2.4,-1.1
"Brown County, Illinois(7)",17009,Rural,68.5,44.5,101.9,N/A , N/A , N/A,5,stable,0.8,-2.7,5.1
"St. Landry Parish, Louisiana(7)",22097,Rural,68.5,61.5,76.1,N/A , N/A , N/A,73,falling,-1.1,-1.9,-0.3
"Atkinson County, Georgia(7)",13003,Rural,68.5,46.1,98.3,N/A , N/A , N/A,6,stable,0.7,-1.9,3.9
"Conecuh County, Alabama(2)",1035,Rural,68.4,52.8,88.3,N/A , N/A , N/A,14,stable,0.3,-2.6,3.4
"Independence County, Arkansas(2)",5063,Rural,68.4,58.6,79.6,N/A , N/A , N/A,36,stable,-1.8,-3.8,0.1
"Brooks County, Georgia(7)",13027,Urban,68.4,54.6,85.2,N/A , N/A , N/A,18,stable,-1.3,-3.1,0.7
"Clay County, Missouri(2)",29047,Urban,68.4,64.2,72.9,N/A , N/A , N/A,202,falling,-1.6,-2.4,-0.8
"Salem County, New Jersey(7)",34033,Urban,68.4,61,76.6,N/A , N/A , N/A,64,falling,-6.3,-12.4,-2.5
"McDonald County, Missouri(2)",29119,Rural,68.4,55.5,83.6,N/A , N/A , N/A,21,stable,-0.8,-3.4,1.8
"Charlotte County, Virginia(2)",51037,Rural,68.4,52.8,88.2,N/A , N/A , N/A,14,stable,0.2,-2.5,3.2
"Hickman County, Kentucky(7)",21105,Rural,68.4,45.1,103,N/A , N/A , N/A,6,stable,-2.3,-6.0,1.3
"Jackson County, Georgia(7)",13157,Rural,68.4,60.8,76.7,N/A , N/A , N/A,61,stable,-1.1,-1.9,0.0
"Columbus County, North Carolina(2)",37047,Rural,68.4,60.2,77.5,N/A , N/A , N/A,53,falling,-3.6,-12.6,-1.1
"Hardeman County, Texas(7)",48197,Rural,68.4,41.5,109.5,N/A , N/A , N/A,4,stable,0.0,-4.0,4.1
"Maury County, Tennessee(2)",47119,Urban,68.4,62.1,75.1,N/A , N/A , N/A,92,stable,-1.3,-2.7,0.3
"Rutherford County, North Carolina(2)",37161,Rural,68.4,61.3,76.1,N/A , N/A , N/A,72,falling,-2.1,-7.6,-0.5
"Haywood County, North Carolina(2)",37087,Rural,68.3,61.5,76,N/A , N/A , N/A,77,stable,-0.2,-2.2,2.1
"Jasper County, Georgia(7)",13159,Urban,68.3,52.8,87.4,N/A , N/A , N/A,14,stable,-1.4,-3.2,0.8
"Montgomery County, Tennessee(2)",47125,Urban,68.3,62.8,74.2,N/A , N/A , N/A,121,falling,-6.3,-10.7,-2.4
"Kershaw County, South Carolina(2)",45055,Urban,68.3,61,76.4,N/A , N/A , N/A,67,stable,-1.4,-2.8,0.0
"Roane County, Tennessee(2)",47145,Urban,68.3,60.8,76.7,N/A , N/A , N/A,63,falling,-1.9,-3.6,-0.3
"White County, Georgia(7)",13311,Rural,68.3,58,80.3,N/A , N/A , N/A,33,stable,-0.4,-1.7,1.2
"Calhoun County, West Virginia(2)",54013,Rural,68.3,46.6,98.7,N/A , N/A , N/A,7,stable,-3.3,-7.7,0.7
"Henry County, Illinois(7)",17073,Urban,68.3,60.2,77.3,N/A , N/A , N/A,54,stable,0.0,-0.8,0.9
"Blount County, Alabama(2)",1009,Urban,68.3,60.5,76.8,N/A , N/A , N/A,58,stable,-1.1,-2.2,0.0
"Allen Parish, Louisiana(7)",22003,Rural,68.2,54.7,84.2,N/A , N/A , N/A,18,stable,0.0,-1.5,1.7
"Etowah County, Alabama(2)",1055,Urban,68.2,62.4,74.6,N/A , N/A , N/A,104,falling,-1.5,-2.6,-0.5
"Parke County, Indiana(2)",18121,Rural,68.2,54.1,85.3,N/A , N/A , N/A,17,stable,-1.2,-3.2,0.7
"Albany County, New York(7)",36001,Urban,68.1,64.6,71.8,N/A , N/A , N/A,286,stable,-0.6,-1.1,0.0
"St. Martin Parish, Louisiana(7)",22099,Urban,68.1,59.4,77.8,N/A , N/A , N/A,47,falling,-1.4,-2.5,-0.2
"Mercer County, West Virginia(2)",54055,Rural,68.1,60.6,76.3,N/A , N/A , N/A,65,falling,-12.3,-20.8,-2.0
"Douglas County, Wisconsin(2)",55031,Urban,68.1,59.3,77.9,N/A , N/A , N/A,46,stable,1.1,-0.8,3.4
"Potter County, Pennsylvania(2)",42105,Rural,68,54.4,84.7,N/A , N/A , N/A,19,stable,-1.1,-3.9,1.7
"Bryan County, Georgia(7)",13029,Urban,68,56.7,81,N/A , N/A , N/A,27,stable,-1.5,-3.1,0.5
"Jones County, Mississippi(2)",28067,Rural,68,60.4,76.4,N/A , N/A , N/A,61,stable,-1.3,-3.0,0.4
"Marion County, Georgia(7)",13197,Urban,68,48.8,93.9,N/A , N/A , N/A,9,stable,1.1,-1.6,4.9
"Loudon County, Tennessee(2)",47105,Urban,68,60.8,76,N/A , N/A , N/A,72,stable,-0.7,-2.1,0.8
"West Feliciana Parish, Louisiana(7)",22125,Urban,68,52.2,87.6,N/A , N/A , N/A,13,stable,-1.2,-3.7,1.7
"Columbia County, New York(7)",36021,Rural,68,60.9,75.8,N/A , N/A , N/A,73,falling,-1.3,-3.0,-0.5
"Abbeville County, South Carolina(2)",45001,Rural,68,56.8,81.1,N/A , N/A , N/A,27,stable,-0.7,-2.4,1.0
"Lincoln County, North Carolina(2)",37109,Urban,68,61.6,74.9,N/A , N/A , N/A,87,stable,-0.7,-1.8,0.4
"Faribault County, Minnesota(2)",27043,Rural,67.9,53.8,85.5,N/A , N/A , N/A,16,stable,1.2,-2.3,5.1
"Aroostook County, Maine(2)",23003,Rural,67.9,61.3,75.2,N/A , N/A , N/A,82,falling,-1.4,-2.6,-0.3
"White County, Tennessee(2)",47185,Rural,67.9,57.1,80.5,N/A , N/A , N/A,29,falling,-1.7,-3.1,-0.3
"Haywood County, Tennessee(2)",47075,Rural,67.9,54.8,83.8,N/A , N/A , N/A,20,stable,-0.5,-3.8,3.2
"Sullivan County, New Hampshire(2)",33019,Rural,67.9,59.5,77.3,N/A , N/A , N/A,51,stable,-0.7,-2.8,0.1
"Marion County, Alabama(2)",1093,Rural,67.9,57.5,79.8,N/A , N/A , N/A,31,stable,-1.1,-2.5,0.3
"Bibb County, Alabama(2)",1007,Urban,67.9,55.3,82.8,N/A , N/A , N/A,21,stable,-0.8,-3.0,1.6
"Wilkes County, North Carolina(2)",37193,Rural,67.9,61,75.4,N/A , N/A , N/A,74,stable,-0.5,-1.6,0.7
"Volusia County, Florida(2)",12127,Urban,67.8,65.5,70.2,N/A , N/A , N/A,687,falling,-1.3,-1.9,-0.7
"Copiah County, Mississippi(2)",28029,Urban,67.8,56.3,81.2,N/A , N/A , N/A,26,stable,-1.3,-2.9,0.4
"Lamar County, Georgia(7)",13171,Rural,67.8,53.6,84.9,N/A , N/A , N/A,17,stable,-1.1,-3.3,1.2
"Cook County, Georgia(7)",13075,Rural,67.8,53,85.7,N/A , N/A , N/A,15,stable,-1.5,-8.1,0.6
"Miller County, Missouri(2)",29131,Rural,67.8,56,81.6,N/A , N/A , N/A,25,falling,-2.3,-3.8,-0.9
"Edgecombe County, North Carolina(2)",37065,Urban,67.8,59.5,77.1,N/A , N/A , N/A,51,stable,-0.9,-2.0,0.3
"Cass County, Iowa(7)",19029,Rural,67.8,53.2,85.9,N/A , N/A , N/A,16,stable,0.2,-0.8,1.3
"Gibson County, Indiana(2)",18051,Rural,67.7,57.3,79.7,N/A , N/A , N/A,31,stable,0.2,-1.4,1.8
"Franklin County, Texas(7)",48159,Rural,67.7,50.7,89.6,N/A , N/A , N/A,11,stable,-2.0,-4.5,0.5
"Boone County, Arkansas(2)",5009,Rural,67.7,58.4,78.3,N/A , N/A , N/A,39,stable,-0.5,-1.8,0.9
"Laurens County, South Carolina(2)",45059,Urban,67.7,60.4,75.6,N/A , N/A , N/A,66,falling,-6.1,-10.3,-1.5
"Orange County, Texas(7)",48361,Urban,67.6,60.7,75.2,N/A , N/A , N/A,71,falling,-2.4,-3.4,-1.5
"Garland County, Arkansas(2)",5051,Urban,67.6,62.1,73.7,N/A , N/A , N/A,117,falling,-1.6,-2.3,-0.9
"Northwest Arctic Borough, Alaska(2)",2188,Rural,67.6,37.8,109.5,N/A , N/A , N/A,3,*,*,*,*
"Cole County, Missouri(2)",29051,Urban,67.6,60.5,75.4,N/A , N/A , N/A,69,stable,-0.6,-1.3,0.2
"Iberia Parish, Louisiana(7)",22045,Rural,67.6,59.9,76.1,N/A , N/A , N/A,59,falling,-1.6,-2.9,-0.3
"Knox County, Texas(7)",48275,Rural,67.6,39.3,111.6,N/A , N/A , N/A,3,stable,1.1,-2.6,5.1
"Martin County, North Carolina(2)",37117,Rural,67.6,56.1,81.1,N/A , N/A , N/A,26,stable,-0.1,-1.8,1.7
"Pearl River County, Mississippi(2)",28109,Rural,67.5,59.6,76.3,N/A , N/A , N/A,56,falling,-3.3,-4.9,-2.4
"Grundy County, Tennessee(2)",47061,Rural,67.5,52.8,85.8,N/A , N/A , N/A,15,falling,-2.5,-10.0,-0.5
"Clay County, Tennessee(2)",47027,Rural,67.5,48.9,92.7,N/A , N/A , N/A,9,falling,-2.3,-4.5,-0.3
"Clearfield County, Pennsylvania(2)",42033,Rural,67.5,61.1,74.5,N/A , N/A , N/A,85,stable,-0.5,-1.6,0.7
"Schenectady County, New York(7)",36093,Urban,67.5,62.5,72.7,N/A , N/A , N/A,145,stable,-0.5,-1.4,0.5
"Johnson County, Georgia(7)",13167,Rural,67.5,49.4,91,N/A , N/A , N/A,9,stable,-0.5,-3.5,3.3
"Lee County, North Carolina(2)",37105,Rural,67.4,59.6,76,N/A , N/A , N/A,56,stable,-1.1,-2.4,0.3
"Saline County, Arkansas(2)",5125,Urban,67.4,61.9,73.3,N/A , N/A , N/A,116,falling,-1.1,-1.8,-0.4
"Jefferson Davis County, Mississippi(2)",28065,Rural,67.3,51.7,87.2,N/A , N/A , N/A,13,stable,-0.8,-4.1,2.5
"Jackson County, Iowa(7)",19097,Rural,67.3,54.9,82.1,N/A , N/A , N/A,21,stable,-0.6,-1.4,0.3
"Lawrence County, Illinois(7)",17101,Rural,67.3,52.2,85.7,N/A , N/A , N/A,14,stable,-0.5,-3.1,2.3
"Nassau County, Florida(2)",12089,Urban,67.3,61.4,73.7,N/A , N/A , N/A,103,falling,-1.8,-2.9,-0.6
"Pasco County, Florida(2)",12101,Urban,67.3,64.9,69.7,N/A , N/A , N/A,624,falling,-1.8,-2.4,-1.2
"Fannin County, Georgia(7)",13111,Rural,67.3,56.9,79.5,N/A , N/A , N/A,36,stable,-0.9,-2.1,0.4
"Northumberland County, Pennsylvania(2)",42097,Rural,67.3,61.3,73.7,N/A , N/A , N/A,99,stable,0.3,-0.4,1.1
"Putnam County, West Virginia(2)",54079,Urban,67.2,59.4,75.9,N/A , N/A , N/A,56,falling,-1.5,-2.8,-0.1
"Chisago County, Minnesota(2)",27025,Urban,67.2,58.8,76.5,N/A , N/A , N/A,49,stable,2.2,-1.3,11.2
"Laclede County, Missouri(2)",29105,Rural,67.2,57.5,78.3,N/A , N/A , N/A,35,stable,-0.9,-2.3,0.5
"De Soto Parish, Louisiana(7)",22031,Urban,67.2,55.9,80.3,N/A , N/A , N/A,26,stable,-1.5,-3.0,0.1
"Gloucester County, Virginia(2)",51073,Urban,67.1,57.9,77.6,N/A , N/A , N/A,41,falling,-5.1,-19.4,-0.7
"Pipestone County, Minnesota(2)",27117,Rural,67.1,49.1,90.6,N/A , N/A , N/A,10,stable,2.3,-1.7,7.0
"Covington County, Alabama(2)",1039,Rural,67.1,58,77.4,N/A , N/A , N/A,41,stable,-0.7,-1.9,0.7
"Macomb County, Michigan(2)",26099,Urban,67.1,65,69.2,N/A , N/A , N/A,807,falling,-1.2,-1.7,-0.8
"Hickory County, Missouri(2)",29085,Rural,67.1,49.6,91.1,N/A , N/A , N/A,12,stable,-1.0,-3.3,1.2
"Schoharie County, New York(7)",36095,Urban,67.1,56.9,78.9,N/A , N/A , N/A,33,falling,-1.8,-3.4,-0.1
"Newton County, Mississippi(2)",28101,Rural,67.1,53.9,82.7,N/A , N/A , N/A,18,stable,-1.4,-3.9,0.9
"Barry County, Missouri(2)",29009,Rural,67.1,57.6,77.8,N/A , N/A , N/A,38,stable,-0.6,-2.0,0.9
"Grundy County, Illinois(7)",17063,Urban,67,58,77.2,N/A , N/A , N/A,40,stable,-0.5,-2.2,1.4
"Weston County, Wyoming(2)",56045,Rural,67,47,94.6,N/A , N/A , N/A,8,stable,0.7,-4.2,6.7
"Peach County, Georgia(7)",13225,Urban,67,55.5,80.5,N/A , N/A , N/A,25,stable,-1.5,-3.1,0.3
"Berrien County, Michigan(2)",26021,Urban,67,62.3,72,N/A , N/A , N/A,158,stable,-0.5,-1.4,0.4
"Lapeer County, Michigan(2)",26087,Urban,67,60.8,73.8,N/A , N/A , N/A,92,falling,-8.5,-13.6,-1.7
"Avoyelles Parish, Louisiana(7)",22009,Rural,67,57.4,77.9,N/A , N/A , N/A,36,stable,-1.3,-2.6,0.0
"Carteret County, North Carolina(2)",37031,Rural,67,60.4,74.3,N/A , N/A , N/A,84,stable,-1.3,-3.1,0.6
"Monroe County, Iowa(7)",19135,Rural,67,46.9,93.9,N/A , N/A , N/A,7,stable,-0.2,-1.8,1.5
"Beauregard Parish, Louisiana(7)",22011,Rural,67,56.5,78.9,N/A , N/A , N/A,30,stable,-0.9,-2.3,0.7
"Columbiana County, Ohio(2)",39029,Rural,67,61.3,73.1,N/A , N/A , N/A,109,falling,-1.0,-1.9,-0.2
"Phelps County, Missouri(2)",29161,Rural,67,57.8,77.3,N/A , N/A , N/A,39,falling,-1.3,-2.5,-0.2
"Bell County, Texas(7)",48027,Urban,66.9,63,71.1,N/A , N/A , N/A,226,falling,-1.0,-1.5,-0.3
"St. Louis City, Missouri(2)",29510,Urban,66.9,63,71,N/A , N/A , N/A,236,falling,-7.7,-13.7,-3.5
"Jones County, Georgia(7)",13169,Urban,66.9,56,79.6,N/A , N/A , N/A,27,falling,-2.9,-10.9,-0.6
"Tyler County, Texas(7)",48457,Rural,66.9,54.4,81.9,N/A , N/A , N/A,21,stable,-1.1,-2.7,0.6
"Shelby County, Texas(7)",48419,Rural,66.9,54.9,80.9,N/A , N/A , N/A,22,stable,-0.3,-1.6,1.0
"Jefferson County, West Virginia(2)",54037,Urban,66.9,58.8,75.9,N/A , N/A , N/A,53,stable,-1.3,-3.0,0.5
"Mason County, Washington(7)",53045,Rural,66.9,60,74.5,N/A , N/A , N/A,74,falling,-1.5,-2.0,-0.9
"Allegany County, Maryland(2)",24001,Rural,66.9,60,74.4,N/A , N/A , N/A,72,stable,-1.0,-2.2,0.1
"Clarke County, Mississippi(2)",28023,Rural,66.8,52.9,84,N/A , N/A , N/A,16,stable,-0.6,-3.5,2.4
"Person County, North Carolina(2)",37145,Urban,66.8,57.7,77.2,N/A , N/A , N/A,41,falling,-2.9,-4.3,-1.8
"Warren County, Virginia(2)",51187,Urban,66.8,57.3,77.6,N/A , N/A , N/A,37,stable,-0.6,-2.7,1.7
"Alcorn County, Mississippi(2)",28003,Rural,66.8,56.9,78.2,N/A , N/A , N/A,33,stable,-1.9,-3.7,0.0
"Keokuk County, Iowa(7)",19107,Rural,66.8,49.9,88.6,N/A , N/A , N/A,11,stable,-0.7,-1.8,0.4
"Monona County, Iowa(7)",19133,Rural,66.8,49.4,89.6,N/A , N/A , N/A,10,stable,-0.5,-1.9,0.8
"Allendale County, South Carolina(2)",45005,Rural,66.7,47.7,92.2,N/A , N/A , N/A,9,stable,0.6,-2.7,4.2
"Carbon County, Pennsylvania(2)",42025,Urban,66.7,59.8,74.3,N/A , N/A , N/A,72,stable,-0.5,-2.4,1.3
"McCulloch County, Texas(7)",48307,Rural,66.7,47.6,92.2,N/A , N/A , N/A,9,stable,-2.3,-4.7,0.1
"Menominee County, Michigan(2)",26109,Rural,66.7,55.6,79.9,N/A , N/A , N/A,28,stable,0.4,-3.0,4.1
"Kent County, Delaware(2)",10001,Urban,66.7,62.1,71.5,N/A , N/A , N/A,163,falling,-1.5,-2.4,-0.6
"White County, Indiana(2)",18181,Rural,66.6,55.4,79.9,N/A , N/A , N/A,26,falling,-1.6,-2.8,-0.3
"Northumberland County, Virginia(2)",51133,Rural,66.6,52.9,84.9,N/A , N/A , N/A,19,stable,-0.3,-4.1,3.6
"Baldwin County, Georgia(7)",13009,Rural,66.6,57.2,77.2,N/A , N/A , N/A,38,stable,-1.2,-2.4,0.1
"Polk County, Tennessee(2)",47139,Urban,66.6,53.7,82.3,N/A , N/A , N/A,19,falling,-12.5,-23.5,-4.3
"Montgomery County, Ohio(2)",39113,Urban,66.5,63.9,69.3,N/A , N/A , N/A,491,falling,-1.1,-1.6,-0.6
"Saline County, Illinois(7)",17165,Rural,66.5,55.2,79.9,N/A , N/A , N/A,25,falling,-2.3,-3.6,-1.1
"Ripley County, Indiana(2)",18137,Rural,66.5,55.7,79,N/A , N/A , N/A,27,falling,-2.1,-3.3,-0.9
"Woodbury County, Iowa(7)",19193,Urban,66.5,60.1,73.5,N/A , N/A , N/A,81,falling,-0.6,-1.0,-0.1
"Lake County, Minnesota(2)",27075,Rural,66.5,51.7,85.7,N/A , N/A , N/A,15,stable,0.4,-2.5,3.7
"Ogemaw County, Michigan(2)",26129,Rural,66.5,55.6,79.6,N/A , N/A , N/A,29,stable,-1.7,-3.7,0.3
"Hamilton County, Florida(2)",12047,Rural,66.5,51.1,85.7,N/A , N/A , N/A,13,stable,-0.1,-3.4,3.5
"Limestone County, Texas(7)",48293,Rural,66.5,54.4,80.8,N/A , N/A , N/A,22,stable,-0.7,-2.1,0.9
"Yukon-Koyukuk Census Area, Alaska(2)",2290,Rural,66.4,39.9,104.6,N/A , N/A , N/A,4,stable,0.8,-3.7,5.8
"Blair County, Pennsylvania(2)",42013,Urban,66.4,61.2,72.1,N/A , N/A , N/A,125,stable,0.1,-0.9,1.1
"Scott County, Kentucky(7)",21209,Urban,66.4,57.1,76.8,N/A , N/A , N/A,39,falling,-1.8,-3.1,-0.2
"Franklin County, North Carolina(2)",37069,Urban,66.4,59,74.6,N/A , N/A , N/A,61,falling,-9.3,-16.0,-1.2
"Page County, Virginia(2)",51139,Rural,66.4,55.3,79.4,N/A , N/A , N/A,26,stable,-0.8,-2.7,1.1
"Fayette County, Kentucky(7)",21067,Urban,66.4,62.5,70.4,N/A , N/A , N/A,231,falling,-1.6,-2.2,-0.9
"Tattnall County, Georgia(7)",13267,Rural,66.4,53.6,81.4,N/A , N/A , N/A,19,falling,-2.9,-5.2,-0.5
"Washington County, Kentucky(7)",21229,Rural,66.3,50,86.9,N/A , N/A , N/A,12,stable,0.3,-2.1,3.1
"Aitkin County, Minnesota(2)",27001,Rural,66.3,54.8,81,N/A , N/A , N/A,25,falling,-14.8,-22.2,-4.8
"Wythe County, Virginia(2)",51197,Rural,66.3,56,78.3,N/A , N/A , N/A,31,stable,-0.2,-1.6,1.2
"Scott County, Iowa(7)",19163,Urban,66.3,61.6,71.3,N/A , N/A , N/A,152,falling,-0.8,-1.4,-0.2
"Northampton County, Virginia(2)",51131,Rural,66.3,50.4,86.5,N/A , N/A , N/A,15,falling,-3.2,-5.6,-1.0
"Washington County, Oklahoma(2)",40147,Rural,66.3,58.3,75.2,N/A , N/A , N/A,51,stable,-0.6,-1.8,0.7
"Bureau County, Illinois(7)",17011,Rural,66.2,56.8,77.1,N/A , N/A , N/A,36,stable,-0.3,-1.4,0.9
"Cape May County, New Jersey(7)",34009,Urban,66.2,60.7,72.2,N/A , N/A , N/A,122,falling,-1.2,-2.3,-0.1
"Jackson County, Missouri(2)",29095,Urban,66.2,63.8,68.8,N/A , N/A , N/A,571,falling,-1.4,-3.0,-1.0
"Wise County, Texas(7)",48497,Urban,66.2,58.4,74.7,N/A , N/A , N/A,56,falling,-7.6,-13.9,-0.1
"Woodford County, Illinois(7)",17203,Urban,66.2,56.6,77,N/A , N/A , N/A,36,stable,1.1,-0.2,2.6
"Yell County, Arkansas(2)",5149,Rural,66.1,53.1,81.6,N/A , N/A , N/A,18,falling,-3.0,-4.7,-1.4
"Beaver County, Pennsylvania(2)",42007,Urban,66.1,61.7,70.8,N/A , N/A , N/A,180,stable,-0.6,-1.4,0.2
"Cotton County, Oklahoma(2)",40033,Urban,66.1,43.3,98.5,N/A , N/A , N/A,6,stable,-0.2,-3.3,2.9
"Daviess County, Indiana(2)",18027,Rural,66,55,78.7,N/A , N/A , N/A,26,stable,0.3,-1.7,2.4
"Wayne County, Michigan(2)",26163,Urban,66,64.5,67.6,N/A , N/A , N/A,1468,falling,-2.7,-3.4,-2.3
"Richland County, Ohio(2)",39139,Urban,66,60.8,71.6,N/A , N/A , N/A,121,stable,-0.2,-0.9,0.5
"Adams County, Wisconsin(2)",55001,Rural,66,55.5,79,N/A , N/A , N/A,30,stable,0.6,-1.4,2.7
"Johnson County, Tennessee(2)",47091,Rural,66,53.6,81.2,N/A , N/A , N/A,20,stable,-0.5,-4.2,3.6
"Falls County, Texas(7)",48145,Urban,66,52.2,82.7,N/A , N/A , N/A,16,stable,-1.6,-3.9,0.8
"Cecil County, Maryland(2)",24015,Urban,66,59.9,72.6,N/A , N/A , N/A,91,stable,-2.0,-12.8,1.3
"Duplin County, North Carolina(2)",37061,Rural,66,57.8,75.2,N/A , N/A , N/A,48,stable,0.0,-1.6,1.7
"Columbia County, Oregon(2)",41009,Urban,66,58.1,74.8,N/A , N/A , N/A,53,stable,-1.3,-3.1,0.8
"Texas County, Missouri(2)",29215,Rural,66,54.8,79.1,N/A , N/A , N/A,26,stable,-1.4,-3.2,0.2
"Troup County, Georgia(7)",13285,Rural,66,58.3,74.4,N/A , N/A , N/A,56,stable,-1.0,-2.3,0.3
"St. Joseph County, Michigan(2)",26149,Rural,65.9,58.3,74.5,N/A , N/A , N/A,56,falling,-1.5,-2.9,-0.1
"Perry County, Pennsylvania(2)",42099,Urban,65.9,57.5,75.4,N/A , N/A , N/A,47,stable,-0.7,-2.1,0.8
"Comanche County, Oklahoma(2)",40031,Urban,65.9,59.6,72.7,N/A , N/A , N/A,84,stable,-1.5,-3.2,0.3
"Essex County, Virginia(2)",51057,Rural,65.9,49.3,87.4,N/A , N/A , N/A,12,stable,-0.7,-3.3,1.9
"Montour County, Pennsylvania(2)",42093,Rural,65.9,52.7,81.8,N/A , N/A , N/A,19,stable,1.4,-1.9,5.2
"Montague County, Texas(7)",48337,Rural,65.8,53.8,80.3,N/A , N/A , N/A,22,stable,0.4,-1.1,2.0
"Crawford County, Pennsylvania(2)",42039,Rural,65.8,59.6,72.6,N/A , N/A , N/A,88,stable,-0.5,-1.5,0.5
"Carter County, Oklahoma(2)",40019,Rural,65.8,57,75.6,N/A , N/A , N/A,42,falling,-2.2,-3.4,-1.0
"Duval County, Florida(2)",12031,Urban,65.7,63.6,67.9,N/A , N/A , N/A,772,falling,-2.0,-3.7,-1.7
"Washington County, Mississippi(2)",28151,Rural,65.7,56.5,76.2,N/A , N/A , N/A,39,stable,-0.2,-2.1,1.7
"Moody County, South Dakota(2)",46101,Rural,65.7,44.7,94.8,N/A , N/A , N/A,6,stable,-0.3,-5.1,5.1
"Mohave County, Arizona(2)",4015,Urban,65.7,62.2,69.3,N/A , N/A , N/A,311,falling,-1.9,-2.6,-1.2
"Glades County, Florida(2)",12043,Rural,65.7,51.4,84.1,N/A , N/A , N/A,15,stable,-1.8,-4.1,0.4
"Wexford County, Michigan(2)",26165,Rural,65.7,55.8,77,N/A , N/A , N/A,34,falling,-3.1,-11.0,-1.1
"Johnson County, Indiana(2)",18081,Urban,65.6,60.5,71,N/A , N/A , N/A,127,falling,-1.4,-2.6,-0.1
"Lee County, Iowa(7)",19111,Rural,65.6,56,76.6,N/A , N/A , N/A,35,stable,-0.9,-1.7,0.0
"Leake County, Mississippi(2)",28079,Rural,65.6,52.9,80.7,N/A , N/A , N/A,19,falling,-9.8,-20.9,-2.5
"St. Bernard Parish, Louisiana(7)",22087,Urban,65.6,55,77.6,N/A , N/A , N/A,30,stable,5.7,-4.0,14.2
"Clarke County, Iowa(7)",19039,Rural,65.6,47.4,89,N/A , N/A , N/A,9,stable,-9.0,-23.9,1.9
"Bossier Parish, Louisiana(7)",22015,Urban,65.5,59.7,71.7,N/A , N/A , N/A,98,falling,-1.3,-2.1,-0.4
"Catoosa County, Georgia(7)",13047,Urban,65.5,58.4,73.4,N/A , N/A , N/A,63,falling,-2.0,-3.2,-0.7
"Hamilton County, Texas(7)",48193,Rural,65.5,47.1,89.9,N/A , N/A , N/A,9,stable,-1.6,-4.7,1.7
"Wayne County, Illinois(7)",17191,Rural,65.4,52.4,81.4,N/A , N/A , N/A,18,stable,-1.4,-2.9,0.2
"Waushara County, Wisconsin(2)",55137,Rural,65.4,55.2,77.5,N/A , N/A , N/A,31,stable,-1.2,-2.9,0.5
"Stephens County, Oklahoma(2)",40137,Rural,65.4,56.7,75.1,N/A , N/A , N/A,43,falling,-1.9,-3.2,-0.7
"Alexander County, North Carolina(2)",37003,Urban,65.4,56,76.1,N/A , N/A , N/A,36,stable,-1.2,-2.7,0.4
"Howard County, Arkansas(2)",5061,Rural,65.3,48.8,86.1,N/A , N/A , N/A,11,falling,-3.3,-6.1,-0.8
"Elmore County, Alabama(2)",1051,Urban,65.3,58.7,72.6,N/A , N/A , N/A,73,falling,-2.1,-3.1,-1.0
"Whitfield County, Georgia(7)",13313,Urban,65.3,59,72.2,N/A , N/A , N/A,79,falling,-2.6,-3.5,-1.7
"McHenry County, North Dakota(2)",38049,Urban,65.3,43.1,97.2,N/A , N/A , N/A,6,stable,1.3,-2.0,5.0
"Plaquemines Parish, Louisiana(7)",22075,Urban,65.3,52.1,80.9,N/A , N/A , N/A,18,stable,-1.5,-4.2,1.3
"Todd County, South Dakota(2)",46121,Rural,65.3,37.1,104.6,N/A , N/A , N/A,4,*,*,*,*
"Lycoming County, Pennsylvania(2)",42081,Urban,65.3,59.8,71.1,N/A , N/A , N/A,111,stable,-0.1,-1.0,0.8
"Atlantic County, New Jersey(7)",34001,Urban,65.3,61.7,69,N/A , N/A , N/A,257,falling,-1.3,-2.1,-0.6
"Lee County, Virginia(2)",51105,Rural,65.2,54.1,78.6,N/A , N/A , N/A,25,falling,-3.8,-5.6,-2.2
"Humphreys County, Mississippi(2)",28053,Rural,65.2,44.8,92.7,N/A , N/A , N/A,7,stable,-2.6,-7.4,1.7
"Amherst County, Virginia(2)",51009,Urban,65.2,55.4,76.6,N/A , N/A , N/A,33,falling,-2.2,-4.1,-0.3
"Allen County, Ohio(2)",39003,Urban,65.2,59.3,71.7,N/A , N/A , N/A,92,stable,-0.8,-6.9,1.4
"Franklin County, Maine(2)",23007,Rural,65.2,55.4,76.6,N/A , N/A , N/A,33,stable,0.2,-1.6,2.2
"Chippewa County, Michigan(2)",26033,Rural,65.2,55.5,76.3,N/A , N/A , N/A,33,stable,-0.8,-2.7,1.2
"Union County, Arkansas(2)",5139,Rural,65.2,55.7,75.9,N/A , N/A , N/A,36,stable,-1.4,-2.9,0.0
"Chautauqua County, New York(7)",36013,Rural,65.2,60.1,70.6,N/A , N/A , N/A,129,stable,-6.1,-11.5,0.0
"Alfalfa County, Oklahoma(2)",40003,Rural,65.2,43.1,96.6,N/A , N/A , N/A,6,stable,-1.5,-5.1,2.0
"Trumbull County, Ohio(2)",39155,Urban,65.1,61.1,69.4,N/A , N/A , N/A,210,falling,-3.1,-10.5,-1.4
"Ionia County, Michigan(2)",26067,Urban,65.1,57.4,73.7,N/A , N/A , N/A,54,stable,-0.2,-2.3,2.1
"Jefferson County, Pennsylvania(2)",42065,Rural,65.1,56.7,74.6,N/A , N/A , N/A,45,stable,0.6,-1.9,3.3
"Lucas County, Ohio(2)",39095,Urban,65.1,62.1,68.2,N/A , N/A , N/A,369,falling,-1.5,-2.8,-1.1
"Gratiot County, Michigan(2)",26057,Rural,65.1,55.8,75.7,N/A , N/A , N/A,36,falling,-9.9,-17.3,-0.2
"Winston County, Alabama(2)",1133,Rural,65.1,54,78.2,N/A , N/A , N/A,26,falling,-2.7,-4.4,-1.2
"Parker County, Texas(7)",48367,Urban,65.1,59.9,70.7,N/A , N/A , N/A,121,falling,-10.1,-16.1,-5.4
"Brunswick County, Virginia(2)",51025,Rural,65.1,51.8,81.4,N/A , N/A , N/A,18,stable,0.0,-2.4,2.6
"Seneca County, Ohio(2)",39147,Rural,65.1,57.2,73.8,N/A , N/A , N/A,52,stable,-0.3,-2.0,1.6
"Warren County, New York(7)",36113,Urban,65.1,58.5,72.4,N/A , N/A , N/A,74,stable,-0.8,-1.8,0.3
"Talladega County, Alabama(2)",1121,Rural,65.1,58.5,72.2,N/A , N/A , N/A,76,stable,-1.0,-2.1,0.1
"Chenango County, New York(7)",36017,Rural,65.1,57,74.2,N/A , N/A , N/A,50,stable,0.2,-1.3,1.7
"Franklin County, Tennessee(2)",47051,Rural,65,56.4,74.9,N/A , N/A , N/A,43,stable,-0.8,-2.4,0.9
"Carlton County, Minnesota(2)",27017,Urban,65,55.2,76.2,N/A , N/A , N/A,33,stable,-0.1,-1.7,1.7
"York County, Maine(2)",23031,Urban,65,61.1,69.1,N/A , N/A , N/A,222,falling,-5.7,-9.3,-1.1
"Pontotoc County, Oklahoma(2)",40123,Rural,65,55.3,76,N/A , N/A , N/A,33,stable,-0.9,-2.4,0.6
"Washington County, Pennsylvania(2)",42125,Urban,65,61.1,69.1,N/A , N/A , N/A,217,falling,-0.9,-1.6,-0.2
"Sanilac County, Michigan(2)",26151,Rural,64.9,56.5,74.5,N/A , N/A , N/A,45,stable,0.3,-1.5,2.3
"Ocean County, New Jersey(7)",34029,Urban,64.9,62.7,67.2,N/A , N/A , N/A,682,falling,-5.2,-6.7,-3.4
"Stewart County, Georgia(7)",13259,Urban,64.9,38.6,104.5,N/A , N/A , N/A,4,stable,-0.1,-3.6,3.4
"Wirt County, West Virginia(2)",54105,Urban,64.9,43.7,95.8,N/A , N/A , N/A,6,stable,-1.0,-5.6,3.8
"Grayson County, Texas(7)",48181,Urban,64.9,59.7,70.4,N/A , N/A , N/A,122,falling,-1.8,-2.6,-1.1
"Burnett County, Wisconsin(2)",55013,Rural,64.9,53.1,79.7,N/A , N/A , N/A,24,stable,0.5,-1.7,3.1
"Franklin County, Indiana(2)",18047,Urban,64.9,52.8,79.1,N/A , N/A , N/A,21,stable,-1.3,-2.9,0.4
"Steuben County, Indiana(2)",18151,Rural,64.8,55.3,75.7,N/A , N/A , N/A,35,stable,-0.3,-2.1,1.8
"Wichita County, Texas(7)",48485,Urban,64.8,59.1,70.9,N/A , N/A , N/A,98,falling,-2.0,-2.8,-1.3
"Milwaukee County, Wisconsin(2)",55079,Urban,64.8,62.6,67.1,N/A , N/A , N/A,670,falling,-4.1,-6.6,-1.3
"Turner County, South Dakota(2)",46125,Urban,64.8,46.5,88.8,N/A , N/A , N/A,9,stable,1.1,-2.8,5.7
"Erie County, Pennsylvania(2)",42049,Urban,64.7,61.1,68.6,N/A , N/A , N/A,251,falling,-0.8,-1.2,-0.4
"Warrick County, Indiana(2)",18173,Urban,64.7,57.3,72.9,N/A , N/A , N/A,58,stable,-0.8,-2.5,0.9
"Hale County, Alabama(2)",1065,Urban,64.7,50.2,82.6,N/A , N/A , N/A,14,rising,8.4,1.6,26.3
"Racine County, Wisconsin(2)",55101,Urban,64.7,60.3,69.3,N/A , N/A , N/A,172,stable,-0.3,-1.3,0.7
"Sullivan County, Missouri(2)",29211,Rural,64.7,43,95.1,N/A , N/A , N/A,6,stable,-3.3,-7.6,0.3
"Yuba County, California(7)",6115,Urban,64.7,57,73.1,N/A , N/A , N/A,55,falling,-2.4,-4.0,-0.8
"Beckham County, Oklahoma(2)",40009,Rural,64.7,51.4,80.5,N/A , N/A , N/A,17,stable,-1.1,-4.5,2.4
"Bay County, Michigan(2)",26017,Urban,64.7,59.1,70.6,N/A , N/A , N/A,106,falling,-1.3,-2.5,-0.2
"Johnson County, Illinois(7)",17087,Rural,64.7,49.9,83.2,N/A , N/A , N/A,13,stable,-1.0,-3.1,1.5
"Tallapoosa County, Alabama(2)",1123,Rural,64.6,56.2,74.2,N/A , N/A , N/A,45,stable,-0.4,-2.0,1.3
"Pike County, Mississippi(2)",28113,Rural,64.6,55.1,75.5,N/A , N/A , N/A,34,falling,-1.6,-2.6,-0.7
"Erie County, New York(7)",36029,Urban,64.6,62.7,66.6,N/A , N/A , N/A,870,falling,-1.9,-3.4,-1.2
"Gulf County, Florida(2)",12045,Rural,64.6,51.3,81.3,N/A , N/A , N/A,17,stable,-3.5,-21.6,0.7
"Isabella County, Michigan(2)",26073,Rural,64.6,56.1,74.1,N/A , N/A , N/A,44,stable,-0.8,-2.5,1.0
"Darlington County, South Carolina(2)",45031,Urban,64.6,57.4,72.7,N/A , N/A , N/A,61,stable,-0.6,-1.8,0.7
"Knox County, Tennessee(2)",47093,Urban,64.6,61.7,67.6,N/A , N/A , N/A,385,falling,-4.7,-6.9,-2.7
"Sargent County, North Dakota(2)",38081,Rural,64.6,40.2,102.2,N/A , N/A , N/A,4,*,*,*,*
"Lackawanna County, Pennsylvania(2)",42069,Urban,64.6,60.7,68.7,N/A , N/A , N/A,213,stable,-0.1,-0.9,0.7
"Livingston County, New York(7)",36051,Urban,64.6,57.1,72.8,N/A , N/A , N/A,58,stable,-1.0,-2.3,0.5
"Fredericksburg City, Virginia(2)",51630,Urban,64.6,51,80.6,N/A , N/A , N/A,16,stable,-0.8,-3.7,2.4
"Shelby County, Ohio(2)",39149,Rural,64.5,55.7,74.5,N/A , N/A , N/A,41,stable,0.1,-1.3,1.5
"Anderson County, South Carolina(2)",45007,Urban,64.5,60.3,68.9,N/A , N/A , N/A,184,falling,-1.7,-2.6,-0.9
"Luzerne County, Pennsylvania(2)",42079,Urban,64.5,61.3,67.8,N/A , N/A , N/A,314,falling,-5.1,-9.1,-0.7
"Madison County, New York(7)",36053,Urban,64.5,57.5,72.1,N/A , N/A , N/A,66,stable,-1.0,-1.9,0.0
"Putnam County, Tennessee(2)",47141,Rural,64.5,57.4,72.2,N/A , N/A , N/A,63,falling,-1.9,-3.3,-0.5
"Hardin County, Texas(7)",48199,Urban,64.5,56.5,73.3,N/A , N/A , N/A,49,falling,-1.8,-3.4,-0.1
"Pulaski County, Virginia(2)",51155,Urban,64.5,55.1,75.2,N/A , N/A , N/A,36,stable,-6.9,-14.1,0.2
"Butler County, Ohio(2)",39017,Urban,64.4,61.1,67.8,N/A , N/A , N/A,300,falling,-1.3,-2.2,-0.4
"Spartanburg County, South Carolina(2)",45083,Urban,64.4,60.9,68,N/A , N/A , N/A,269,falling,-1.5,-2.2,-0.7
"Henry County, Ohio(2)",39069,Rural,64.4,53.4,77.1,N/A , N/A , N/A,26,stable,1.1,-1.3,3.7
"Mercer County, North Dakota(2)",38057,Rural,64.4,46.1,88.7,N/A , N/A , N/A,8,stable,2.5,-1.6,7.7
"Hampton County, South Carolina(2)",45049,Rural,64.3,51.4,80,N/A , N/A , N/A,18,falling,-2.7,-5.1,-0.4
"Cleburne County, Alabama(2)",1029,Rural,64.3,50.1,81.9,N/A , N/A , N/A,14,stable,-1.3,-3.6,1.2
"Marquette County, Wisconsin(2)",55077,Rural,64.3,51.9,79.9,N/A , N/A , N/A,20,falling,-2.8,-4.9,-0.8
"George County, Mississippi(2)",28039,Rural,64.3,50.9,80.2,N/A , N/A , N/A,18,stable,0.4,-1.9,2.8
"Adair County, Oklahoma(2)",40001,Rural,64.3,50.9,80.3,N/A , N/A , N/A,16,stable,-0.7,-3.2,1.9
"Pocahontas County, West Virginia(2)",54075,Rural,64.3,46.1,88.9,N/A , N/A , N/A,9,stable,-1.4,-4.9,1.9
"Richmond County, Georgia(7)",13245,Urban,64.2,59.6,69.1,N/A , N/A , N/A,155,falling,-1.7,-2.4,-1.0
"Harrison County, Texas(7)",48203,Urban,64.2,57,72.2,N/A , N/A , N/A,59,falling,-2.0,-3.2,-0.8
"Webster County, Missouri(2)",29225,Urban,64.2,54.5,75.3,N/A , N/A , N/A,32,falling,-1.9,-3.5,-0.3
"Yates County, New York(7)",36123,Rural,64.2,53,77.3,N/A , N/A , N/A,25,stable,-0.7,-1.9,0.7
"Monroe County, West Virginia(2)",54063,Rural,64.1,49.9,82.2,N/A , N/A , N/A,15,stable,-1.2,-3.1,0.7
"Manistee County, Michigan(2)",26101,Rural,64.1,54.1,76,N/A , N/A , N/A,31,falling,-1.5,-2.7,-0.3
"Halifax County, North Carolina(2)",37083,Rural,64.1,56.3,72.9,N/A , N/A , N/A,50,falling,-10.5,-20.8,-0.5
"Ransom County, North Dakota(2)",38073,Rural,64.1,41.6,96.1,N/A , N/A , N/A,5,stable,-2.1,-6.9,2.3
"Wayne County, Mississippi(2)",28153,Rural,64,50.6,80.1,N/A , N/A , N/A,17,stable,-0.5,-3.4,2.3
"Washington County, Georgia(7)",13303,Rural,64,51.4,79.2,N/A , N/A , N/A,18,falling,-1.6,-7.8,-0.3
"Bristol County, Massachusetts(2)",25005,Urban,64,61.5,66.6,N/A , N/A , N/A,500,falling,-5.6,-8.1,-2.2
"Pender County, North Carolina(2)",37141,Urban,64,56.6,72.2,N/A , N/A , N/A,57,stable,-1.0,-2.8,1.0
"Iredell County, North Carolina(2)",37097,Urban,64,59.5,68.8,N/A , N/A , N/A,157,stable,-0.8,-1.9,0.3
"Herkimer County, New York(7)",36043,Urban,64,56.8,72,N/A , N/A , N/A,61,stable,-0.4,-1.2,0.5
"Tuscola County, Michigan(2)",26157,Rural,64,56.4,72.4,N/A , N/A , N/A,55,stable,-0.5,-2.1,1.1
"Clark County, Missouri(2)",29045,Rural,64,43.3,92.5,N/A , N/A , N/A,7,stable,-4.0,-21.0,0.7
"Paulding County, Ohio(2)",39125,Rural,64,50.9,79.7,N/A , N/A , N/A,18,falling,-4.3,-14.8,-1.0
"Jackson County, Minnesota(2)",27063,Rural,63.9,46.2,87,N/A , N/A , N/A,10,stable,2.3,-0.7,5.5
"Iowa County, Iowa(7)",19095,Rural,63.9,50.1,80.8,N/A , N/A , N/A,16,stable,0.0,-1.2,1.2
"Sumner County, Tennessee(2)",47165,Urban,63.9,59.5,68.6,N/A , N/A , N/A,160,falling,-1.3,-2.2,-0.3
"LaMoure County, North Dakota(2)",38045,Rural,63.9,37.5,104.4,N/A , N/A , N/A,4,stable,1.4,-4.0,7.1
"Marshall County, Iowa(7)",19127,Rural,63.9,54.8,74.2,N/A , N/A , N/A,36,falling,-0.9,-1.7,-0.1
"Lincoln County, Montana(2)",30053,Rural,63.9,52.5,77.7,N/A , N/A , N/A,26,stable,-1.5,-4.2,1.3
"Lucas County, Iowa(7)",19117,Rural,63.9,46.4,87,N/A , N/A , N/A,9,stable,-0.4,-1.8,1.1
"Miami County, Ohio(2)",39109,Urban,63.9,58.3,69.9,N/A , N/A , N/A,99,stable,3.2,-0.7,6.9
"Switzerland County, Indiana(2)",18155,Rural,63.8,46.4,86.5,N/A , N/A , N/A,9,stable,-1.9,-4.9,1.0
"Franklin County, Nebraska(2)",31061,Rural,63.8,35.9,110.8,N/A , N/A , N/A,3,stable,0.2,-4.8,5.8
"St. Clair County, Michigan(2)",26147,Urban,63.8,59.3,68.7,N/A , N/A , N/A,155,falling,-1.7,-2.6,-0.8
"Hamilton County, Ohio(2)",39061,Urban,63.8,61.6,66.1,N/A , N/A , N/A,649,falling,-5.2,-8.7,-1.3
"Ford County, Illinois(7)",17053,Urban,63.8,48.5,82.8,N/A , N/A , N/A,13,stable,-0.8,-3.0,1.4
"McCook County, South Dakota(2)",46087,Urban,63.8,40.7,96.4,N/A , N/A , N/A,5,*,*,*,*
"Richland County, Illinois(7)",17159,Rural,63.7,50.1,80.4,N/A , N/A , N/A,16,stable,-0.4,-2.4,1.7
"Clarendon County, South Carolina(2)",45027,Rural,63.7,54.2,74.8,N/A , N/A , N/A,35,stable,-0.3,-2.7,2.1
"Cumberland County, New Jersey(7)",34011,Urban,63.7,58.6,69.1,N/A , N/A , N/A,120,falling,-0.9,-1.5,-0.3
"Missaukee County, Michigan(2)",26113,Rural,63.7,50.1,80.5,N/A , N/A , N/A,16,stable,-1.0,-4.0,2.1
"Union County, Iowa(7)",19175,Rural,63.7,48.1,83.4,N/A , N/A , N/A,12,stable,-0.4,-2.0,1.3
"Vanderburgh County, Indiana(2)",18163,Urban,63.7,59.1,68.5,N/A , N/A , N/A,153,falling,-4.8,-12.7,-1.6
"Hyde County, North Carolina(2)",37095,Rural,63.7,40.9,98.1,N/A , N/A , N/A,5,falling,-4.1,-17.2,-0.8
"Wright County, Missouri(2)",29229,Rural,63.7,50.6,79.4,N/A , N/A , N/A,17,falling,-1.7,-3.3,-0.1
"Walthall County, Mississippi(2)",28147,Rural,63.6,48.6,82.4,N/A , N/A , N/A,13,stable,0.4,-2.0,3.0
"Champaign County, Ohio(2)",39021,Rural,63.6,54.5,74,N/A , N/A , N/A,36,stable,-0.2,-2.1,1.8
"Furnas County, Nebraska(2)",31065,Rural,63.6,38,101.7,N/A , N/A , N/A,4,stable,3.2,-2.4,9.8
"Portsmouth City, Virginia(2)",51740,Urban,63.6,57.1,70.7,N/A , N/A , N/A,73,stable,-1.1,-2.3,0.1
"Columbia County, Arkansas(2)",5027,Rural,63.6,51,78.5,N/A , N/A , N/A,19,stable,-2.1,-4.5,0.0
"Wilcox County, Alabama(2)",1131,Rural,63.6,46.6,85.4,N/A , N/A , N/A,10,stable,-0.2,-3.2,2.7
"Scott County, Illinois(7)",17171,Rural,63.5,40.9,96.7,N/A , N/A , N/A,5,falling,-4.6,-20.1,-1.1
"Monroe County, Ohio(2)",39111,Rural,63.5,49.6,81.1,N/A , N/A , N/A,15,stable,-0.6,-4.3,3.3
"Steuben County, New York(7)",36101,Rural,63.5,57.7,69.8,N/A , N/A , N/A,91,falling,-2.1,-5.7,-1.2
"Dougherty County, Georgia(7)",13095,Urban,63.4,56.7,70.7,N/A , N/A , N/A,68,stable,-1.2,-2.4,0.1
"Henry County, Alabama(2)",1067,Urban,63.4,50.9,78.7,N/A , N/A , N/A,18,stable,-0.5,-2.2,1.4
"Taylor County, Georgia(7)",13269,Rural,63.4,44.8,88.5,N/A , N/A , N/A,8,stable,-0.6,-3.3,2.5
"Hart County, Georgia(7)",13147,Rural,63.4,53.2,75.4,N/A , N/A , N/A,28,stable,-1.0,-2.7,0.7
"Webster County, Mississippi(2)",28155,Rural,63.3,45.9,86,N/A , N/A , N/A,9,stable,-1.9,-4.9,0.9
"Bibb County, Georgia(7)",13021,Urban,63.3,58.3,68.6,N/A , N/A , N/A,123,falling,-3.5,-9.8,-1.4
"Montgomery County, North Carolina(2)",37123,Rural,63.3,52.6,75.8,N/A , N/A , N/A,27,falling,-2.0,-3.1,-0.9
"Claiborne Parish, Louisiana(7)",22027,Rural,63.3,48.9,81.1,N/A , N/A , N/A,14,stable,-0.6,-2.1,0.9
"Madison County, Arkansas(2)",5087,Urban,63.3,50,79.4,N/A , N/A , N/A,16,stable,0.0,-2.7,3.3
"Spalding County, Georgia(7)",13255,Urban,63.3,56.1,71.1,N/A , N/A , N/A,60,stable,-1.0,-2.2,0.4
"Vernon County, Missouri(2)",29217,Rural,63.3,50.6,78.4,N/A , N/A , N/A,18,stable,-1.0,-3.4,1.4
"Fulton County, Indiana(2)",18049,Rural,63.2,51.1,77.7,N/A , N/A , N/A,20,stable,-2.0,-4.2,0.2
"Hampden County, Massachusetts(2)",25013,Urban,63.2,60.4,66.2,N/A , N/A , N/A,398,stable,-3.9,-7.9,0.0
"Union County, Kentucky(7)",21225,Rural,63.2,48.2,82,N/A , N/A , N/A,13,falling,-8.5,-20.3,-3.7
"Dade County, Missouri(2)",29057,Rural,63.2,44.2,89.2,N/A , N/A , N/A,8,stable,-1.8,-4.3,0.6
"Woodford County, Kentucky(7)",21239,Urban,63.2,52.4,75.8,N/A , N/A , N/A,26,falling,-2.2,-3.8,-0.3
"Washita County, Oklahoma(2)",40149,Rural,63.2,45.9,85.3,N/A , N/A , N/A,9,stable,-0.6,-3.7,2.3
"Danville City, Virginia(2)",51590,Rural,63.1,54.5,72.9,N/A , N/A , N/A,41,falling,-1.7,-3.3,-0.3
"Whitley County, Indiana(2)",18183,Urban,63.1,53.3,74.4,N/A , N/A , N/A,31,falling,-10.1,-20.5,-1.5
"Dickenson County, Virginia(2)",51051,Rural,63.1,49.2,80.5,N/A , N/A , N/A,15,falling,-2.9,-5.8,-0.3
"Chilton County, Alabama(2)",1021,Urban,63.1,54.3,73.1,N/A , N/A , N/A,38,falling,-2.0,-3.4,-0.7
"Green Lake County, Wisconsin(2)",55047,Rural,63.1,51,77.7,N/A , N/A , N/A,20,stable,0.2,-1.7,2.2
"Toombs County, Georgia(7)",13279,Rural,63.1,51.9,76.2,N/A , N/A , N/A,23,stable,-1.5,-3.3,0.5
"Miami County, Indiana(2)",18103,Rural,63.1,53.4,74.2,N/A , N/A , N/A,31,falling,-2.2,-3.5,-1.0
"Morton County, North Dakota(2)",38059,Urban,63.1,52.6,75.1,N/A , N/A , N/A,27,stable,-0.7,-2.8,1.6
"Clearwater County, Idaho(7)",16035,Rural,63.1,47.8,83.9,N/A , N/A , N/A,12,stable,-0.5,-2.5,2.0
"Choctaw County, Oklahoma(2)",40023,Rural,63.1,48.9,80.6,N/A , N/A , N/A,14,falling,-4.2,-6.8,-2.0
"Rutherford County, Tennessee(2)",47149,Urban,63,59,67.3,N/A , N/A , N/A,195,falling,-1.3,-2.1,-0.3
"Allegany County, New York(7)",36003,Rural,63,54.6,72.5,N/A , N/A , N/A,43,stable,-0.7,-1.9,0.6
"Muscogee County, Georgia(7)",13215,Urban,63,58.5,67.9,N/A , N/A , N/A,146,falling,-1.3,-1.9,-0.6
"Trempealeau County, Wisconsin(2)",55121,Rural,63,52.6,75.1,N/A , N/A , N/A,26,stable,1.2,-0.6,3.2
"Waldo County, Maine(2)",23027,Rural,63,54.7,72.5,N/A , N/A , N/A,45,falling,-1.5,-2.8,-0.1
"Lafayette County, Missouri(2)",29107,Urban,63,53.4,74.1,N/A , N/A , N/A,31,stable,-0.9,-2.6,0.9
"Sullivan County, New York(7)",36105,Rural,63,56.5,70.1,N/A , N/A , N/A,72,falling,-1.5,-2.4,-0.6
"Monroe County, Pennsylvania(2)",42089,Rural,63,58.4,67.8,N/A , N/A , N/A,152,falling,-1.4,-2.3,-0.5
"Newton County, Arkansas(2)",5101,Rural,63,45.3,87.6,N/A , N/A , N/A,9,stable,-0.1,-2.8,2.6
"Stephens County, Texas(7)",48429,Rural,63,45.2,86.3,N/A , N/A , N/A,9,stable,-2.0,-4.9,0.8
"Johnson County, Texas(7)",48251,Urban,62.9,58.1,68.1,N/A , N/A , N/A,130,falling,-1.3,-2.0,-0.5
"Kiowa County, Oklahoma(2)",40075,Rural,62.9,44.5,87.5,N/A , N/A , N/A,8,stable,-1.2,-4.2,1.6
"Shiawassee County, Michigan(2)",26155,Rural,62.9,56,70.6,N/A , N/A , N/A,64,stable,0.2,-1.4,1.8
"Wilson County, Tennessee(2)",47189,Urban,62.9,57.8,68.4,N/A , N/A , N/A,117,falling,-2.0,-3.8,-1.0
"Clinton County, Pennsylvania(2)",42035,Rural,62.9,53.7,73.4,N/A , N/A , N/A,35,rising,10.1,0.9,17.7
"Gloucester County, New Jersey(7)",34015,Urban,62.9,59.3,66.6,N/A , N/A , N/A,241,falling,-4.9,-8.8,-2.3
"Crook County, Oregon(2)",41013,Urban,62.8,52.4,75.2,N/A , N/A , N/A,28,stable,-0.4,-2.7,2.1
"Wilson County, North Carolina(2)",37195,Rural,62.8,56.4,69.9,N/A , N/A , N/A,72,falling,-1.0,-1.7,-0.2
"Juniata County, Pennsylvania(2)",42067,Rural,62.8,51.5,76.2,N/A , N/A , N/A,23,stable,1.9,0.0,4.2
"Lowndes County, Mississippi(2)",28087,Rural,62.8,54.8,71.6,N/A , N/A , N/A,47,stable,-0.7,-2.0,0.7
"Becker County, Minnesota(2)",27005,Rural,62.8,53.7,73.3,N/A , N/A , N/A,36,stable,1.0,-0.7,2.8
"Gallatin County, Illinois(7)",17059,Rural,62.8,40.8,95.2,N/A , N/A , N/A,6,stable,-1.2,-5.0,2.6
"Lorain County, Ohio(2)",39093,Urban,62.8,59.5,66.2,N/A , N/A , N/A,286,falling,-1.4,-1.8,-0.9
"Forsyth County, North Carolina(2)",37067,Urban,62.8,59.6,66.1,N/A , N/A , N/A,302,falling,-1.3,-1.8,-0.7
"Muscatine County, Iowa(7)",19139,Rural,62.7,53.8,72.9,N/A , N/A , N/A,36,stable,-0.4,-1.3,0.6
"Carroll County, Arkansas(2)",5015,Rural,62.7,52.6,74.6,N/A , N/A , N/A,29,stable,-12.6,-25.2,0.2
"Polk County, Minnesota(2)",27119,Urban,62.7,52.3,74.8,N/A , N/A , N/A,27,rising,2.3,0.8,3.9
"Pacific County, Washington(2)",53049,Rural,62.7,52.9,74.6,N/A , N/A , N/A,33,falling,-1.9,-3.6,-0.2
"Morgan County, Alabama(2)",1103,Urban,62.7,57.4,68.4,N/A , N/A , N/A,107,falling,-1.5,-2.5,-0.5
"Mecosta County, Michigan(2)",26107,Rural,62.7,53.7,72.9,N/A , N/A , N/A,38,falling,-5.1,-10.0,-2.6
"Russell County, Alabama(2)",1113,Urban,62.6,54.6,71.6,N/A , N/A , N/A,46,stable,-0.6,-2.6,1.5
"Nye County, Nevada(2)",32023,Rural,62.6,55.7,70.4,N/A , N/A , N/A,69,falling,-2.4,-3.7,-1.0
"Cherokee County, North Carolina(2)",37039,Rural,62.6,53.8,73,N/A , N/A , N/A,40,stable,-0.5,-2.5,1.7
"Montgomery County, Arkansas(2)",5097,Rural,62.6,46.6,84.4,N/A , N/A , N/A,11,stable,-2.1,-5.6,1.5
"Holt County, Missouri(2)",29087,Rural,62.6,38.8,99,N/A , N/A , N/A,5,*,*,*,*
"Grant Parish, Louisiana(7)",22043,Urban,62.6,49.8,77.8,N/A , N/A , N/A,17,falling,-2.1,-3.7,-0.4
"Polk County, Iowa(7)",19153,Urban,62.6,59.5,65.7,N/A , N/A , N/A,330,falling,-2.2,-5.4,-1.2
"Polk County, Florida(2)",12105,Urban,62.6,60.4,64.7,N/A , N/A , N/A,675,falling,-2.0,-2.5,-1.5
"Alleghany County, North Carolina(2)",37005,Rural,62.5,47.7,81.9,N/A , N/A , N/A,13,stable,-0.6,-3.5,2.4
"Marshall County, Alabama(2)",1095,Rural,62.5,56.4,69.1,N/A , N/A , N/A,80,falling,-2.0,-2.9,-1.2
"Nicholas County, West Virginia(2)",54067,Rural,62.5,52,75,N/A , N/A , N/A,26,falling,-2.1,-4.0,-0.2
"Sherburne County, Minnesota(2)",27141,Urban,62.5,55.4,70.3,N/A , N/A , N/A,60,stable,0.7,-0.4,2.0
"Le Sueur County, Minnesota(2)",27079,Urban,62.5,51.9,74.9,N/A , N/A , N/A,25,stable,0.2,-1.6,2.1
"Otsego County, New York(7)",36077,Rural,62.5,55.1,70.7,N/A , N/A , N/A,56,stable,-1.1,-2.2,0.0
"Winnebago County, Illinois(7)",17201,Urban,62.5,59,66.2,N/A , N/A , N/A,243,falling,-1.0,-1.6,-0.4
"Clay County, North Carolina(2)",37043,Rural,62.4,48.4,81,N/A , N/A , N/A,15,stable,-0.7,-4.0,2.7
"Logan County, Ohio(2)",39091,Rural,62.4,54.1,71.8,N/A , N/A , N/A,43,stable,-1.0,-2.4,0.5
"Unicoi County, Tennessee(2)",47171,Urban,62.4,50.4,77.1,N/A , N/A , N/A,19,falling,-3.4,-13.7,-0.4
"Autauga County, Alabama(2)",1001,Urban,62.4,54.5,71.1,N/A , N/A , N/A,47,stable,-1.5,-2.9,0.0
"Bay County, Florida(2)",12005,Urban,62.4,58,67,N/A , N/A , N/A,159,falling,-3.2,-7.9,-1.9
"Wright County, Minnesota(2)",27171,Urban,62.4,56.7,68.4,N/A , N/A , N/A,94,stable,0.1,-1.3,1.7
"Floyd County, Indiana(2)",18043,Urban,62.3,55.6,69.7,N/A , N/A , N/A,66,falling,-11.6,-23.3,-1.0
"Burleson County, Texas(7)",48051,Urban,62.3,49.6,77.8,N/A , N/A , N/A,18,falling,-1.6,-2.9,-0.1
"Noxubee County, Mississippi(2)",28103,Rural,62.3,44.4,85.5,N/A , N/A , N/A,8,stable,-1.2,-6.0,3.2
"Schoolcraft County, Michigan(2)",26153,Rural,62.3,46.1,84.9,N/A , N/A , N/A,10,stable,-1.5,-4.4,1.4
"Benton County, Iowa(7)",19011,Urban,62.3,51.2,75.4,N/A , N/A , N/A,23,stable,0.3,-0.7,1.5
"Mitchell County, Georgia(7)",13205,Rural,62.3,50.1,76.9,N/A , N/A , N/A,19,falling,-2.0,-3.4,-0.6
"Grayson County, Virginia(2)",51077,Rural,62.3,49.8,77.9,N/A , N/A , N/A,18,falling,-1.8,-3.1,-0.5
"Sandusky County, Ohio(2)",39143,Rural,62.3,54.9,70.5,N/A , N/A , N/A,55,stable,-1.0,-2.2,0.1
"Okaloosa County, Florida(2)",12091,Urban,62.3,58,66.8,N/A , N/A , N/A,164,falling,-2.1,-2.7,-1.5
"Grays Harbor County, Washington(7)",53027,Rural,62.3,56,69.1,N/A , N/A , N/A,79,falling,-3.2,-5.8,-2.3
"Palo Pinto County, Texas(7)",48363,Rural,62.3,52.1,74.1,N/A , N/A , N/A,28,stable,-1.2,-2.9,0.6
"Gregg County, Texas(7)",48183,Urban,62.2,56.6,68.3,N/A , N/A , N/A,94,falling,-2.3,-3.4,-1.1
"Tangipahoa Parish, Louisiana(7)",22105,Urban,62.2,56.6,68.2,N/A , N/A , N/A,97,stable,-1.0,-2.2,0.3
"Dodge County, Georgia(7)",13091,Rural,62.2,49.8,77.1,N/A , N/A , N/A,18,falling,-2.9,-13.5,-1.0
"Calhoun County, Michigan(2)",26025,Urban,62.2,57.1,67.6,N/A , N/A , N/A,117,falling,-1.7,-3.0,-0.4
"Brown County, Minnesota(2)",27015,Rural,62.2,51.5,74.8,N/A , N/A , N/A,25,stable,1.4,-0.4,3.5
"Plymouth County, Massachusetts(2)",25023,Urban,62.2,59.7,64.8,N/A , N/A , N/A,478,falling,-6.9,-10.8,-2.8
"Hendry County, Florida(2)",12051,Rural,62.2,52.1,73.7,N/A , N/A , N/A,27,falling,-1.9,-3.6,-0.3
"Benton County, Mississippi(2)",28009,Urban,62.2,41.6,90,N/A , N/A , N/A,6,stable,-0.3,-3.5,2.9
"Payette County, Idaho(7)",16075,Rural,62.1,51.2,75.1,N/A , N/A , N/A,23,stable,-0.6,-2.4,1.6
"Washington County, Tennessee(2)",47179,Urban,62.1,57.1,67.5,N/A , N/A , N/A,118,falling,-1.1,-2.6,-0.4
"Early County, Georgia(7)",13099,Rural,62.1,45.2,83.9,N/A , N/A , N/A,9,stable,-1.9,-5.6,1.6
"Caddo Parish, Louisiana(7)",22017,Urban,62.1,58.2,66.3,N/A , N/A , N/A,198,falling,-1.1,-1.5,-0.6
"Staunton City, Virginia(2)",51790,Urban,62.1,51.7,74.4,N/A , N/A , N/A,25,stable,-0.8,-2.9,1.4
"Moultrie County, Illinois(7)",17139,Rural,62.1,47.5,80.2,N/A , N/A , N/A,13,stable,-0.8,-2.8,1.3
"Lawrence County, Mississippi(2)",28077,Rural,62.1,46.3,82.2,N/A , N/A , N/A,11,stable,-2.4,-5.4,0.3
"Chickasaw County, Iowa(7)",19037,Rural,62.1,46.7,81.6,N/A , N/A , N/A,12,stable,-0.4,-1.6,0.8
"Cass County, Minnesota(2)",27021,Rural,62.1,53.1,72.6,N/A , N/A , N/A,37,stable,-0.8,-2.1,0.6
"Brevard County, Florida(2)",12009,Urban,62.1,59.9,64.3,N/A , N/A , N/A,671,falling,-3.6,-7.6,-1.6
"Pike County, Pennsylvania(2)",42103,Rural,62,55.3,69.5,N/A , N/A , N/A,66,falling,-1.7,-2.7,-0.6
"Jefferson County, Mississippi(2)",28063,Rural,62,41.1,90.7,N/A , N/A , N/A,6,stable,-0.3,-5.1,4.5
"McKean County, Pennsylvania(2)",42083,Rural,62,53.3,72,N/A , N/A , N/A,38,stable,-2.4,-13.8,1.7
"Hubbard County, Minnesota(2)",27057,Rural,62,51.1,75.1,N/A , N/A , N/A,25,stable,0.4,-1.6,2.4
"Tuscarawas County, Ohio(2)",39157,Rural,62,56,68.5,N/A , N/A , N/A,83,stable,-0.3,-1.3,0.8
"Bolivar County, Mississippi(2)",28011,Rural,62,51.3,74.4,N/A , N/A , N/A,25,stable,-2.7,-12.0,0.2
"Beaufort County, North Carolina(2)",37013,Rural,62,54.3,70.8,N/A , N/A , N/A,50,falling,-2.4,-10.9,-0.9
"Newberry County, South Carolina(2)",45071,Rural,62,53,72.3,N/A , N/A , N/A,36,falling,-2.2,-4.3,-0.1
"Moniteau County, Missouri(2)",29135,Urban,62,47.6,79.8,N/A , N/A , N/A,13,stable,-0.4,-15.2,6.7
"Guthrie County, Iowa(7)",19077,Urban,62,46.4,82.2,N/A , N/A , N/A,11,stable,-0.4,-2.3,1.5
"Oneida County, Wisconsin(2)",55085,Rural,62,53.9,71.3,N/A , N/A , N/A,46,stable,-4.0,-10.6,1.9
"Putnam County, Illinois(7)",17155,Rural,62,41.4,91.7,N/A , N/A , N/A,6,stable,-1.9,-4.8,1.3
"Lee County, South Carolina(2)",45061,Rural,61.9,48.2,78.8,N/A , N/A , N/A,15,falling,-11.9,-22.6,-0.5
"Effingham County, Illinois(7)",17049,Rural,61.9,52.2,73.1,N/A , N/A , N/A,30,stable,-1.3,-3.0,0.4
"Josephine County, Oregon(2)",41033,Urban,61.9,56.5,67.8,N/A , N/A , N/A,105,falling,-1.5,-2.3,-0.7
"Carroll County, Mississippi(2)",28015,Rural,61.9,45.2,84,N/A , N/A , N/A,10,stable,0.0,-4.2,4.5
"Sharkey County, Mississippi(2)",28125,Rural,61.9,35.7,102.8,N/A , N/A , N/A,4,stable,-2.2,-7.8,2.5
"Philadelphia County, Pennsylvania(2)",42101,Urban,61.9,60.2,63.6,N/A , N/A , N/A,1099,falling,-5.0,-7.5,-3.5
"Crosby County, Texas(7)",48107,Urban,61.9,39.1,94.8,N/A , N/A , N/A,5,stable,0.1,-2.7,3.0
"Coos County, Oregon(2)",41011,Rural,61.9,55.5,69,N/A , N/A , N/A,76,falling,-2.0,-3.1,-0.9
"Ogle County, Illinois(7)",17141,Rural,61.8,54.1,70.5,N/A , N/A , N/A,47,stable,-0.6,-1.9,0.8
"Rock Island County, Illinois(7)",17161,Urban,61.8,57.1,66.9,N/A , N/A , N/A,131,falling,-1.1,-1.7,-0.4
"Delaware County, New York(7)",36025,Rural,61.8,54,70.7,N/A , N/A , N/A,50,stable,-0.9,-2.2,0.4
"Fall River County, South Dakota(2)",46047,Rural,61.8,44.7,86.3,N/A , N/A , N/A,9,falling,-4.6,-8.1,-1.8
"Boone County, Missouri(2)",29019,Urban,61.7,56.7,67.1,N/A , N/A , N/A,117,stable,-1.1,-2.2,0.2
"Baca County, Colorado(2)",8009,Rural,61.7,34.9,104.4,N/A , N/A , N/A,4,*,*,*,*
"Armstrong County, Pennsylvania(2)",42005,Urban,61.7,55.1,69,N/A , N/A , N/A,68,stable,-0.7,-2.5,1.1
"Shelby County, Iowa(7)",19165,Rural,61.7,46.4,81.1,N/A , N/A , N/A,12,stable,0.8,-0.5,2.3
"Dorchester County, South Carolina(2)",45035,Urban,61.6,56.5,67.1,N/A , N/A , N/A,114,falling,-1.8,-2.5,-1.0
"Nobles County, Minnesota(2)",27105,Rural,61.6,48.8,77,N/A , N/A , N/A,17,stable,2.0,-0.2,4.4
"Pamlico County, North Carolina(2)",37137,Rural,61.6,48.5,78.9,N/A , N/A , N/A,17,stable,-0.4,-3.3,2.8
"Florence County, South Carolina(2)",45041,Urban,61.6,56.6,67.1,N/A , N/A , N/A,114,falling,-2.4,-8.5,-0.4
"Habersham County, Georgia(7)",13137,Rural,61.6,53.4,70.9,N/A , N/A , N/A,41,stable,0.1,-1.3,1.7
"Kemper County, Mississippi(2)",28069,Rural,61.6,44.2,84.8,N/A , N/A , N/A,9,stable,-1.3,-5.6,3.0
"Pickens County, South Carolina(2)",45077,Urban,61.6,56.3,67.2,N/A , N/A , N/A,105,falling,-1.5,-2.4,-0.6
"Williams County, Ohio(2)",39171,Rural,61.6,52.3,72.1,N/A , N/A , N/A,33,stable,-1.0,-2.5,0.4
"Delaware County, Oklahoma(2)",40041,Rural,61.5,53.8,70.4,N/A , N/A , N/A,47,falling,-2.0,-3.4,-0.6
"Cullman County, Alabama(2)",1043,Rural,61.5,55.5,68.2,N/A , N/A , N/A,79,stable,-1.5,-3.1,0.2
"Meeker County, Minnesota(2)",27093,Rural,61.5,50.6,74.6,N/A , N/A , N/A,23,stable,0.5,-1.4,2.6
"Worcester County, Massachusetts(2)",25027,Urban,61.5,59.4,63.7,N/A , N/A , N/A,680,falling,-3.6,-5.7,-1.0
"Osage County, Oklahoma(2)",40113,Urban,61.5,53.5,70.6,N/A , N/A , N/A,44,stable,-1.6,-3.7,0.6
"Polk County, Wisconsin(2)",55095,Rural,61.5,53.6,70.5,N/A , N/A , N/A,46,stable,1.0,-0.4,2.6
"Appling County, Georgia(7)",13001,Rural,61.5,48.3,77.6,N/A , N/A , N/A,16,stable,-0.3,-2.2,1.8
"Bradley County, Tennessee(2)",47011,Urban,61.5,55.8,67.6,N/A , N/A , N/A,90,falling,-5.4,-15.0,-0.8
"Porter County, Indiana(2)",18127,Urban,61.5,56.9,66.3,N/A , N/A , N/A,141,falling,-9.0,-13.9,-2.9
"Genesee County, Michigan(2)",26049,Urban,61.4,58.6,64.5,N/A , N/A , N/A,353,falling,-1.6,-2.2,-1.1
"Gadsden County, Florida(2)",12039,Urban,61.4,52.9,71.1,N/A , N/A , N/A,40,falling,-1.7,-3.1,-0.2
"Elkhart County, Indiana(2)",18039,Urban,61.4,57,66.1,N/A , N/A , N/A,150,stable,-0.9,-1.7,0.1
"Clarke County, Alabama(2)",1025,Rural,61.4,50.1,74.8,N/A , N/A , N/A,22,stable,-1.5,-3.6,0.5
"Vernon County, Wisconsin(2)",55123,Urban,61.4,51.2,73.3,N/A , N/A , N/A,28,stable,-0.6,-2.5,1.3
"Bosque County, Texas(7)",48035,Urban,61.4,50.1,75.1,N/A , N/A , N/A,22,stable,-1.0,-3.7,2.1
"Rogers County, Oklahoma(2)",40131,Urban,61.4,55.3,68,N/A , N/A , N/A,76,stable,-1.1,-2.3,0.2
"Delta County, Michigan(2)",26041,Rural,61.4,53,71.1,N/A , N/A , N/A,41,stable,0.2,-2.3,2.8
"Jasper County, Iowa(7)",19099,Urban,61.4,52.3,71.6,N/A , N/A , N/A,34,falling,-1.1,-1.9,-0.3
"Warren County, Mississippi(2)",28149,Rural,61.3,52.7,71.1,N/A , N/A , N/A,38,falling,-2.0,-3.5,-0.6
"Louisa County, Virginia(2)",51109,Rural,61.3,52.5,71.4,N/A , N/A , N/A,37,stable,-1.7,-3.5,0.2
"Monroe County, Georgia(7)",13207,Urban,61.3,51,73.3,N/A , N/A , N/A,26,falling,-11.4,-24.3,-2.7
"Flagler County, Florida(2)",12035,Urban,61.3,56.8,66.1,N/A , N/A , N/A,155,falling,-1.3,-2.0,-0.5
"DeKalb County, Illinois(7)",17037,Urban,61.2,54.5,68.5,N/A , N/A , N/A,64,stable,-0.1,-1.1,1.1
"Moore County, Tennessee(2)",47127,Rural,61.2,41.8,88.5,N/A , N/A , N/A,7,stable,-1.5,-6.2,3.6
"Marion County, Iowa(7)",19125,Rural,61.2,51.5,72.3,N/A , N/A , N/A,29,stable,-0.7,-1.6,0.3
"Saratoga County, New York(7)",36091,Urban,61.2,57.5,65.1,N/A , N/A , N/A,208,falling,-3.5,-7.8,-1.4
"Mower County, Minnesota(2)",27099,Rural,61.2,52.2,71.5,N/A , N/A , N/A,34,stable,0.2,-1.8,2.2
"Calvert County, Maryland(2)",24009,Urban,61.2,54.9,68.1,N/A , N/A , N/A,72,falling,-1.6,-3.0,-0.1
"Walworth County, Wisconsin(2)",55127,Rural,61.2,55.5,67.3,N/A , N/A , N/A,92,stable,-0.5,-1.7,0.8
"Augusta County, Virginia(2)",51015,Urban,61.2,55.2,67.8,N/A , N/A , N/A,78,stable,-1.3,-2.6,0.2
"Wyoming County, New York(7)",36121,Rural,61.2,52.6,71,N/A , N/A , N/A,38,stable,-0.7,-2.0,0.6
"Cuyahoga County, Ohio(2)",39035,Urban,61.2,59.5,62.9,N/A , N/A , N/A,1095,falling,-1.5,-2.6,-1.1
"Decatur County, Georgia(7)",13087,Rural,61.2,50.6,73.5,N/A , N/A , N/A,24,stable,0.0,-2.1,2.2
"Anoka County, Minnesota(2)",27003,Urban,61.2,57.8,64.7,N/A , N/A , N/A,263,falling,-5.6,-8.4,-2.7
"New London County, Connecticut(7)",9011,Urban,61.2,57.7,64.8,N/A , N/A , N/A,238,falling,-1.4,-2.2,-1.0
"Portage County, Ohio(2)",39133,Urban,61.1,56.5,66.2,N/A , N/A , N/A,133,falling,-1.4,-2.3,-0.5
"Jasper County, Texas(7)",48241,Rural,61.1,51.7,72,N/A , N/A , N/A,31,stable,-1.0,-2.2,0.3
"Logan County, Oklahoma(2)",40083,Urban,61.1,52.7,70.6,N/A , N/A , N/A,40,stable,-1.4,-2.9,0.2
"Summit County, Ohio(2)",39153,Urban,61.1,58.6,63.7,N/A , N/A , N/A,470,falling,-1.1,-1.6,-0.6
"Tift County, Georgia(7)",13277,Rural,61.1,51.7,71.7,N/A , N/A , N/A,31,stable,-0.5,-2.6,1.9
"Cass County, Missouri(2)",29037,Urban,61.1,55.5,67.1,N/A , N/A , N/A,90,falling,-5.9,-10.2,-3.1
"Anderson County, Texas(7)",48001,Rural,61.1,52.9,70.2,N/A , N/A , N/A,41,stable,-0.9,-2.2,0.6
"Berkshire County, Massachusetts(2)",25003,Urban,61.1,56.5,66,N/A , N/A , N/A,139,falling,-1.4,-2.2,-0.7
"Summers County, West Virginia(2)",54089,Rural,61.1,46.7,79.7,N/A , N/A , N/A,13,stable,-0.3,-2.0,1.4
"Jeff Davis County, Georgia(7)",13161,Rural,61.1,46.4,79.4,N/A , N/A , N/A,12,falling,-2.4,-4.5,-0.2
"Guilford County, North Carolina(2)",37081,Urban,61.1,58.3,63.9,N/A , N/A , N/A,393,falling,-1.1,-1.7,-0.4
"Stark County, Ohio(2)",39151,Urban,61.1,58.1,64.1,N/A , N/A , N/A,336,falling,-0.7,-1.2,-0.3
"Horry County, South Carolina(2)",45051,Urban,61,58.2,64,N/A , N/A , N/A,383,falling,-3.8,-7.3,-2.1
"Clay County, Minnesota(2)",27027,Urban,61,53,70,N/A , N/A , N/A,42,stable,0.8,-1.3,3.2
"Okanogan County, Washington(2)",53047,Rural,61,52.8,70.4,N/A , N/A , N/A,42,stable,0.4,-1.5,2.5
"Lake County, Ohio(2)",39085,Urban,61,57.4,64.9,N/A , N/A , N/A,218,falling,-2.0,-5.6,-1.3
"Wright County, Iowa(7)",19197,Rural,61,46.2,79.6,N/A , N/A , N/A,12,stable,-0.9,-2.4,0.6
"Hancock County, Indiana(2)",18059,Urban,61,54.3,68.3,N/A , N/A , N/A,63,falling,-2.4,-3.6,-1.2
"Andrew County, Missouri(2)",29003,Urban,61,48.5,76.1,N/A , N/A , N/A,17,stable,0.4,-2.0,3.3
"Essex County, New York(7)",36031,Rural,61,52.6,70.6,N/A , N/A , N/A,41,stable,-0.7,-2.2,0.9
"Lincoln County, Nebraska(2)",31111,Rural,61,51.7,71.7,N/A , N/A , N/A,32,stable,-0.5,-3.3,2.4
"Screven County, Georgia(7)",13251,Rural,61,47.1,78.4,N/A , N/A , N/A,14,stable,-1.3,-2.9,0.5
"Martinsville City, Virginia(2)",51690,Rural,60.9,45.9,79.8,N/A , N/A , N/A,12,stable,-0.5,-3.8,2.6
"Bond County, Illinois(7)",17005,Urban,60.9,47.3,77.6,N/A , N/A , N/A,14,falling,-2.7,-4.6,-0.9
"Lampasas County, Texas(7)",48281,Urban,60.9,49.6,74.4,N/A , N/A , N/A,21,stable,-0.7,-2.6,1.6
"Carroll County, New Hampshire(2)",33003,Rural,60.9,53.9,68.8,N/A , N/A , N/A,63,stable,-0.1,-1.4,1.3
"Burke County, Georgia(7)",13033,Urban,60.9,49,74.9,N/A , N/A , N/A,20,falling,-11.9,-27.6,-2.4
"McDuffie County, Georgia(7)",13189,Urban,60.9,48.7,75.4,N/A , N/A , N/A,18,falling,-1.9,-3.4,-0.2
"Amite County, Mississippi(2)",28005,Rural,60.8,46.4,79.2,N/A , N/A , N/A,14,stable,0.3,-2.8,3.6
"Rutland County, Vermont(2)",50021,Rural,60.8,53.9,68.5,N/A , N/A , N/A,62,stable,4.5,-0.7,8.7
"Harrison County, Iowa(7)",19085,Urban,60.8,46.9,78.1,N/A , N/A , N/A,13,stable,-0.5,-2.0,1.0
"Davis County, Iowa(7)",19051,Rural,60.8,42.6,84.8,N/A , N/A , N/A,8,stable,-0.3,-1.9,1.4
"Nelson County, Virginia(2)",51125,Urban,60.8,48.4,76.4,N/A , N/A , N/A,18,stable,-2.1,-4.4,0.3
"Cumberland County, Tennessee(2)",47035,Rural,60.8,54.5,67.8,N/A , N/A , N/A,78,falling,-1.7,-3.1,-0.3
"Cedar County, Iowa(7)",19031,Rural,60.8,48.4,75.9,N/A , N/A , N/A,17,stable,0.3,-0.8,1.5
"Mitchell County, Texas(7)",48335,Rural,60.8,41.1,87,N/A , N/A , N/A,6,stable,-1.3,-4.2,1.6
"Brunswick County, North Carolina(2)",37019,Urban,60.7,56.5,65.4,N/A , N/A , N/A,185,falling,-7.6,-12.0,-2.2
"Martin County, Minnesota(2)",27091,Rural,60.7,48.5,75.5,N/A , N/A , N/A,19,stable,1.6,-1.6,5.2
"Coosa County, Alabama(2)",1037,Rural,60.7,45.4,81,N/A , N/A , N/A,11,stable,-2.0,-5.0,0.9
"Susquehanna County, Pennsylvania(2)",42115,Rural,60.7,52.5,70.1,N/A , N/A , N/A,42,stable,-0.6,-2.6,1.4
"Little River County, Arkansas(2)",5081,Urban,60.7,45.4,80.2,N/A , N/A , N/A,11,stable,-2.9,-6.4,0.2
"Warren County, New Jersey(7)",34041,Urban,60.7,55.3,66.5,N/A , N/A , N/A,98,stable,-0.8,-1.6,0.2
"Schuyler County, Missouri(2)",29197,Rural,60.6,35.2,99.5,N/A , N/A , N/A,4,stable,-0.1,-5.1,4.8
"Lewis County, Idaho(7)",16061,Rural,60.6,38.2,97.4,N/A , N/A , N/A,5,stable,-2.1,-4.8,0.6
"Branch County, Michigan(2)",26023,Rural,60.6,52.2,70.2,N/A , N/A , N/A,39,falling,-1.6,-2.9,-0.3
"Pitt County, North Carolina(2)",37147,Urban,60.6,55.6,66,N/A , N/A , N/A,113,stable,-0.5,-1.4,0.3
"Washington County, Florida(2)",12133,Urban,60.6,49.6,73.5,N/A , N/A , N/A,22,falling,-3.9,-12.6,-0.5
"Butts County, Georgia(7)",13035,Urban,60.5,49.1,74.1,N/A , N/A , N/A,20,falling,-3.0,-4.9,-0.9
"Dallas County, Missouri(2)",29059,Urban,60.5,48.1,75.8,N/A , N/A , N/A,17,stable,-1.5,-3.8,0.9
"Hamilton County, Tennessee(2)",47065,Urban,60.5,57.5,63.7,N/A , N/A , N/A,303,falling,-1.6,-2.3,-0.8
"Osage County, Missouri(2)",29151,Urban,60.4,45.6,79.2,N/A , N/A , N/A,11,stable,-0.4,-4.0,3.4
"Marinette County, Wisconsin(2)",55075,Rural,60.4,52.5,69.5,N/A , N/A , N/A,45,stable,-0.2,-1.9,1.6
"Lexington County, South Carolina(2)",45063,Urban,60.4,56.9,64.1,N/A , N/A , N/A,231,falling,-1.4,-2.0,-0.8
"Lawrence County, Missouri(2)",29109,Rural,60.4,51.4,70.7,N/A , N/A , N/A,33,falling,-1.8,-2.9,-0.7
"Richmond City, Virginia(2)",51760,Urban,60.4,55.9,65.2,N/A , N/A , N/A,147,falling,-2.9,-9.1,-2.1
"Lee County, Arkansas(2)",5077,Rural,60.4,42.7,84.1,N/A , N/A , N/A,8,stable,-1.4,-12.8,4.1
"Jefferson Davis Parish, Louisiana(7)",22053,Urban,60.4,50.4,72,N/A , N/A , N/A,26,falling,-1.9,-3.5,-0.3
"Vilas County, Wisconsin(2)",55125,Rural,60.4,51,71.9,N/A , N/A , N/A,32,stable,-0.9,-2.1,0.4
"LaFourche Parish, Louisiana(7)",22057,Urban,60.4,54.3,67,N/A , N/A , N/A,75,stable,-0.6,-1.9,0.9
"Mahaska County, Iowa(7)",19123,Rural,60.4,48.7,74.3,N/A , N/A , N/A,19,stable,-0.7,-1.8,0.5
"Lee County, Illinois(7)",17103,Rural,60.4,51.3,70.9,N/A , N/A , N/A,32,stable,-1.1,-2.5,0.5
"Grand Forks County, North Dakota(2)",38035,Urban,60.4,52.7,68.9,N/A , N/A , N/A,46,stable,-6.1,-15.6,0.2
"Mifflin County, Pennsylvania(2)",42087,Rural,60.4,52.5,69.2,N/A , N/A , N/A,45,stable,-0.5,-1.5,0.5
"Pinellas County, Florida(2)",12103,Urban,60.3,58.7,62,N/A , N/A , N/A,1073,falling,-1.8,-2.1,-1.6
"Barbour County, Alabama(2)",1005,Rural,60.3,49.5,73,N/A , N/A , N/A,23,falling,-2.0,-3.9,-0.2
"Lauderdale County, Mississippi(2)",28075,Rural,60.2,53.6,67.5,N/A , N/A , N/A,62,falling,-1.6,-2.6,-0.7
"Dorchester County, Maryland(2)",24019,Rural,60.2,51.2,70.8,N/A , N/A , N/A,33,falling,-3.1,-5.1,-1.2
"Marshall County, Minnesota(2)",27089,Rural,60.2,43.9,81.9,N/A , N/A , N/A,9,stable,0.6,-2.6,4.2
"Greene County, Missouri(2)",29077,Urban,60.2,56.7,63.9,N/A , N/A , N/A,227,stable,4.9,-0.7,9.0
"Hopkins County, Texas(7)",48223,Rural,60.2,51,70.7,N/A , N/A , N/A,32,falling,-1.3,-2.2,-0.2
"Richmond County, New York(7)",36085,Urban,60.2,57.5,63,N/A , N/A , N/A,386,falling,-0.9,-1.3,-0.4
"St. Louis County, Minnesota(2)",27137,Urban,60.2,56.3,64.3,N/A , N/A , N/A,185,stable,-0.1,-0.9,0.6
"Young County, Texas(7)",48503,Rural,60.2,47.4,75.7,N/A , N/A , N/A,16,falling,-14.4,-24.5,-1.6
"Caldwell County, Missouri(2)",29025,Urban,60.1,41.9,84.4,N/A , N/A , N/A,8,stable,-1.2,-5.0,2.6
"Lynchburg City, Virginia(2)",51680,Urban,60.1,52.9,68.2,N/A , N/A , N/A,51,falling,-1.5,-3.1,-0.1
"Auglaize County, Ohio(2)",39011,Rural,60.1,51.9,69.4,N/A , N/A , N/A,40,stable,-1.1,-3.0,0.8
"Matagorda County, Texas(7)",48321,Rural,60.1,50.4,71.2,N/A , N/A , N/A,29,falling,-1.6,-3.0,-0.3
"Midland County, Michigan(2)",26111,Urban,60.1,54.1,66.7,N/A , N/A , N/A,75,stable,-0.6,-1.7,0.6
"Rabun County, Georgia(7)",13241,Rural,60.1,48,75,N/A , N/A , N/A,19,stable,-0.8,-2.4,0.9
"Benton County, Minnesota(2)",27009,Urban,60.1,50,71.6,N/A , N/A , N/A,26,stable,-0.4,-2.4,1.8
"Fairfield County, Ohio(2)",39045,Urban,60,55.3,65.1,N/A , N/A , N/A,123,falling,-2.9,-4.9,-2.0
"Snyder County, Pennsylvania(2)",42109,Rural,60,51.2,70.1,N/A , N/A , N/A,35,stable,-0.6,-2.6,1.5
"Forest County, Pennsylvania(2)",42053,Rural,60,36.7,109.8,N/A , N/A , N/A,6,stable,-0.4,-3.5,2.7
"Boyle County, Kentucky(7)",21021,Rural,60,50.1,71.5,N/A , N/A , N/A,26,falling,-2.7,-4.9,-0.5
"Linn County, Iowa(7)",19113,Urban,60,56,64.2,N/A , N/A , N/A,175,falling,-1.4,-5.1,-0.7
"Orange County, New York(7)",36071,Urban,60,56.8,63.3,N/A , N/A , N/A,273,falling,-1.3,-1.8,-0.7
"Floyd County, Iowa(7)",19067,Rural,59.9,47,76,N/A , N/A , N/A,15,stable,-0.4,-1.8,1.2
"Franklin County, Ohio(2)",39049,Urban,59.9,58,61.9,N/A , N/A , N/A,789,falling,-1.8,-2.2,-1.5
"Dodge County, Nebraska(2)",31053,Rural,59.9,50.9,70.3,N/A , N/A , N/A,32,stable,-0.2,-1.6,1.1
"Perquimans County, North Carolina(2)",37143,Rural,59.9,46.3,77.3,N/A , N/A , N/A,15,stable,-1.0,-2.9,1.1
"Swift County, Minnesota(2)",27151,Rural,59.9,44.1,80.6,N/A , N/A , N/A,10,stable,0.8,-1.2,3.1
"Catawba County, North Carolina(2)",37035,Urban,59.9,55.4,64.7,N/A , N/A , N/A,135,stable,-1.1,-2.5,0.4
"Calcasieu Parish, Louisiana(7)",22019,Urban,59.8,55.6,64.4,N/A , N/A , N/A,152,falling,-2.0,-3.1,-1.0
"Lamoille County, Vermont(2)",50015,Rural,59.8,49,72.6,N/A , N/A , N/A,23,stable,-1.3,-3.7,1.4
"Perry County, Indiana(2)",18123,Rural,59.8,47.4,74.8,N/A , N/A , N/A,17,stable,-2.0,-5.3,1.2
"Ascension Parish, Louisiana(7)",22005,Urban,59.8,53.7,66.3,N/A , N/A , N/A,77,falling,-2.3,-3.4,-1.2
"Mille Lacs County, Minnesota(2)",27095,Urban,59.8,49.1,72.3,N/A , N/A , N/A,23,stable,-0.7,-2.6,1.3
"St. James Parish, Louisiana(7)",22093,Urban,59.8,47.7,74.4,N/A , N/A , N/A,18,stable,-0.7,-2.5,1.5
"Otoe County, Nebraska(2)",31131,Rural,59.8,47,75.5,N/A , N/A , N/A,16,stable,-0.8,-2.6,1.1
"Essex County, Vermont(2)",50009,Rural,59.8,41.7,86.5,N/A , N/A , N/A,7,stable,-1.0,-4.4,2.6
"Chambers County, Texas(7)",48071,Urban,59.7,49.8,71,N/A , N/A , N/A,28,falling,-2.6,-3.9,-1.2
"Morrison County, Minnesota(2)",27097,Rural,59.7,50.5,70.4,N/A , N/A , N/A,32,stable,0.5,-1.6,2.9
"Botetourt County, Virginia(2)",51023,Urban,59.7,50.7,70.2,N/A , N/A , N/A,34,stable,0.5,-0.9,2.1
"Charlotte County, Florida(2)",12015,Urban,59.7,56.3,63.4,N/A , N/A , N/A,296,falling,-6.1,-12.0,-0.6
"Douglas County, Nebraska(2)",31055,Urban,59.7,57,62.5,N/A , N/A , N/A,374,falling,-1.8,-2.2,-1.4
"Pulaski County, Arkansas(2)",5119,Urban,59.7,56.6,62.9,N/A , N/A , N/A,293,falling,-1.5,-2.1,-1.0
"Carroll County, Indiana(2)",18015,Urban,59.7,47.7,74.1,N/A , N/A , N/A,18,stable,-1.3,-3.4,0.9
"Clinton County, Illinois(7)",17027,Urban,59.7,50.4,70.3,N/A , N/A , N/A,30,stable,-0.7,-2.4,1.0
"Orange County, Vermont(2)",50017,Rural,59.6,50,71,N/A , N/A , N/A,29,stable,-1.1,-2.6,0.5
"Ottawa County, Ohio(2)",39123,Urban,59.6,51.8,68.5,N/A , N/A , N/A,46,falling,-2.1,-3.1,-1.1
"Cass County, Nebraska(2)",31025,Urban,59.6,48.8,72.3,N/A , N/A , N/A,23,stable,-1.4,-2.8,0.1
"Indian River County, Florida(2)",12061,Urban,59.6,55.8,63.6,N/A , N/A , N/A,220,falling,-6.9,-12.1,-1.6
"Gilmer County, Georgia(7)",13123,Rural,59.5,50.9,69.7,N/A , N/A , N/A,36,stable,-0.5,-2.7,2.2
"Ontario County, New York(7)",36069,Urban,59.5,54.4,65.1,N/A , N/A , N/A,105,stable,-0.9,-2.1,0.4
"Campbell County, Virginia(2)",51031,Urban,59.5,52.3,67.7,N/A , N/A , N/A,51,falling,-2.3,-3.9,-0.8
"Mercer County, Pennsylvania(2)",42085,Rural,59.5,54.5,64.9,N/A , N/A , N/A,110,stable,-0.4,-1.5,0.6
"Allegheny County, Pennsylvania(2)",42003,Urban,59.5,57.9,61.2,N/A , N/A , N/A,1076,falling,-2.3,-4.6,-1.7
"Tripp County, South Dakota(2)",46123,Rural,59.5,38.8,89.4,N/A , N/A , N/A,6,*,*,*,*
"McClain County, Oklahoma(2)",40087,Urban,59.4,50.3,69.9,N/A , N/A , N/A,31,falling,-2.9,-4.4,-1.3
"Monroe County, New York(7)",36055,Urban,59.4,57.3,61.6,N/A , N/A , N/A,617,falling,-2.8,-4.3,-1.9
"Belknap County, New Hampshire(2)",33001,Rural,59.4,52.9,66.6,N/A , N/A , N/A,66,falling,-2.3,-3.6,-1.0
"Grant County, Minnesota(2)",27051,Rural,59.3,40.2,86.7,N/A , N/A , N/A,6,stable,0.4,-2.8,3.8
"Spotsylvania County, Virginia(2)",51177,Urban,59.3,54,65,N/A , N/A , N/A,97,falling,-1.4,-2.6,-0.1
"Cedar County, Missouri(2)",29039,Rural,59.3,46,76,N/A , N/A , N/A,14,stable,-1.2,-3.3,0.7
"San Augustine County, Texas(7)",48405,Rural,59.3,42.8,82,N/A , N/A , N/A,9,stable,-0.1,-2.8,2.9
"Wayne County, Pennsylvania(2)",42127,Rural,59.3,52.2,67.2,N/A , N/A , N/A,55,stable,-0.8,-2.7,1.1
"Moore County, North Carolina(2)",37125,Urban,59.3,54,64.9,N/A , N/A , N/A,102,falling,-1.6,-2.9,-0.4
"Sumter County, South Carolina(2)",45085,Urban,59.2,53.5,65.5,N/A , N/A , N/A,81,falling,-4.8,-12.7,-1.4
"Natchitoches Parish, Louisiana(7)",22069,Rural,59.2,49.6,70.3,N/A , N/A , N/A,28,stable,-1.1,-2.7,0.5
"Redwood County, Minnesota(2)",27127,Rural,59.2,46,75.7,N/A , N/A , N/A,14,stable,0.8,-1.4,3.1
"Washington County, Maryland(2)",24043,Urban,59.2,54.6,64,N/A , N/A , N/A,127,falling,-1.0,-1.9,-0.1
"Franklin County, Vermont(2)",50011,Urban,59.1,51,68.2,N/A , N/A , N/A,41,falling,-7.4,-14.8,-2.4
"Lyon County, Nevada(2)",32019,Urban,59.1,51.9,67.1,N/A , N/A , N/A,54,falling,-1.9,-3.3,-0.4
"Milam County, Texas(7)",48331,Rural,59.1,48.6,71.5,N/A , N/A , N/A,23,stable,-0.9,-2.5,0.7
"Charles City County, Virginia(2)",51036,Urban,59.1,41.7,84.5,N/A , N/A , N/A,8,stable,-0.5,-3.9,3.4
"Tippecanoe County, Indiana(2)",18157,Urban,59.1,53.9,64.6,N/A , N/A , N/A,101,falling,-2.0,-3.2,-0.9
"Highlands County, Florida(2)",12055,Urban,59.1,54.3,64.2,N/A , N/A , N/A,139,falling,-1.7,-2.5,-0.8
"Potter County, Texas(7)",48375,Urban,59,53.1,65.4,N/A , N/A , N/A,75,falling,-2.2,-2.8,-1.5
"Russell County, Virginia(2)",51167,Rural,59,49.1,70.8,N/A , N/A , N/A,26,falling,-2.9,-4.8,-1.2
"Bedford City and County, Virginia(2)",51917,Urban,59,53.2,65.4,N/A , N/A , N/A,80,stable,-0.9,-2.2,0.3
"St. Joseph County, Indiana(2)",18141,Urban,59,55.3,62.8,N/A , N/A , N/A,201,falling,-1.4,-2.1,-0.6
"Sauk County, Wisconsin(2)",55111,Rural,59,52.2,66.5,N/A , N/A , N/A,56,stable,0.8,-0.5,2.2
"Payne County, Oklahoma(2)",40119,Rural,58.9,51.5,67.2,N/A , N/A , N/A,47,falling,-2.1,-3.9,-0.4
"Taney County, Missouri(2)",29213,Rural,58.9,51.9,66.9,N/A , N/A , N/A,53,falling,-2.0,-3.2,-0.8
"Crow Wing County, Minnesota(2)",27035,Rural,58.9,52.8,65.8,N/A , N/A , N/A,69,stable,-0.4,-1.3,0.6
"Pembina County, North Dakota(2)",38067,Rural,58.9,41.1,84.1,N/A , N/A , N/A,7,stable,-0.5,-3.8,2.8
"Huron County, Ohio(2)",39077,Rural,58.9,51.5,67.2,N/A , N/A , N/A,48,stable,-2.8,-13.5,0.4
"Union County, Indiana(2)",18161,Rural,58.9,39.8,85.4,N/A , N/A , N/A,6,stable,-0.7,-3.3,1.9
"Merrimack County, New Hampshire(2)",33013,Rural,58.9,54.3,63.8,N/A , N/A , N/A,132,falling,-1.1,-1.9,-0.2
"Winkler County, Texas(7)",48495,Rural,58.9,36.9,89.2,N/A , N/A , N/A,5,stable,-2.0,-4.9,0.7
"Gogebic County, Michigan(2)",26053,Rural,58.9,46.2,75.1,N/A , N/A , N/A,16,stable,-0.3,-2.5,1.8
"Jackson County, Indiana(2)",18071,Rural,58.9,50.3,68.6,N/A , N/A , N/A,34,falling,-1.6,-3.0,-0.1
"Lake County, Florida(2)",12069,Urban,58.8,56.3,61.5,N/A , N/A , N/A,430,falling,-2.2,-2.7,-1.7
"Harford County, Maryland(2)",24025,Urban,58.8,55.2,62.6,N/A , N/A , N/A,202,falling,-1.4,-2.1,-0.6
"Jay County, Indiana(2)",18075,Rural,58.8,46.4,73.7,N/A , N/A , N/A,16,falling,-2.9,-5.3,-0.7
"Saginaw County, Michigan(2)",26145,Urban,58.8,54.8,63,N/A , N/A , N/A,167,falling,-1.4,-2.2,-0.7
"Jackson County, Florida(2)",12063,Rural,58.7,51,67.5,N/A , N/A , N/A,43,stable,0.2,-1.3,1.9
"Tioga County, New York(7)",36107,Urban,58.7,51.2,67.2,N/A , N/A , N/A,46,stable,-0.6,-1.6,0.6
"Garfield County, Oklahoma(2)",40047,Urban,58.7,51.3,67,N/A , N/A , N/A,46,stable,-1.1,-2.9,0.6
"Audubon County, Iowa(7)",19009,Rural,58.7,39.8,86.3,N/A , N/A , N/A,6,*,*,*,*
"Cherokee County, Alabama(2)",1019,Rural,58.7,48.7,70.6,N/A , N/A , N/A,26,stable,-1.2,-3.3,1.0
"Live Oak County, Texas(7)",48297,Rural,58.7,43.5,78.2,N/A , N/A , N/A,10,stable,-1.6,-4.0,0.8
"Boone County, Illinois(7)",17007,Urban,58.6,50.7,67.6,N/A , N/A , N/A,40,falling,-9.0,-16.1,-1.1
"Providence County, Rhode Island(2)",44007,Urban,58.6,56.3,61.1,N/A , N/A , N/A,476,falling,-5.4,-8.4,-3.4
"Lake County, California(7)",6033,Rural,58.6,52.3,65.6,N/A , N/A , N/A,68,falling,-2.8,-3.8,-2.0
"St. Charles County, Missouri(2)",29183,Urban,58.6,55.6,61.7,N/A , N/A , N/A,300,falling,-2.2,-2.8,-1.7
"Mobile County, Alabama(2)",1097,Urban,58.6,55.7,61.6,N/A , N/A , N/A,317,falling,-2.4,-3.5,-2.0
"New Haven County, Connecticut(7)",9009,Urban,58.6,56.6,60.6,N/A , N/A , N/A,693,falling,-1.7,-3.7,-1.0
"St. Marys County, Maryland(2)",24037,Urban,58.5,52.6,64.9,N/A , N/A , N/A,75,falling,-4.8,-10.0,-1.8
"Henry County, Iowa(7)",19087,Rural,58.5,46.9,72.5,N/A , N/A , N/A,18,stable,-0.3,-1.4,1.0
"Nolan County, Texas(7)",48353,Rural,58.5,44,76.6,N/A , N/A , N/A,11,falling,-2.1,-3.9,-0.4
"Cameron County, Pennsylvania(2)",42023,Rural,58.5,37.1,92.2,N/A , N/A , N/A,5,stable,-0.2,-3.2,2.7
"Ashland County, Ohio(2)",39005,Rural,58.5,51,66.8,N/A , N/A , N/A,46,stable,-0.7,-2.0,0.6
"Pierce County, Washington(7)",53053,Urban,58.5,56.3,60.7,N/A , N/A , N/A,597,falling,-2.7,-3.6,-2.0
"Brown County, South Dakota(2)",46013,Rural,58.4,49,69.2,N/A , N/A , N/A,28,stable,-0.3,-1.9,1.3
"Hardee County, Florida(2)",12049,Rural,58.4,47.1,71.9,N/A , N/A , N/A,19,stable,-0.6,-2.9,1.7
"Cumberland County, Illinois(7)",17035,Rural,58.4,42.8,78.9,N/A , N/A , N/A,10,stable,-1.3,-3.3,0.7
"Glynn County, Georgia(7)",13127,Urban,58.4,52.7,64.7,N/A , N/A , N/A,80,falling,-1.7,-2.4,-0.9
"Blaine County, Oklahoma(2)",40011,Rural,58.4,41,81.8,N/A , N/A , N/A,8,stable,-2.4,-5.8,0.5
"Camden County, New Jersey(7)",34007,Urban,58.4,55.8,61.1,N/A , N/A , N/A,383,falling,-3.4,-6.8,-1.7
"Preston County, West Virginia(2)",54077,Urban,58.4,49.2,69,N/A , N/A , N/A,30,falling,-10.8,-18.2,-2.0
"Union County, North Carolina(2)",37179,Urban,58.4,54.1,62.9,N/A , N/A , N/A,149,stable,-1.4,-2.8,0.1
"McCormick County, South Carolina(2)",45065,Rural,58.3,43.9,79.1,N/A , N/A , N/A,14,stable,0.2,-2.6,3.5
"Greer County, Oklahoma(2)",40055,Rural,58.3,36.3,90.1,N/A , N/A , N/A,4,stable,0.0,-3.4,3.4
"Prince of Wales-Hyder Census Area, Alaska(2)",2198,Rural,58.3,33.8,94.2,N/A , N/A , N/A,5,stable,1.6,-17.2,25.4
"Madison County, Virginia(2)",51113,Rural,58.3,44.9,75.3,N/A , N/A , N/A,13,stable,0.7,-1.4,3.0
"Buncombe County, North Carolina(2)",37021,Urban,58.3,54.9,61.8,N/A , N/A , N/A,236,falling,-1.2,-1.9,-0.5
"Cerro Gordo County, Iowa(7)",19033,Rural,58.3,50.3,67.3,N/A , N/A , N/A,42,stable,-0.5,-1.3,0.2
"Cass County, Michigan(2)",26027,Urban,58.3,50.9,66.5,N/A , N/A , N/A,49,stable,-1.7,-3.5,0.1
"Sussex County, Delaware(2)",10005,Rural,58.2,55.1,61.6,N/A , N/A , N/A,284,falling,-3.0,-5.0,-2.3
"York County, South Carolina(2)",45091,Urban,58.2,54.5,62.2,N/A , N/A , N/A,192,falling,-2.1,-3.0,-1.1
"Walton County, Florida(2)",12131,Urban,58.2,51.9,65.2,N/A , N/A , N/A,67,falling,-1.9,-3.4,-0.3
"Towns County, Georgia(7)",13281,Rural,58.2,43.9,77.1,N/A , N/A , N/A,16,falling,-2.5,-4.7,-0.2
"St. Tammany Parish, Louisiana(7)",22103,Urban,58.2,54.6,62,N/A , N/A , N/A,206,falling,-1.9,-2.4,-1.3
"Oconee County, South Carolina(2)",45073,Rural,58.2,52.5,64.5,N/A , N/A , N/A,81,falling,-2.5,-8.7,-0.9
"Mason County, Michigan(2)",26105,Rural,58.2,48.8,69.3,N/A , N/A , N/A,30,falling,-2.1,-3.8,-0.5
"Salem City, Virginia(2)",51775,Urban,58.2,47.5,70.9,N/A , N/A , N/A,21,stable,-1.4,-3.3,0.4
"Butler County, Alabama(2)",1013,Rural,58.2,46.2,72.8,N/A , N/A , N/A,17,falling,-2.3,-4.5,-0.3
"Kaufman County, Texas(7)",48257,Urban,58.2,52.4,64.5,N/A , N/A , N/A,79,falling,-2.0,-3.1,-0.8
"Colbert County, Alabama(2)",1033,Urban,58.2,51.1,66.1,N/A , N/A , N/A,50,falling,-11.7,-22.3,-1.2
"Winchester City, Virginia(2)",51840,Urban,58.2,47.4,70.8,N/A , N/A , N/A,21,falling,-2.1,-3.9,-0.3
"Cass County, North Dakota(2)",38017,Urban,58.2,53.1,63.5,N/A , N/A , N/A,103,stable,0.5,-1.0,6.0
"St. Louis County, Missouri(2)",29189,Urban,58.1,56.3,60,N/A , N/A , N/A,812,falling,-1.4,-1.8,-1.0
"Meriwether County, Georgia(7)",13199,Urban,58.1,46.7,72,N/A , N/A , N/A,19,stable,-1.1,-3.2,1.1
"Poweshiek County, Iowa(7)",19157,Rural,58.1,46.2,72.6,N/A , N/A , N/A,17,stable,0.5,-0.8,2.0
"Carroll County, Missouri(2)",29033,Rural,58.1,41.2,80.9,N/A , N/A , N/A,8,stable,-0.7,-3.9,2.3
"Calhoun County, Georgia(7)",13037,Rural,58.1,34.5,92.7,N/A , N/A , N/A,4,stable,-2.6,-5.5,0.3
"Oldham County, Kentucky(7)",21185,Urban,58.1,50.5,66.6,N/A , N/A , N/A,45,falling,-3.9,-4.7,-3.1
"Webster County, West Virginia(2)",54101,Rural,58.1,42,80.1,N/A , N/A , N/A,9,falling,-2.5,-4.9,-0.3
"Pickens County, Alabama(2)",1107,Urban,58.1,46.3,72.4,N/A , N/A , N/A,17,stable,-1.0,-3.5,1.5
"Cape Girardeau County, Missouri(2)",29031,Urban,58.1,51.6,65.2,N/A , N/A , N/A,61,falling,-2.0,-7.2,-0.4
"Hancock County, Maine(2)",23009,Rural,58.1,51.5,65.5,N/A , N/A , N/A,60,falling,-2.4,-3.8,-1.1
"Morgan County, Georgia(7)",13211,Urban,58.1,46.7,71.8,N/A , N/A , N/A,19,stable,-1.1,-2.0,0.1
"Putnam County, Georgia(7)",13237,Rural,58.1,47.6,70.7,N/A , N/A , N/A,23,stable,-1.0,-2.1,0.3
"Navarro County, Texas(7)",48349,Rural,58,50,67.1,N/A , N/A , N/A,39,falling,-2.9,-4.0,-1.9
"Rockbridge County, Virginia(2)",51163,Rural,58,47.5,70.7,N/A , N/A , N/A,24,rising,3.8,0.9,10.8
"Knox County, Ohio(2)",39083,Rural,58,50.9,65.8,N/A , N/A , N/A,51,stable,-1.5,-3.2,0.2
"Renville County, Minnesota(2)",27129,Rural,57.9,44.7,74.5,N/A , N/A , N/A,14,stable,0.9,-0.9,2.9
"Crawford County, Illinois(7)",17033,Rural,57.9,45.8,72.6,N/A , N/A , N/A,16,falling,-27.2,-43.4,-4.3
"Bertie County, North Carolina(2)",37015,Rural,57.9,45.7,72.9,N/A , N/A , N/A,17,stable,-0.6,-3.6,2.4
"Emporia City, Virginia(2)",51595,Rural,57.9,36.8,88.2,N/A , N/A , N/A,5,stable,-1.3,-4.6,1.9
"Madison County, Tennessee(2)",47113,Urban,57.8,52,64.1,N/A , N/A , N/A,77,falling,-10.1,-19.7,-1.2
"Baltimore County, Maryland(2)",24005,Urban,57.8,55.8,59.9,N/A , N/A , N/A,665,falling,-1.5,-1.9,-1.1
"Watonwan County, Minnesota(2)",27165,Rural,57.8,42.2,78,N/A , N/A , N/A,9,stable,1.5,-1.8,5.1
"La Paz County, Arizona(2)",4012,Rural,57.8,46.1,72.7,N/A , N/A , N/A,25,stable,0.3,-1.2,1.7
"Glenn County, California(7)",6021,Rural,57.8,46.7,70.7,N/A , N/A , N/A,20,stable,-1.2,-3.1,0.7
"Hendricks County, Indiana(2)",18063,Urban,57.7,53,62.8,N/A , N/A , N/A,113,falling,-7.8,-13.0,-2.1
"St. Lucie County, Florida(2)",12111,Urban,57.7,54.9,60.6,N/A , N/A , N/A,339,falling,-1.7,-2.3,-1.0
"Washington County, Vermont(2)",50023,Rural,57.7,50.7,65.4,N/A , N/A , N/A,53,stable,-0.8,-2.1,0.6
"Floyd County, Virginia(2)",51063,Urban,57.7,44.8,73.8,N/A , N/A , N/A,15,stable,0.6,-1.4,2.8
"Coffee County, Alabama(2)",1031,Rural,57.6,49.9,66.3,N/A , N/A , N/A,41,falling,-3.0,-9.7,-1.3
"Van Buren County, Michigan(2)",26159,Rural,57.6,51.4,64.5,N/A , N/A , N/A,66,falling,-7.7,-15.3,-2.4
"Hampton City, Virginia(2)",51650,Urban,57.6,52.5,63.1,N/A , N/A , N/A,100,falling,-1.9,-2.8,-1.0
"Ben Hill County, Georgia(7)",13017,Rural,57.6,44.6,73.6,N/A , N/A , N/A,14,falling,-3.1,-4.9,-1.3
"Neshoba County, Mississippi(2)",28099,Rural,57.6,46.9,70.2,N/A , N/A , N/A,21,stable,-2.0,-4.1,0.0
"Putnam County, New York(7)",36079,Urban,57.6,52,63.7,N/A , N/A , N/A,80,falling,-1.8,-2.7,-1.0
"Litchfield County, Connecticut(7)",9005,Rural,57.6,53.8,61.7,N/A , N/A , N/A,179,falling,-1.2,-2.1,-0.7
"Berks County, Pennsylvania(2)",42011,Urban,57.6,54.8,60.5,N/A , N/A , N/A,332,stable,-0.8,-1.5,0.0
"Bethel Census Area, Alaska(2)",2050,Rural,57.6,36.2,85.5,N/A , N/A , N/A,6,stable,-1.9,-8.4,4.6
"Richland County, Montana(2)",30083,Rural,57.6,40.4,79.8,N/A , N/A , N/A,8,stable,-1.4,-6.1,3.3
"Suffolk County, New York(7)",36103,Urban,57.6,56.1,59.1,N/A , N/A , N/A,1185,falling,-4.5,-7.6,-1.9
"Berkeley County, South Carolina(2)",45015,Urban,57.5,53.3,62,N/A , N/A , N/A,150,falling,-5.1,-10.6,-3.0
"Eastland County, Texas(7)",48133,Rural,57.5,45.3,72.6,N/A , N/A , N/A,16,stable,-1.4,-3.3,0.7
"Lehigh County, Pennsylvania(2)",42077,Urban,57.5,54.5,60.7,N/A , N/A , N/A,285,falling,-1.0,-1.7,-0.4
"Tehama County, California(7)",6103,Rural,57.5,50.8,65,N/A , N/A , N/A,55,falling,-3.5,-4.6,-2.4
"Walton County, Georgia(7)",13297,Urban,57.5,51.6,63.9,N/A , N/A , N/A,72,falling,-1.3,-2.3,-0.2
"Craig County, Oklahoma(2)",40035,Rural,57.5,44,74.5,N/A , N/A , N/A,12,falling,-2.3,-4.5,-0.3
"Lawrence County, Pennsylvania(2)",42073,Urban,57.5,51.8,63.7,N/A , N/A , N/A,82,falling,-10.7,-19.7,-1.2
"Galveston County, Texas(7)",48167,Urban,57.5,54.1,61,N/A , N/A , N/A,239,stable,0.0,-2.6,5.6
"Newton County, Georgia(7)",13217,Urban,57.5,51.4,64,N/A , N/A , N/A,70,falling,-2.2,-3.2,-1.0
"Madison County, Iowa(7)",19121,Urban,57.5,44,74.1,N/A , N/A , N/A,13,stable,-1.1,-2.6,0.5
"Lincoln County, Georgia(7)",13181,Urban,57.4,40.3,81.2,N/A , N/A , N/A,8,stable,-1.9,-4.7,1.0
"McHenry County, Illinois(7)",17111,Urban,57.4,54,61.1,N/A , N/A , N/A,220,falling,-1.2,-1.8,-0.5
"Price County, Wisconsin(2)",55099,Rural,57.4,45.3,73.1,N/A , N/A , N/A,16,stable,-0.8,-3.4,1.7
"Worth County, Iowa(7)",19195,Rural,57.4,38.6,83.3,N/A , N/A , N/A,6,stable,-0.9,-3.1,1.3
"Warren County, Pennsylvania(2)",42123,Rural,57.4,49.5,66.4,N/A , N/A , N/A,39,stable,-0.8,-2.2,0.7
"Greene County, Mississippi(2)",28041,Rural,57.4,42,76.9,N/A , N/A , N/A,9,stable,-1.9,-5.1,1.4
"Titus County, Texas(7)",48449,Rural,57.3,46.6,69.8,N/A , N/A , N/A,20,falling,-2.3,-4.3,-0.4
"Franklin County, Virginia(2)",51067,Urban,57.3,50.4,65,N/A , N/A , N/A,55,stable,0.1,-1.6,2.0
"Adair County, Missouri(2)",29001,Rural,57.3,45.5,71.4,N/A , N/A , N/A,17,stable,-0.9,-4.4,2.8
"Barron County, Wisconsin(2)",55005,Rural,57.2,49.8,65.7,N/A , N/A , N/A,45,stable,0.1,-1.2,1.4
"Sagadahoc County, Maine(2)",23023,Urban,57.2,49.1,66.6,N/A , N/A , N/A,37,falling,-1.8,-3.3,-0.2
"Saunders County, Nebraska(2)",31155,Urban,57.2,45.9,70.9,N/A , N/A , N/A,18,stable,-0.7,-2.5,1.2
"Hamilton County, New York(7)",36041,Rural,57.2,39.6,86.8,N/A , N/A , N/A,7,stable,-2.3,-4.9,0.5
"Brown County, Texas(7)",48049,Rural,57.2,48.8,66.9,N/A , N/A , N/A,34,falling,-1.8,-3.1,-0.4
"DeSoto County, Florida(2)",12027,Rural,57.2,48.6,67.2,N/A , N/A , N/A,33,stable,-0.2,-1.8,1.5
"Nash County, North Carolina(2)",37127,Urban,57.2,51.6,63.3,N/A , N/A , N/A,80,falling,-5.2,-12.6,-2.0
"Wayne County, Ohio(2)",39169,Rural,57.2,51.9,62.8,N/A , N/A , N/A,92,falling,-1.3,-2.2,-0.5
"Pulaski County, Georgia(7)",13235,Rural,57.1,41.8,77.4,N/A , N/A , N/A,9,stable,-0.5,-3.8,3.7
"Powhatan County, Virginia(2)",51145,Urban,57.1,47.4,68.5,N/A , N/A , N/A,26,stable,-1.7,-3.6,0.4
"Greenlee County, Arizona(2)",4011,Rural,57.1,37.5,83.2,N/A , N/A , N/A,6,stable,-2.4,-6.6,1.7
"Medina County, Ohio(2)",39103,Urban,57.1,53,61.4,N/A , N/A , N/A,150,falling,-0.9,-1.6,-0.2
"Macon County, North Carolina(2)",37113,Rural,57.1,49.2,66.1,N/A , N/A , N/A,42,falling,-3.3,-5.7,-2.0
"Jefferson County, Oregon(2)",41031,Urban,57.1,46.2,70,N/A , N/A , N/A,21,stable,-0.1,-1.3,1.3
"Waupaca County, Wisconsin(2)",55135,Rural,57,49.9,65.1,N/A , N/A , N/A,48,stable,-1.0,-2.7,0.7
"Treutlen County, Georgia(7)",13283,Rural,57,37.1,85.2,N/A , N/A , N/A,5,stable,-0.8,-3.4,2.1
"Monroe County, Alabama(2)",1099,Rural,57,45.6,70.9,N/A , N/A , N/A,18,stable,-1.5,-3.7,0.8
"Cabarrus County, North Carolina(2)",37025,Urban,57,52.8,61.5,N/A , N/A , N/A,139,falling,-2.9,-4.3,-2.2
"Taylor County, Iowa(7)",19173,Rural,57,38.1,84.2,N/A , N/A , N/A,6,stable,0.7,-1.6,3.1
"Jones County, Texas(7)",48253,Urban,57,44.1,72.8,N/A , N/A , N/A,13,stable,-1.4,-3.5,0.7
"Huron County, Michigan(2)",26063,Rural,57,48.2,67.2,N/A , N/A , N/A,34,stable,-0.2,-1.7,1.3
"Hillsborough County, New Hampshire(2)",33011,Urban,56.9,54.1,59.9,N/A , N/A , N/A,314,falling,-1.4,-2.0,-0.8
"Virginia Beach City, Virginia(2)",51810,Urban,56.9,54.1,59.9,N/A , N/A , N/A,306,falling,-1.5,-2.5,-0.6
"Yellow Medicine County, Minnesota(2)",27173,Rural,56.9,40.4,78.9,N/A , N/A , N/A,8,stable,2.7,-0.5,6.4
"Appomattox County, Virginia(2)",51011,Urban,56.9,44.5,72.3,N/A , N/A , N/A,15,falling,-2.5,-7.6,-0.8
"Broome County, New York(7)",36007,Urban,56.9,53,61.1,N/A , N/A , N/A,166,falling,-1.2,-2.0,-0.5
"Cowlitz County, Washington(2)",53015,Urban,56.9,51.7,62.6,N/A , N/A , N/A,92,falling,-1.4,-2.7,-0.1
"Rapides Parish, Louisiana(7)",22079,Urban,56.9,51.8,62.3,N/A , N/A , N/A,97,falling,-1.9,-3.1,-0.8
"Allamakee County, Iowa(7)",19005,Rural,56.9,43.5,73.7,N/A , N/A , N/A,13,stable,-0.6,-2.2,1.2
"Benzie County, Michigan(2)",26019,Urban,56.9,45.5,70.9,N/A , N/A , N/A,19,stable,-1.6,-4.2,1.0
"Hamilton County, Illinois(7)",17065,Rural,56.9,40.1,79.7,N/A , N/A , N/A,8,stable,-0.5,-3.6,2.8
"York County, Pennsylvania(2)",42133,Urban,56.8,54.2,59.6,N/A , N/A , N/A,368,falling,-8.5,-11.6,-5.5
"Douglas County, Georgia(7)",13097,Urban,56.8,51.2,63,N/A , N/A , N/A,81,falling,-2.4,-3.2,-1.5
"Allen County, Indiana(2)",18003,Urban,56.8,53.7,60.1,N/A , N/A , N/A,255,falling,-5.0,-7.5,-3.5
"Stearns County, Minnesota(2)",27145,Urban,56.8,52,62,N/A , N/A , N/A,105,stable,0.1,-0.9,1.2
"Clark County, Indiana(2)",18019,Urban,56.8,51.5,62.5,N/A , N/A , N/A,90,falling,-16.3,-24.7,-10.6
"Lamar County, Mississippi(2)",28073,Urban,56.8,49.1,65.3,N/A , N/A , N/A,41,falling,-2.5,-4.1,-0.9
"Adams County, Mississippi(2)",28001,Rural,56.8,46.9,68.3,N/A , N/A , N/A,25,stable,-1.2,-3.9,1.4
"Suffolk City, Virginia(2)",51800,Urban,56.7,50.6,63.5,N/A , N/A , N/A,65,stable,-1.5,-2.9,0.1
"Winston County, Mississippi(2)",28159,Rural,56.7,44.7,71.5,N/A , N/A , N/A,16,stable,-1.3,-3.7,1.1
"Rockingham County, New Hampshire(2)",33015,Urban,56.7,53.6,60,N/A , N/A , N/A,264,falling,-6.5,-9.6,-3.1
"Marshall County, Indiana(2)",18099,Rural,56.7,48.6,65.9,N/A , N/A , N/A,36,stable,-0.3,-1.7,1.2
"Will County, Illinois(7)",17197,Urban,56.7,54.3,59.2,N/A , N/A , N/A,433,falling,-2.4,-4.1,-1.7
"Oklahoma County, Oklahoma(2)",40109,Urban,56.7,54.4,59,N/A , N/A , N/A,490,falling,-2.1,-2.5,-1.7
"Goodhue County, Minnesota(2)",27049,Rural,56.6,49.1,65.2,N/A , N/A , N/A,42,stable,0.6,-1.2,2.6
"Lafayette Parish, Louisiana(7)",22055,Urban,56.6,52.6,61,N/A , N/A , N/A,153,falling,-2.1,-2.8,-1.3
"Caledonia County, Vermont(2)",50005,Rural,56.6,47.2,67.7,N/A , N/A , N/A,28,falling,-3.6,-12.2,-1.7
"Wasco County, Oregon(2)",41065,Rural,56.6,46.5,68.6,N/A , N/A , N/A,23,stable,-2.0,-4.6,0.6
"Smith County, Texas(7)",48423,Urban,56.6,52.8,60.6,N/A , N/A , N/A,172,falling,-7.3,-10.1,-3.3
"Kosciusko County, Indiana(2)",18085,Rural,56.6,50.3,63.6,N/A , N/A , N/A,60,falling,-16.2,-21.2,-11.1
"Southeast Fairbanks Census Area, Alaska(2)",2240,Rural,56.5,31.5,92.6,N/A , N/A , N/A,3,*,*,*,*
"Dutchess County, New York(7)",36027,Urban,56.5,53.3,59.9,N/A , N/A , N/A,239,falling,-1.6,-3.6,-1.2
"Hamilton County, Nebraska(2)",31081,Rural,56.5,40.3,78.1,N/A , N/A , N/A,8,stable,1.9,-1.4,5.8
"Tolland County, Connecticut(7)",9013,Urban,56.5,51.8,61.6,N/A , N/A , N/A,110,falling,-1.6,-7.9,-0.4
"Todd County, Minnesota(2)",27153,Rural,56.5,46.8,68.1,N/A , N/A , N/A,24,stable,0.0,-2.3,2.3
"Rankin County, Mississippi(2)",28121,Urban,56.5,51.8,61.5,N/A , N/A , N/A,111,falling,-2.2,-3.0,-1.2
"Bradford County, Pennsylvania(2)",42015,Rural,56.5,49.9,63.8,N/A , N/A , N/A,56,stable,-1.6,-3.2,0.0
"Sevier County, Arkansas(2)",5133,Rural,56.5,41.9,74.6,N/A , N/A , N/A,10,stable,-1.0,-3.6,1.6
"Burt County, Nebraska(2)",31021,Rural,56.5,39,81.4,N/A , N/A , N/A,7,stable,-1.2,-4.4,1.9
"Mineral County, Nevada(2)",32021,Rural,56.5,36.2,88.1,N/A , N/A , N/A,5,stable,27.4,-1.7,56.0
"Transylvania County, North Carolina(2)",37175,Rural,56.5,48.6,65.7,N/A , N/A , N/A,41,stable,0.4,-1.7,2.7
"Huntingdon County, Pennsylvania(2)",42061,Rural,56.5,48.7,65.3,N/A , N/A , N/A,40,stable,-0.5,-2.1,1.1
"Ste. Genevieve County, Missouri(2)",29186,Rural,56.5,44.6,71,N/A , N/A , N/A,16,falling,-2.3,-4.4,-0.9
"Manitowoc County, Wisconsin(2)",55071,Rural,56.4,50.8,62.7,N/A , N/A , N/A,75,stable,0.7,-0.2,1.6
"Spencer County, Indiana(2)",18147,Rural,56.4,45,70.3,N/A , N/A , N/A,18,falling,-6.0,-19.5,-2.5
"Traill County, North Dakota(2)",38097,Rural,56.4,38.6,80.7,N/A , N/A , N/A,7,stable,0.5,-3.3,4.5
"Winnebago County, Wisconsin(2)",55139,Urban,56.4,52,61.1,N/A , N/A , N/A,124,falling,-1.7,-5.9,-0.8
"Harrison County, Missouri(2)",29081,Rural,56.4,39.3,79.6,N/A , N/A , N/A,7,stable,0.8,-3.3,4.9
"Carroll County, Virginia(2)",51035,Rural,56.4,47.8,66.6,N/A , N/A , N/A,32,stable,-0.3,-2.3,1.8
"Emmons County, North Dakota(2)",38029,Rural,56.4,29.1,102.6,N/A , N/A , N/A,3,*,*,*,*
"Henrico County, Virginia(2)",51087,Urban,56.3,53.1,59.7,N/A , N/A , N/A,235,falling,-1.2,-1.8,-0.6
"Sheridan County, Montana(2)",30091,Rural,56.3,31.5,96.7,N/A , N/A , N/A,3,*,*,*,*
"Tazewell County, Virginia(2)",51185,Rural,56.3,48.1,65.7,N/A , N/A , N/A,37,falling,-2.0,-3.7,-0.5
"Ralls County, Missouri(2)",29173,Rural,56.3,41.1,76.4,N/A , N/A , N/A,10,stable,-1.5,-4.5,1.9
"Kent County, Maryland(2)",24029,Rural,56.3,45.7,69.4,N/A , N/A , N/A,21,falling,-2.1,-3.8,-0.5
"Bedford County, Pennsylvania(2)",42009,Rural,56.2,48.9,64.6,N/A , N/A , N/A,45,stable,-0.1,-1.7,1.5
"Mahoning County, Ohio(2)",39099,Urban,56.2,52.7,59.9,N/A , N/A , N/A,203,falling,-1.5,-2.5,-0.7
"Ellis County, Texas(7)",48139,Urban,56.2,51.5,61.1,N/A , N/A , N/A,113,stable,-1.2,-2.3,2.6
"Northampton County, Pennsylvania(2)",42095,Urban,56.1,53,59.3,N/A , N/A , N/A,259,falling,-1.0,-1.5,-0.5
"Noble County, Oklahoma(2)",40103,Rural,56.1,41.2,75.5,N/A , N/A , N/A,10,stable,-2.1,-5.0,0.8
"Darke County, Ohio(2)",39037,Rural,56.1,48.7,64.3,N/A , N/A , N/A,43,stable,0.1,-1.1,1.4
"Lake County, Indiana(2)",18089,Urban,56.1,53.5,58.7,N/A , N/A , N/A,371,falling,-5.1,-9.7,-2.8
"Wagoner County, Oklahoma(2)",40145,Urban,56,49.8,62.8,N/A , N/A , N/A,61,falling,-2.2,-3.3,-1.0
"Chesapeake City, Virginia(2)",51550,Urban,56,52,60.2,N/A , N/A , N/A,157,falling,-1.9,-2.7,-1.1
"Gage County, Nebraska(2)",31067,Rural,56,45.2,69,N/A , N/A , N/A,20,stable,-11.3,-21.0,0.3
"Adams County, Pennsylvania(2)",42001,Urban,56,50.8,61.5,N/A , N/A , N/A,93,stable,-0.5,-1.9,1.0
"Washington County, Illinois(7)",17189,Rural,55.9,42.8,72.6,N/A , N/A , N/A,13,stable,-1.3,-2.7,0.1
"Lincoln County, Colorado(2)",8073,Rural,55.9,34.6,87,N/A , N/A , N/A,4,*,*,*,*
"Ouachita Parish, Louisiana(7)",22073,Urban,55.9,51.2,60.9,N/A , N/A , N/A,108,falling,-6.4,-12.9,-2.5
"Cheboygan County, Michigan(2)",26031,Rural,55.9,46.6,67,N/A , N/A , N/A,29,stable,-0.9,-3.0,1.2
"Llano County, Texas(7)",48299,Rural,55.9,46.5,67.5,N/A , N/A , N/A,29,stable,-1.5,-3.7,0.9
"Fairfield County, South Carolina(2)",45039,Urban,55.9,44.6,69.6,N/A , N/A , N/A,20,stable,-0.8,-3.0,1.3
"Thurston County, Washington(7)",53067,Urban,55.9,52.5,59.3,N/A , N/A , N/A,221,falling,-1.7,-2.3,-1.2
"Madison County, Florida(2)",12079,Rural,55.8,44.3,70.1,N/A , N/A , N/A,17,stable,-1.2,-4.1,1.8
"Hillsborough County, Florida(2)",12057,Urban,55.8,54.2,57.4,N/A , N/A , N/A,946,falling,-2.9,-5.9,-2.1
"Choctaw County, Mississippi(2)",28019,Rural,55.8,39.5,78.1,N/A , N/A , N/A,8,stable,0.9,-3.6,6.2
"Dodge County, Wisconsin(2)",55027,Rural,55.7,50,62,N/A , N/A , N/A,72,stable,0.1,-0.9,1.2
"Davidson County, Tennessee(2)",47037,Urban,55.7,53.2,58.3,N/A , N/A , N/A,398,falling,-2.7,-3.5,-2.2
"Sunflower County, Mississippi(2)",28133,Rural,55.7,44.4,69.1,N/A , N/A , N/A,17,stable,-1.1,-3.6,1.5
"Stone County, Missouri(2)",29209,Rural,55.7,47.6,65.2,N/A , N/A , N/A,39,falling,-2.7,-4.4,-1.0
"DeKalb County, Alabama(2)",1049,Rural,55.6,49.1,62.9,N/A , N/A , N/A,54,stable,-1.2,-2.5,0.2
"Baldwin County, Alabama(2)",1003,Urban,55.6,52.2,59.3,N/A , N/A , N/A,203,falling,-5.5,-10.7,-1.7
"Cheshire County, New Hampshire(2)",33005,Rural,55.6,49.7,62.2,N/A , N/A , N/A,68,stable,-1.9,-9.0,0.8
"Champaign County, Illinois(7)",17019,Urban,55.6,51.1,60.4,N/A , N/A , N/A,117,falling,-1.4,-2.3,-0.5
"Luce County, Michigan(2)",26095,Rural,55.6,36.8,82.6,N/A , N/A , N/A,6,stable,-2.1,-5.2,0.7
"Callahan County, Texas(7)",48059,Urban,55.6,42.5,72.1,N/A , N/A , N/A,13,falling,-2.7,-4.4,-1.1
"Bamberg County, South Carolina(2)",45009,Rural,55.5,41.6,73.4,N/A , N/A , N/A,12,stable,-0.9,-3.4,1.6
"Fluvanna County, Virginia(2)",51065,Urban,55.5,45.7,67.2,N/A , N/A , N/A,23,stable,-1.2,-4.0,1.8
"Union County, Ohio(2)",39159,Urban,55.5,47.6,64.4,N/A , N/A , N/A,37,falling,-1.8,-3.3,-0.1
"Erie County, Ohio(2)",39043,Urban,55.5,49.7,61.9,N/A , N/A , N/A,71,falling,-2.0,-3.3,-0.7
"Henry County, Virginia(2)",51089,Rural,55.5,48.7,63.2,N/A , N/A , N/A,51,falling,-1.3,-2.5,-0.1
"Ida County, Iowa(7)",19093,Rural,55.5,37,81.5,N/A , N/A , N/A,6,stable,0.5,-1.6,2.8
"Barton County, Missouri(2)",29011,Rural,55.5,40.6,74.8,N/A , N/A , N/A,10,stable,0.5,-2.7,3.8
"Kenai Peninsula Borough, Alaska(2)",2122,Rural,55.4,48,63.7,N/A , N/A , N/A,45,falling,-2.5,-4.1,-0.7
"Greene County, Alabama(2)",1063,Urban,55.4,38.7,78.5,N/A , N/A , N/A,7,*,*,*,*
"Newton County, Missouri(2)",29145,Urban,55.4,48.3,63.3,N/A , N/A , N/A,46,falling,-9.5,-19.0,-2.4
"Lafayette County, Mississippi(2)",28071,Rural,55.4,46.8,65.1,N/A , N/A , N/A,31,stable,-1.5,-3.8,0.9
"Sumter County, Georgia(7)",13261,Rural,55.3,45.3,67.2,N/A , N/A , N/A,22,stable,-1.2,-3.2,1.1
"Lauderdale County, Alabama(2)",1077,Urban,55.3,49.8,61.4,N/A , N/A , N/A,77,falling,-2.4,-3.3,-1.5
"Kossuth County, Iowa(7)",19109,Rural,55.3,42.9,71,N/A , N/A , N/A,14,stable,0.2,-0.9,1.5
"Dubois County, Indiana(2)",18037,Rural,55.3,47,64.8,N/A , N/A , N/A,33,stable,-0.2,-2.0,1.7
"Oconto County, Wisconsin(2)",55083,Urban,55.3,47.3,64.6,N/A , N/A , N/A,36,falling,-1.7,-3.0,-0.2
"Martin County, Florida(2)",12085,Urban,55.3,51.7,59.1,N/A , N/A , N/A,196,falling,-1.5,-2.5,-0.4
"Pennington County, Minnesota(2)",27113,Rural,55.3,41.7,72.6,N/A , N/A , N/A,11,stable,0.7,-2.2,4.1
"Bulloch County, Georgia(7)",13031,Rural,55.3,48,63.3,N/A , N/A , N/A,44,falling,-8.1,-21.2,-0.8
"Tama County, Iowa(7)",19171,Rural,55.3,43.2,70.2,N/A , N/A , N/A,15,stable,0.3,-1.0,1.6
"Robertson County, Texas(7)",48395,Urban,55.2,42.9,70.5,N/A , N/A , N/A,14,stable,-1.2,-3.3,0.9
"Holmes County, Florida(2)",12059,Rural,55.2,43.8,69.2,N/A , N/A , N/A,16,stable,0.7,-2.3,4.2
"Middlesex County, Connecticut(7)",9007,Urban,55.2,51.2,59.5,N/A , N/A , N/A,147,falling,-0.8,-1.2,-0.5
"Chippewa County, Wisconsin(2)",55017,Urban,55.2,48.6,62.6,N/A , N/A , N/A,53,stable,-0.5,-1.5,0.6
"Concordia Parish, Louisiana(7)",22029,Rural,55.2,42.8,70.4,N/A , N/A , N/A,14,stable,-1.6,-3.6,0.4
"Elk County, Pennsylvania(2)",42047,Rural,55.2,46.2,65.7,N/A , N/A , N/A,28,stable,-1.1,-2.5,0.2
"Ulster County, New York(7)",36111,Urban,55.2,51.3,59.3,N/A , N/A , N/A,157,falling,-4.7,-9.8,-1.6
"Angelina County, Texas(7)",48005,Rural,55.2,49.1,61.8,N/A , N/A , N/A,61,falling,-2.5,-3.7,-1.1
"Lewis County, New York(7)",36049,Rural,55.2,45.1,67.1,N/A , N/A , N/A,22,stable,-0.4,-2.0,1.4
"Runnels County, Texas(7)",48399,Rural,55.1,39.3,76.1,N/A , N/A , N/A,8,stable,-1.2,-3.2,0.7
"Cleveland County, Oklahoma(2)",40027,Urban,55.1,51.5,58.9,N/A , N/A , N/A,180,falling,-2.3,-3.2,-1.3
"Archer County, Texas(7)",48009,Urban,55.1,38.9,77,N/A , N/A , N/A,8,stable,0.8,-1.8,3.9
"Orangeburg County, South Carolina(2)",45075,Rural,55.1,49.3,61.4,N/A , N/A , N/A,70,stable,-0.6,-1.8,0.6
"Jefferson County, Montana(2)",30043,Urban,55.1,40.8,73.8,N/A , N/A , N/A,12,stable,-2.1,-5.9,2.1
"Chowan County, North Carolina(2)",37041,Rural,55,42.5,71.1,N/A , N/A , N/A,14,stable,-0.9,-3.0,1.3
"Hartford County, Connecticut(7)",9003,Urban,55,53.1,57,N/A , N/A , N/A,666,falling,-1.3,-3.7,-0.8
"Houston County, Alabama(2)",1069,Urban,55,49.7,60.7,N/A , N/A , N/A,83,falling,-2.0,-2.7,-1.2
"O'Brien County, Iowa(7)",19141,Rural,55,41.8,71.6,N/A , N/A , N/A,13,stable,0.8,-1.0,2.9
"Hamilton County, Iowa(7)",19079,Rural,55,42,71.3,N/A , N/A , N/A,13,stable,-0.7,-2.1,0.7
"Bennington County, Vermont(2)",50003,Rural,55,47.1,64.1,N/A , N/A , N/A,37,falling,-2.3,-4.0,-0.6
"Fayette County, Alabama(2)",1057,Rural,55,43,69.9,N/A , N/A , N/A,15,stable,-1.7,-4.2,0.7
"Radford City, Virginia(2)",51750,Urban,55,37.4,78,N/A , N/A , N/A,7,stable,-2.2,-5.1,0.4
"Mathews County, Virginia(2)",51115,Urban,54.9,40,76.2,N/A , N/A , N/A,10,stable,-1.8,-4.3,0.7
"Meade County, South Dakota(2)",46093,Urban,54.9,44.6,67.2,N/A , N/A , N/A,21,stable,-0.5,-2.0,1.3
"Union County, South Dakota(2)",46127,Urban,54.9,42.1,70.8,N/A , N/A , N/A,13,stable,-2.1,-4.3,0.2
"Florence County, Wisconsin(2)",55037,Rural,54.9,36.1,86.5,N/A , N/A , N/A,6,stable,-2.3,-4.8,0.2
"Jefferson Parish, Louisiana(7)",22051,Urban,54.9,52.2,57.7,N/A , N/A , N/A,323,falling,-2.1,-2.5,-1.7
"Emmet County, Iowa(7)",19063,Rural,54.9,39,76.1,N/A , N/A , N/A,8,stable,-0.6,-2.5,1.2
"Candler County, Georgia(7)",13043,Rural,54.9,38.7,76,N/A , N/A , N/A,8,stable,-0.5,-3.3,2.7
"Boundary County, Idaho(7)",16021,Rural,54.9,40.9,73,N/A , N/A , N/A,11,stable,-1.2,-2.9,0.7
"Greene County, Virginia(2)",51079,Urban,54.8,43.2,69,N/A , N/A , N/A,16,stable,-1.9,-3.9,0.4
"Stafford County, Virginia(2)",51179,Urban,54.8,49.3,60.8,N/A , N/A , N/A,79,falling,-5.2,-9.4,-3.3
"Ashland County, Wisconsin(2)",55003,Rural,54.8,42.7,70,N/A , N/A , N/A,15,stable,-1.7,-4.0,0.6
"Gonzales County, Texas(7)",48177,Rural,54.8,42.6,69.7,N/A , N/A , N/A,14,stable,-0.7,-2.9,1.6
"Butler County, Iowa(7)",19023,Rural,54.8,41.7,71.3,N/A , N/A , N/A,13,stable,0.8,-0.4,2.2
"Columbia County, Pennsylvania(2)",42037,Rural,54.8,48.2,62.1,N/A , N/A , N/A,53,stable,-0.9,-2.2,0.5
"Carroll County, Maryland(2)",24013,Urban,54.8,50.6,59.2,N/A , N/A , N/A,131,falling,-1.5,-2.3,-0.8
"Sussex County, New Jersey(7)",34037,Urban,54.7,50.2,59.6,N/A , N/A , N/A,114,falling,-1.5,-2.4,-0.5
"Linn County, Oregon(2)",41043,Urban,54.7,49.9,59.9,N/A , N/A , N/A,101,falling,-1.8,-2.7,-1.0
"Antelope County, Nebraska(2)",31003,Rural,54.7,36,81.6,N/A , N/A , N/A,6,stable,1.8,-1.7,5.5
"Tulsa County, Oklahoma(2)",40143,Urban,54.7,52.3,57.2,N/A , N/A , N/A,415,falling,-2.2,-2.5,-1.8
"Tipton County, Indiana(2)",18159,Urban,54.7,42,70.7,N/A , N/A , N/A,13,falling,-9.8,-24.6,-1.5
"Warren County, Ohio(2)",39165,Urban,54.6,50.8,58.7,N/A , N/A , N/A,158,falling,-2.0,-2.8,-1.1
"Adair County, Iowa(7)",19001,Rural,54.6,37,79.1,N/A , N/A , N/A,7,stable,0.7,-1.0,2.7
"Newport News City, Virginia(2)",51700,Urban,54.6,50.1,59.5,N/A , N/A , N/A,110,falling,-1.9,-2.8,-1.0
"Crawford County, Wisconsin(2)",55023,Rural,54.6,42.8,69.5,N/A , N/A , N/A,16,stable,-1.6,-3.8,0.5
"Dawson County, Georgia(7)",13085,Urban,54.6,44.8,66.2,N/A , N/A , N/A,23,stable,-2.2,-4.0,0.0
"Pasquotank County, North Carolina(2)",37139,Rural,54.6,46.1,64.3,N/A , N/A , N/A,30,stable,-2.0,-15.2,0.3
"Douglas County, Missouri(2)",29067,Rural,54.5,41.2,72,N/A , N/A , N/A,12,stable,-1.0,-4.0,1.9
"Clayton County, Iowa(7)",19043,Rural,54.5,43,68.7,N/A , N/A , N/A,17,stable,0.2,-1.1,1.5
"Franklin County, Massachusetts(2)",25011,Rural,54.5,48.5,61.1,N/A , N/A , N/A,66,stable,-0.7,-1.9,0.6
"Powell County, Montana(2)",30077,Rural,54.4,36.5,80.2,N/A , N/A , N/A,6,stable,-2.2,-5.9,1.5
"Poquoson City, Virginia(2)",51735,Urban,54.4,40.1,72.9,N/A , N/A , N/A,10,stable,0.4,-3.3,5.0
"Brule County, South Dakota(2)",46015,Rural,54.4,34,84.9,N/A , N/A , N/A,5,stable,-1.7,-5.8,2.6
"Waseca County, Minnesota(2)",27161,Rural,54.4,42.2,69.3,N/A , N/A , N/A,14,stable,-0.6,-3.4,2.2
"Catahoula Parish, Louisiana(7)",22025,Rural,54.4,37.4,77.4,N/A , N/A , N/A,7,stable,0.0,-2.0,2.3
"Seminole County, Georgia(7)",13253,Rural,54.4,38.5,75.8,N/A , N/A , N/A,8,stable,-1.0,-3.5,1.9
"Clarion County, Pennsylvania(2)",42031,Rural,54.4,45.9,64.2,N/A , N/A , N/A,31,stable,-0.7,-2.3,0.9
"McLean County, North Dakota(2)",38055,Rural,54.4,39.2,74.7,N/A , N/A , N/A,9,stable,-0.3,-2.7,2.1
"Piatt County, Illinois(7)",17147,Urban,54.3,42.1,69.6,N/A , N/A , N/A,14,stable,-1.1,-3.0,1.0
"Warren County, North Carolina(2)",37185,Rural,54.3,43.8,67.4,N/A , N/A , N/A,20,stable,-1.8,-3.9,0.3
"Rusk County, Wisconsin(2)",55107,Rural,54.3,42.6,69.4,N/A , N/A , N/A,15,falling,-4.1,-14.9,-0.2
"Woods County, Oklahoma(2)",40151,Rural,54.3,36.2,79,N/A , N/A , N/A,6,stable,-0.6,-2.4,1.2
"Coos County, New Hampshire(2)",33007,Rural,54.3,45.9,64.1,N/A , N/A , N/A,32,stable,-1.2,-2.4,0.1
"Iowa County, Wisconsin(2)",55049,Urban,54.3,43.7,67,N/A , N/A , N/A,20,stable,2.2,-0.9,6.3
"Walworth County, South Dakota(2)",46129,Rural,54.2,35.6,82.1,N/A , N/A , N/A,5,stable,-2.6,-6.5,0.9
"Ashe County, North Carolina(2)",37009,Rural,54.2,45.4,64.6,N/A , N/A , N/A,29,stable,-1.5,-3.4,0.4
"Tillamook County, Oregon(2)",41057,Rural,54.2,45.1,65,N/A , N/A , N/A,28,falling,-3.1,-7.2,-1.8
"Dawson County, Montana(2)",30021,Rural,54.2,36.6,77.9,N/A , N/A , N/A,7,stable,-2.0,-5.0,0.8
"Freeborn County, Minnesota(2)",27047,Rural,54.1,45.2,64.6,N/A , N/A , N/A,28,stable,-11.0,-25.4,2.6
"New Hanover County, North Carolina(2)",37129,Urban,54.1,50.5,58,N/A , N/A , N/A,170,falling,-7.9,-13.5,-1.8
"Dixon County, Nebraska(2)",31051,Rural,54.1,32.9,85.3,N/A , N/A , N/A,4,stable,-0.2,-4.0,3.6
"Dubuque County, Iowa(7)",19061,Urban,54,48.6,60,N/A , N/A , N/A,75,falling,-1.5,-2.1,-0.9
"Washington County, Virginia(2)",51191,Urban,54,47.3,61.6,N/A , N/A , N/A,50,falling,-2.4,-3.4,-1.4
"Pennington County, South Dakota(2)",46103,Urban,54,48.7,59.7,N/A , N/A , N/A,84,falling,-3.0,-8.9,-1.4
"Lander County, Nevada(2)",32015,Rural,54,32.5,85.4,N/A , N/A , N/A,4,*,*,*,*
"Lowndes County, Georgia(7)",13185,Urban,54,48.1,60.4,N/A , N/A , N/A,64,falling,-2.8,-3.8,-1.8
"Shelby County, Tennessee(2)",47157,Urban,54,51.9,56.1,N/A , N/A , N/A,560,falling,-1.4,-3.0,-0.9
"Rice County, Minnesota(2)",27131,Rural,53.9,46.9,61.8,N/A , N/A , N/A,44,stable,-0.4,-1.9,1.4
"Wayne County, Iowa(7)",19185,Rural,53.9,34,82.4,N/A , N/A , N/A,5,stable,0.1,-1.5,1.8
"Glacier County, Montana(2)",30035,Rural,53.9,37.6,74.9,N/A , N/A , N/A,8,falling,-8.0,-32.5,-3.4
"Otsego County, Michigan(2)",26137,Rural,53.9,43.8,66,N/A , N/A , N/A,21,stable,-1.3,-3.0,0.4
"Dauphin County, Pennsylvania(2)",42043,Urban,53.9,50.6,57.4,N/A , N/A , N/A,206,falling,-1.8,-2.9,-1.2
"Marion County, Oregon(2)",41047,Urban,53.9,50.7,57.2,N/A , N/A , N/A,228,falling,-1.2,-1.9,-0.5
"Benton County, Arkansas(2)",5007,Urban,53.9,50.2,57.8,N/A , N/A , N/A,163,falling,-7.5,-11.2,-3.5
"Ramsey County, Minnesota(2)",27123,Urban,53.9,51.3,56.5,N/A , N/A , N/A,342,falling,-0.9,-1.6,-0.1
"Pike County, Georgia(7)",13231,Urban,53.8,41.6,68.9,N/A , N/A , N/A,14,stable,-0.9,-3.6,2.4
"Shasta County, California(7)",6089,Urban,53.8,50,57.9,N/A , N/A , N/A,153,falling,-2.4,-3.1,-1.6
"Howard County, Iowa(7)",19089,Rural,53.8,37.7,75.2,N/A , N/A , N/A,8,stable,1.4,-0.7,3.7
"Jefferson County, Wisconsin(2)",55055,Rural,53.8,47.9,60.2,N/A , N/A , N/A,64,stable,-0.8,-2.0,0.4
"Canadian County, Oklahoma(2)",40017,Urban,53.8,48.8,59.1,N/A , N/A , N/A,89,falling,-2.1,-3.4,-0.8
"Cumberland County, Maine(2)",23005,Urban,53.8,50.7,57,N/A , N/A , N/A,237,falling,-1.9,-2.4,-1.4
"Oglethorpe County, Georgia(7)",13221,Urban,53.7,40.9,69.9,N/A , N/A , N/A,12,falling,-16.3,-29.9,-0.5
"Nez Perce County, Idaho(7)",16069,Urban,53.7,45.8,62.8,N/A , N/A , N/A,34,falling,-1.9,-3.2,-0.7
"Cambria County, Pennsylvania(2)",42021,Urban,53.7,49.4,58.4,N/A , N/A , N/A,120,stable,-0.5,-1.5,0.5
"Sheboygan County, Wisconsin(2)",55117,Urban,53.7,48.8,59.1,N/A , N/A , N/A,90,stable,-0.2,-1.5,1.1
"Del Norte County, California(7)",6015,Rural,53.7,43.9,65.4,N/A , N/A , N/A,22,falling,-2.6,-4.3,-0.8
"Anne Arundel County, Maryland(2)",24003,Urban,53.7,51.3,56.2,N/A , N/A , N/A,383,falling,-2.7,-4.9,-2.1
"Hall County, Nebraska(2)",31079,Urban,53.7,46.4,61.8,N/A , N/A , N/A,40,stable,-0.9,-2.0,0.1
"Franklin County, Mississippi(2)",28037,Rural,53.6,36.9,76.9,N/A , N/A , N/A,7,stable,-1.6,-18.3,9.8
"Hamlin County, South Dakota(2)",46057,Rural,53.6,31.4,85.9,N/A , N/A , N/A,4,stable,1.1,-2.9,5.3
"Chatham County, Georgia(7)",13051,Urban,53.6,50.2,57.2,N/A , N/A , N/A,195,falling,-2.1,-2.7,-1.5
"Dickinson County, Michigan(2)",26043,Rural,53.6,44.1,65,N/A , N/A , N/A,23,stable,-0.2,-2.6,2.4
"Clayton County, Georgia(7)",13063,Urban,53.6,49.3,58.2,N/A , N/A , N/A,134,falling,-1.5,-1.9,-1.1
"Bullock County, Alabama(2)",1011,Rural,53.6,37.8,74.6,N/A , N/A , N/A,8,stable,0.2,-2.6,3.3
"Madison Parish, Louisiana(7)",22065,Rural,53.6,36.4,76.5,N/A , N/A , N/A,7,stable,-1.7,-4.4,0.9
"Toole County, Montana(2)",30101,Rural,53.5,31.7,86.5,N/A , N/A , N/A,4,stable,-3.2,-8.7,1.7
"Sullivan County, Pennsylvania(2)",42113,Rural,53.5,36,81.6,N/A , N/A , N/A,7,stable,-0.1,-2.7,2.5
"Walker County, Texas(7)",48471,Rural,53.5,46.6,61.2,N/A , N/A , N/A,45,falling,-3.6,-5.0,-2.2
"Southampton County, Virginia(2)",51175,Rural,53.5,42.3,67.5,N/A , N/A , N/A,16,stable,-1.8,-5.0,1.5
"Essex County, Massachusetts(2)",25009,Urban,53.5,51.6,55.5,N/A , N/A , N/A,591,falling,-8.9,-12.8,-4.8
"Monroe County, Indiana(2)",18105,Urban,53.5,48.3,59.1,N/A , N/A , N/A,80,falling,-1.6,-3.1,-0.1
"Clay County, South Dakota(2)",46027,Rural,53.5,37.2,74.6,N/A , N/A , N/A,7,stable,-0.6,-4.1,3.0
"Patrick County, Virginia(2)",51141,Rural,53.5,42.8,66.9,N/A , N/A , N/A,18,stable,-0.3,-3.1,2.6
"Morrow County, Oregon(2)",41049,Rural,53.5,38,73.6,N/A , N/A , N/A,8,stable,-3.6,-7.6,0.0
"Irwin County, Georgia(7)",13155,Rural,53.4,37.3,74.9,N/A , N/A , N/A,7,stable,-0.7,-3.5,2.4
"Kandiyohi County, Minnesota(2)",27067,Rural,53.3,45.4,62.4,N/A , N/A , N/A,34,stable,1.0,-0.2,2.5
"Nelson County, North Dakota(2)",38063,Rural,53.3,30.2,95,N/A , N/A , N/A,3,stable,0.6,-4.0,5.6
"Livingston County, Michigan(2)",26093,Urban,53.3,49.4,57.5,N/A , N/A , N/A,146,falling,-1.7,-2.5,-0.9
"Caldwell County, Texas(7)",48055,Urban,53.3,44.7,63.2,N/A , N/A , N/A,28,stable,-1.7,-3.6,0.4
"Muskegon County, Michigan(2)",26121,Urban,53.3,49.1,57.7,N/A , N/A , N/A,129,falling,-8.8,-14.6,-1.5
"La Crosse County, Wisconsin(2)",55063,Urban,53.3,48.2,58.8,N/A , N/A , N/A,83,stable,-0.7,-1.7,0.2
"Lincoln County, Wisconsin(2)",55069,Rural,53.3,44.4,63.8,N/A , N/A , N/A,27,falling,-1.9,-3.8,-0.1
"Otter Tail County, Minnesota(2)",27111,Rural,53.3,46.9,60.4,N/A , N/A , N/A,56,stable,0.5,-0.8,2.0
"Skagit County, Washington(7)",53057,Urban,53.3,48.8,58.1,N/A , N/A , N/A,109,falling,-1.2,-1.7,-0.5
"Fillmore County, Minnesota(2)",27045,Urban,53.3,42.5,66.3,N/A , N/A , N/A,18,stable,0.1,-2.1,2.4
"Burlington County, New Jersey(7)",34005,Urban,53.3,50.7,55.9,N/A , N/A , N/A,341,falling,-5.4,-8.0,-2.1
"Washington County, Iowa(7)",19183,Urban,53.2,42.2,66.5,N/A , N/A , N/A,17,stable,0.9,-0.2,2.1
"Anchorage Borough, Alaska(2)",2020,Urban,53.2,49.3,57.4,N/A , N/A , N/A,150,falling,-4.1,-7.2,-1.6
"Washington County, Rhode Island(2)",44009,Urban,53.2,48.7,58.1,N/A , N/A , N/A,112,falling,-4.5,-11.0,-1.2
"Pointe Coupee Parish, Louisiana(7)",22077,Urban,53.2,42.5,66.1,N/A , N/A , N/A,18,falling,-2.7,-4.6,-0.9
"Daviess County, Missouri(2)",29061,Rural,53.2,35.8,77,N/A , N/A , N/A,7,stable,-0.4,-4.7,4.0
"Delaware County, Pennsylvania(2)",42045,Urban,53.1,50.8,55.6,N/A , N/A , N/A,398,falling,-6.0,-10.5,-3.3
"Mineral County, West Virginia(2)",54057,Rural,53.1,43.8,64.2,N/A , N/A , N/A,24,falling,-3.8,-10.0,-2.5
"Humboldt County, Iowa(7)",19091,Rural,53.1,36.8,74.9,N/A , N/A , N/A,7,stable,0.0,-1.8,1.9
"Cherokee County, Georgia(7)",13057,Urban,53.1,49.4,57,N/A , N/A , N/A,165,falling,-2.5,-3.3,-1.5
"St. Helena Parish, Louisiana(7)",22091,Urban,53.1,38.7,72,N/A , N/A , N/A,9,falling,-2.9,-4.7,-0.8
"Eaton County, Michigan(2)",26045,Urban,53.1,47.9,58.6,N/A , N/A , N/A,83,falling,-1.3,-2.3,-0.3
"McLean County, Illinois(7)",17113,Urban,53.1,48.4,58,N/A , N/A , N/A,100,falling,-2.3,-7.9,-1.1
"Carson City, Nevada(2)",32510,Urban,53,46.4,60.5,N/A , N/A , N/A,48,falling,-2.0,-3.7,-0.3
"Westmoreland County, Pennsylvania(2)",42129,Urban,53,50.4,55.8,N/A , N/A , N/A,326,falling,-3.0,-8.8,-1.6
"Barry County, Michigan(2)",26015,Urban,53,46.4,60.5,N/A , N/A , N/A,48,stable,-1.2,-3.3,0.9
"Henderson County, North Carolina(2)",37089,Urban,53,48.6,57.8,N/A , N/A , N/A,114,falling,-1.7,-2.5,-0.8
"Johnson County, Nebraska(2)",31097,Rural,53,32.6,83.7,N/A , N/A , N/A,4,*,*,*,*
"Craig County, Virginia(2)",51045,Urban,53,31.3,86.7,N/A , N/A , N/A,4,stable,-1.8,-6.1,2.9
"Brazoria County, Texas(7)",48039,Urban,53,49.6,56.5,N/A , N/A , N/A,198,falling,-2.7,-3.3,-2.1
"Stephenson County, Illinois(7)",17177,Rural,53,45.6,61.3,N/A , N/A , N/A,40,falling,-1.6,-2.9,-0.3
"Hansford County, Texas(7)",48195,Rural,53,29.8,87.5,N/A , N/A , N/A,3,stable,1.1,-4.0,6.6
"Dooly County, Georgia(7)",13093,Rural,53,39,71.4,N/A , N/A , N/A,10,stable,-1.9,-4.7,1.3
"Sarpy County, Nebraska(2)",31153,Urban,52.9,48.2,58,N/A , N/A , N/A,97,falling,-1.7,-2.6,-0.6
"Monroe County, Illinois(7)",17133,Urban,52.9,44,63.3,N/A , N/A , N/A,26,stable,-1.1,-2.5,0.5
"Lexington City, Virginia(2)",51678,Rural,52.9,31.7,84.7,N/A , N/A , N/A,4,*,*,*,*
"Monongalia County, West Virginia(2)",54061,Urban,52.9,46.8,59.6,N/A , N/A , N/A,57,falling,-1.1,-2.0,-0.1
"Monmouth County, New Jersey(7)",34025,Urban,52.9,50.7,55.1,N/A , N/A , N/A,478,falling,-1.6,-2.1,-1.2
"Bristol County, Rhode Island(2)",44001,Urban,52.9,45.7,60.9,N/A , N/A , N/A,41,stable,-1.0,-3.4,1.3
"Roanoke County, Virginia(2)",51161,Urban,52.8,47.7,58.4,N/A , N/A , N/A,82,stable,-0.7,-2.1,0.7
"Burleigh County, North Dakota(2)",38015,Urban,52.8,47.1,59,N/A , N/A , N/A,65,stable,0.1,-1.5,2.0
"Norfolk County, Massachusetts(2)",25021,Urban,52.8,50.7,54.9,N/A , N/A , N/A,513,falling,-5.3,-9.8,-1.0
"Van Wert County, Ohio(2)",39161,Rural,52.7,43.3,63.9,N/A , N/A , N/A,23,stable,-1.5,-3.4,0.3
"Lenawee County, Michigan(2)",26091,Rural,52.7,47.5,58.5,N/A , N/A , N/A,78,falling,-1.1,-2.2,-0.1
"Alger County, Michigan(2)",26003,Rural,52.7,37.7,73.6,N/A , N/A , N/A,9,stable,-2.3,-5.2,0.4
"Halifax County with South Boston City, Virginia(2)",51083,Rural,52.7,44.3,62.5,N/A , N/A , N/A,31,stable,-1.3,-2.7,0.2
"Fulton County, Ohio(2)",39051,Urban,52.7,44.7,61.9,N/A , N/A , N/A,32,stable,-0.4,-2.1,1.5
"Winnebago County, Iowa(7)",19189,Rural,52.7,37.4,72.8,N/A , N/A , N/A,8,rising,1.6,0.1,3.5
"Surry County, Virginia(2)",51181,Urban,52.7,36,77.4,N/A , N/A , N/A,7,stable,-3.4,-8.6,8.6
"Boone County, Indiana(2)",18011,Urban,52.7,45.7,60.4,N/A , N/A , N/A,43,falling,-1.9,-3.5,-0.1
"Ector County, Texas(7)",48135,Urban,52.6,47.1,58.6,N/A , N/A , N/A,69,falling,-2.8,-3.7,-1.9
"Kent County, Michigan(2)",26081,Urban,52.6,50.2,55.1,N/A , N/A , N/A,390,falling,-1.2,-1.7,-0.6
"Clallam County, Washington(7)",53009,Rural,52.6,47.4,58.3,N/A , N/A , N/A,85,falling,-3.1,-12.9,-1.0
"Tensas Parish, Louisiana(7)",22107,Rural,52.6,31.3,86.9,N/A , N/A , N/A,4,stable,-2.2,-5.0,0.7
"Hanover County, Virginia(2)",51085,Urban,52.5,47.5,58,N/A , N/A , N/A,82,falling,-1.9,-3.3,-0.3
"Monroe County, Michigan(2)",26115,Urban,52.5,48.3,57,N/A , N/A , N/A,120,falling,-3.2,-10.7,-1.8
"Butte County, California(7)",6007,Urban,52.5,48.7,56.5,N/A , N/A , N/A,149,falling,-1.9,-2.4,-1.4
"Hood County, Texas(7)",48221,Rural,52.4,46.5,59.1,N/A , N/A , N/A,60,falling,-10.5,-19.3,-0.9
"Atchison County, Missouri(2)",29005,Rural,52.4,33,81.9,N/A , N/A , N/A,5,stable,-0.2,-4.4,3.8
"Bandera County, Texas(7)",48019,Urban,52.4,43.2,63.8,N/A , N/A , N/A,24,stable,-1.6,-3.3,0.4
"Grant County, Wisconsin(2)",55043,Rural,52.3,44.7,61,N/A , N/A , N/A,36,stable,-1.3,-3.5,0.8
"Scott County, Virginia(2)",51169,Urban,52.3,42.3,64.6,N/A , N/A , N/A,20,falling,-4.0,-6.8,-1.7
"Ingham County, Michigan(2)",26065,Urban,52.3,48.7,56.1,N/A , N/A , N/A,163,stable,-0.8,-1.8,0.2
"Coweta County, Georgia(7)",13077,Urban,52.2,47.4,57.5,N/A , N/A , N/A,89,falling,-2.1,-2.9,-1.1
"Benewah County, Idaho(7)",16009,Rural,52.2,37.4,72.3,N/A , N/A , N/A,9,falling,-5.0,-17.3,-2.2
"Erath County, Texas(7)",48143,Rural,52.2,43.2,62.6,N/A , N/A , N/A,25,stable,-1.0,-3.1,1.3
"Stutsman County, North Dakota(2)",38093,Rural,52.2,41.2,65.6,N/A , N/A , N/A,16,stable,-1.8,-4.2,0.5
"Jefferson County, Alabama(2)",1073,Urban,52.2,50,54.5,N/A , N/A , N/A,441,falling,-1.9,-2.2,-1.7
"Winona County, Minnesota(2)",27169,Rural,52.1,44.5,60.8,N/A , N/A , N/A,35,stable,-0.4,-2.5,1.8
"Kalamazoo County, Michigan(2)",26077,Urban,52.1,48.5,55.9,N/A , N/A , N/A,162,falling,-2.0,-3.4,-0.7
"Red Willow County, Nebraska(2)",31145,Rural,52.1,37.5,71.4,N/A , N/A , N/A,9,stable,-1.6,-4.3,1.0
"Snohomish County, Washington(7)",53061,Urban,52.1,49.9,54.3,N/A , N/A , N/A,477,falling,-2.2,-4.9,-1.5
"Kootenai County, Idaho(7)",16055,Urban,52.1,48,56.4,N/A , N/A , N/A,128,stable,-1.0,-2.1,0.2
"Howard County, Texas(7)",48227,Rural,52.1,41.8,64.1,N/A , N/A , N/A,19,stable,-1.2,-2.6,0.2
"Greene County, Georgia(7)",13133,Rural,52.1,41.5,65.2,N/A , N/A , N/A,20,stable,-0.7,-2.0,0.9
"Calhoun County, Illinois(7)",17013,Urban,52,32.9,82.5,N/A , N/A , N/A,5,*,*,*,*
"Lincoln County, Oregon(2)",41041,Rural,52,45.5,59.5,N/A , N/A , N/A,54,falling,-2.6,-3.7,-1.7
"Day County, South Dakota(2)",46037,Rural,52,32.5,81.5,N/A , N/A , N/A,5,stable,-1.8,-5.6,1.6
"Washburn County, Wisconsin(2)",55129,Rural,52,40.8,66.3,N/A , N/A , N/A,17,stable,-1.2,-3.0,0.7
"Richardson County, Nebraska(2)",31147,Rural,52,36.8,73.4,N/A , N/A , N/A,8,stable,-0.8,-5.0,3.6
"Goliad County, Texas(7)",48175,Urban,52,35.6,75.4,N/A , N/A , N/A,7,falling,-3.2,-6.0,-0.4
"St. Johns County, Florida(2)",12109,Urban,51.9,48.9,55.2,N/A , N/A , N/A,222,falling,-2.3,-2.8,-1.8
"Union County, Georgia(7)",13291,Rural,51.9,43.5,62.2,N/A , N/A , N/A,31,stable,-1.2,-2.3,0.1
"St. John the Baptist Parish, Louisiana(7)",22095,Urban,51.9,43,62.2,N/A , N/A , N/A,26,stable,-1.6,-3.7,0.7
"Telfair County, Georgia(7)",13271,Rural,51.8,37.8,70.1,N/A , N/A , N/A,9,stable,-0.8,-2.8,1.4
"Washington County, Arkansas(2)",5143,Urban,51.8,47.7,56.1,N/A , N/A , N/A,123,falling,-4.7,-10.0,-2.3
"Lewis County, Washington(2)",53041,Rural,51.8,46.3,57.9,N/A , N/A , N/A,68,falling,-2.7,-4.1,-1.3
"Wheeler County, Georgia(7)",13309,Rural,51.8,33,78.3,N/A , N/A , N/A,5,*,*,*,*
"Sabine County, Texas(7)",48403,Rural,51.8,38,70.6,N/A , N/A , N/A,11,falling,-10.3,-27.1,-2.8
"Tuscaloosa County, Alabama(2)",1125,Urban,51.8,47.7,56,N/A , N/A , N/A,128,falling,-3.0,-3.7,-2.3
"Blaine County, Montana(2)",30005,Rural,51.8,32.2,79.5,N/A , N/A , N/A,4,stable,-0.5,-5.2,4.1
"Dickinson County, Iowa(7)",19059,Rural,51.7,41.3,64.8,N/A , N/A , N/A,18,stable,-1.0,-2.1,0.3
"Nemaha County, Nebraska(2)",31127,Rural,51.7,33.9,77,N/A , N/A , N/A,5,stable,3.0,-0.9,8.0
"Steele County, Minnesota(2)",27147,Rural,51.7,43.1,61.7,N/A , N/A , N/A,26,stable,0.0,-2.4,2.7
"Mitchell County, Iowa(7)",19131,Rural,51.7,36.5,71.9,N/A , N/A , N/A,8,stable,-0.8,-2.9,1.3
"Kearney County, Nebraska(2)",31099,Rural,51.7,33.7,77.5,N/A , N/A , N/A,5,stable,-0.3,-3.3,3.0
"Blue Earth County, Minnesota(2)",27013,Urban,51.7,44.5,59.7,N/A , N/A , N/A,39,stable,0.1,-1.6,1.9
"Grafton County, New Hampshire(2)",33009,Rural,51.7,46.5,57.5,N/A , N/A , N/A,76,stable,-0.5,-1.5,0.6
"Greene County, Ohio(2)",39057,Urban,51.7,47.5,56.2,N/A , N/A , N/A,117,falling,-1.7,-2.5,-0.9
"Kingsbury County, South Dakota(2)",46077,Rural,51.7,32.9,80.2,N/A , N/A , N/A,5,stable,-0.6,-5.1,3.9
"Jefferson County, Nebraska(2)",31095,Rural,51.7,36,74,N/A , N/A , N/A,7,stable,0.5,-2.5,3.7
"Worcester County, Maryland(2)",24047,Rural,51.6,45.6,58.5,N/A , N/A , N/A,56,falling,-10.0,-20.3,-0.6
"Antrim County, Michigan(2)",26009,Rural,51.6,42.2,63.1,N/A , N/A , N/A,24,falling,-2.6,-4.0,-1.2
"Pierce County, Nebraska(2)",31139,Rural,51.6,34.2,76.1,N/A , N/A , N/A,6,stable,-0.1,-3.1,3.1
"Franklin County, Florida(2)",12037,Rural,51.5,38.9,68.2,N/A , N/A , N/A,12,falling,-3.8,-5.7,-1.9
"Adams County, Nebraska(2)",31001,Rural,51.5,42.3,62.4,N/A , N/A , N/A,23,stable,-2.1,-4.3,0.0
"Davison County, South Dakota(2)",46035,Rural,51.5,40.5,64.9,N/A , N/A , N/A,16,stable,-1.6,-3.2,0.1
"McLennan County, Texas(7)",48309,Urban,51.5,47.8,55.3,N/A , N/A , N/A,154,falling,-2.5,-3.3,-1.8
"Montgomery County, Georgia(7)",13209,Rural,51.4,34.9,74.1,N/A , N/A , N/A,6,stable,-2.5,-5.3,0.5
"Manassas Park City, Virginia(2)",51685,Urban,51.4,34.5,73.3,N/A , N/A , N/A,6,stable,-3.3,-8.1,2.2
"Nuckolls County, Nebraska(2)",31129,Rural,51.4,30.5,85.6,N/A , N/A , N/A,4,*,*,*,*
"Wilkes County, Georgia(7)",13317,Rural,51.4,36.2,71.9,N/A , N/A , N/A,8,falling,-3.3,-4.8,-1.8
"Prowers County, Colorado(2)",8099,Rural,51.3,36.4,70.8,N/A , N/A , N/A,8,stable,1.0,-1.7,3.8
"Cottonwood County, Minnesota(2)",27033,Rural,51.3,37.2,69.8,N/A , N/A , N/A,9,stable,1.2,-1.4,4.1
"Saluda County, South Carolina(2)",45081,Urban,51.2,40.3,64.8,N/A , N/A , N/A,15,stable,-1.0,-2.6,0.7
"Lebanon County, Pennsylvania(2)",42075,Urban,51.2,46.9,55.9,N/A , N/A , N/A,109,falling,-3.3,-7.7,-1.5
"Bastrop County, Texas(7)",48021,Urban,51.2,45.4,57.6,N/A , N/A , N/A,60,falling,-2.3,-3.9,-0.4
"Lawrence County, South Dakota(2)",46081,Rural,51.2,41.6,62.8,N/A , N/A , N/A,22,stable,-1.0,-2.5,0.6
"Fayette County, Tennessee(2)",47047,Urban,51.2,43.8,59.7,N/A , N/A , N/A,36,stable,-0.8,-2.9,1.8
"Bucks County, Pennsylvania(2)",42017,Urban,51.2,49.1,53.3,N/A , N/A , N/A,496,falling,-3.9,-7.9,-1.3
"Columbia County, Wisconsin(2)",55021,Urban,51.2,44.4,58.8,N/A , N/A , N/A,43,falling,-3.3,-7.4,-2.1
"Lincoln County, Maine(2)",23015,Rural,51.2,43.4,60.3,N/A , N/A , N/A,36,stable,-1.7,-3.7,0.3
"Clay County, Iowa(7)",19041,Rural,51.1,39.6,65.6,N/A , N/A , N/A,14,stable,-0.5,-1.8,1.0
"Sumter County, Florida(2)",12119,Urban,51.1,47.1,55.7,N/A , N/A , N/A,232,falling,-8.2,-13.5,-2.7
"New Castle County, Delaware(2)",10003,Urban,51.1,48.8,53.6,N/A , N/A , N/A,375,falling,-2.2,-2.8,-1.6
"Williams County, North Dakota(2)",38105,Rural,51.1,40,64.2,N/A , N/A , N/A,16,stable,-16.2,-31.3,0.9
"Talbot County, Maryland(2)",24041,Rural,51.1,43.8,59.6,N/A , N/A , N/A,39,stable,0.2,-2.1,8.1
"Matanuska-Susitna Borough, Alaska(2)",2170,Urban,51.1,44.9,57.8,N/A , N/A , N/A,58,falling,-2.4,-3.7,-1.1
"Hughes County, South Dakota(2)",46065,Rural,51.1,38.4,66.8,N/A , N/A , N/A,12,stable,-16.3,-32.4,1.5
"Isle of Wight County, Virginia(2)",51093,Urban,51,43.1,60.2,N/A , N/A , N/A,31,falling,-2.4,-4.0,-0.6
"Union County, Pennsylvania(2)",42119,Rural,51,43,60.3,N/A , N/A , N/A,29,stable,-1.0,-2.6,0.6
"Somerset County, Pennsylvania(2)",42111,Rural,51,45.3,57.4,N/A , N/A , N/A,63,stable,-0.7,-2.3,0.9
"Orleans County, Vermont(2)",50019,Rural,51,41.7,62.1,N/A , N/A , N/A,23,stable,-0.7,-2.8,1.3
"Chesterfield County, Virginia(2)",51041,Urban,51,48,54.2,N/A , N/A , N/A,224,falling,-2.3,-3.1,-1.4
"Shawano County, Wisconsin(2)",55115,Rural,51,43.6,59.5,N/A , N/A , N/A,35,stable,-2.1,-4.2,0.0
"Franklin City, Virginia(2)",51620,Rural,51,34.7,73.6,N/A , N/A , N/A,6,stable,-1.0,-3.8,1.6
"Deer Lodge County, Montana(2)",30023,Rural,51,36.8,70.9,N/A , N/A , N/A,9,stable,-0.8,-3.9,2.5
"Taylor County, Wisconsin(2)",55119,Rural,51,40.2,64.3,N/A , N/A , N/A,16,stable,0.5,-1.2,2.2
"Canyon County, Idaho(7)",16027,Urban,51,47,55.2,N/A , N/A , N/A,129,stable,-0.7,-1.4,0.0
"Dallas County, Iowa(7)",19049,Urban,51,44.7,57.9,N/A , N/A , N/A,50,falling,-0.9,-1.6,-0.1
"Greenville County, South Carolina(2)",45045,Urban,51,48.5,53.5,N/A , N/A , N/A,337,falling,-2.2,-2.6,-1.7
"Grundy County, Iowa(7)",19075,Urban,51,37.5,68.5,N/A , N/A , N/A,10,stable,0.0,-1.2,1.4
"Turner County, Georgia(7)",13287,Rural,51,35,72.7,N/A , N/A , N/A,7,stable,-2.5,-4.8,0.0
"Lincoln County, Tennessee(2)",47103,Rural,51,42.5,60.9,N/A , N/A , N/A,27,falling,-2.1,-4.6,-0.3
"Cumberland County, Virginia(2)",51049,Rural,51,36.3,70.8,N/A , N/A , N/A,9,stable,-2.6,-6.2,1.0
"Polk County, Nebraska(2)",31143,Rural,50.9,30.6,81.9,N/A , N/A , N/A,4,stable,0.5,-3.3,4.7
"Franklin County, Iowa(7)",19069,Rural,50.9,35.9,70.9,N/A , N/A , N/A,8,stable,0.7,-1.4,3.0
"Wilkinson County, Mississippi(2)",28157,Rural,50.9,34.5,73.4,N/A , N/A , N/A,7,stable,-1.7,-6.1,2.7
"Hardin County, Iowa(7)",19083,Rural,50.8,39.5,65,N/A , N/A , N/A,15,stable,-0.1,-1.3,1.2
"Multnomah County, Oregon(2)",41051,Urban,50.8,48.7,53,N/A , N/A , N/A,445,falling,-2.5,-2.9,-2.2
"Dakota County, Nebraska(2)",31043,Urban,50.8,38.2,66.2,N/A , N/A , N/A,11,stable,-2.1,-4.5,0.1
"Lyon County, Minnesota(2)",27083,Rural,50.8,40.4,63.2,N/A , N/A , N/A,17,stable,0.1,-1.9,2.3
"Montgomery County, Alabama(2)",1101,Urban,50.8,47,54.8,N/A , N/A , N/A,140,falling,-2.6,-7.1,-1.6
"Tioga County, Pennsylvania(2)",42117,Rural,50.7,43.3,59.4,N/A , N/A , N/A,35,falling,-2.8,-5.6,-1.7
"Goochland County, Virginia(2)",51075,Urban,50.7,41.4,62,N/A , N/A , N/A,22,stable,-2.3,-4.6,0.3
"Pittsylvania County, Virginia(2)",51143,Rural,50.7,44.5,57.7,N/A , N/A , N/A,52,falling,-2.0,-3.5,-0.6
"Allegan County, Michigan(2)",26005,Rural,50.7,45.8,56,N/A , N/A , N/A,84,stable,-0.8,-2.1,0.6
"Jefferson County, Florida(2)",12065,Urban,50.7,38.8,66,N/A , N/A , N/A,13,stable,-1.2,-4.0,1.7
"Marquette County, Michigan(2)",26103,Rural,50.6,44.2,57.8,N/A , N/A , N/A,48,falling,-1.8,-3.6,-0.1
"Jackson County, North Carolina(2)",37099,Rural,50.6,42.7,59.7,N/A , N/A , N/A,31,stable,-0.6,-2.5,1.4
"Hall County, Georgia(7)",13139,Urban,50.6,46.7,54.7,N/A , N/A , N/A,128,falling,-2.0,-3.1,-0.8
"Lake County, Montana(2)",30047,Rural,50.6,42.2,60.4,N/A , N/A , N/A,28,stable,-1.0,-2.4,0.5
"Lake County, Illinois(7)",17097,Urban,50.6,48.4,52.8,N/A , N/A , N/A,417,falling,-1.5,-2.2,-0.8
"Clatsop County, Oregon(2)",41007,Rural,50.6,43,59.3,N/A , N/A , N/A,35,stable,-1.3,-3.3,0.8
"Richland County, Wisconsin(2)",55103,Rural,50.6,39.8,64.1,N/A , N/A , N/A,16,stable,0.4,-1.4,2.5
"Knox County, Maine(2)",23013,Rural,50.5,43.6,58.6,N/A , N/A , N/A,40,falling,-6.0,-17.0,-2.6
"Tom Green County, Texas(7)",48451,Urban,50.5,45.4,56,N/A , N/A , N/A,74,falling,-1.3,-2.3,-0.3
"Windham County, Vermont(2)",50025,Rural,50.5,43.1,59,N/A , N/A , N/A,37,falling,-2.8,-9.6,-0.9
"Cascade County, Montana(2)",30013,Urban,50.4,44.8,56.6,N/A , N/A , N/A,62,falling,-3.2,-9.3,-2.1
"Orleans Parish, Louisiana(7)",22071,Urban,50.4,47.5,53.4,N/A , N/A , N/A,245,falling,-6.1,-9.8,-1.8
"Woodward County, Oklahoma(2)",40153,Rural,50.4,39,64.4,N/A , N/A , N/A,13,stable,-2.3,-5.9,1.2
"Limestone County, Alabama(2)",1083,Urban,50.4,45,56.3,N/A , N/A , N/A,67,falling,-3.4,-8.7,-2.2
"Oakland County, Michigan(2)",26125,Urban,50.4,48.9,51.9,N/A , N/A , N/A,868,falling,-2.8,-4.5,-2.2
"Churchill County, Nevada(2)",32001,Rural,50.4,40.8,61.9,N/A , N/A , N/A,20,falling,-2.2,-3.9,-0.5
"Burnet County, Texas(7)",48053,Rural,50.4,43.8,57.8,N/A , N/A , N/A,44,falling,-8.7,-17.3,-3.1
"Olmsted County, Minnesota(2)",27109,Urban,50.3,46,55,N/A , N/A , N/A,101,stable,-1.0,-2.1,0.3
"Calhoun County, Texas(7)",48057,Rural,50.3,39.2,64,N/A , N/A , N/A,14,stable,-1.6,-3.9,0.8
"Silver Bow County, Montana(2)",30093,Rural,50.3,41.9,60.1,N/A , N/A , N/A,27,falling,-1.9,-3.3,-0.4
"Chambers County, Alabama(2)",1017,Rural,50.2,41.9,60,N/A , N/A , N/A,27,falling,-2.1,-3.4,-0.8
"Carroll County, Illinois(7)",17015,Rural,50.2,38.4,65.1,N/A , N/A , N/A,13,falling,-2.8,-4.6,-1.0
"Lee County, Florida(2)",12071,Urban,50.2,48.5,51.9,N/A , N/A , N/A,772,falling,-2.0,-2.4,-1.5
"Lafayette County, Wisconsin(2)",55065,Rural,50.2,37.9,65.6,N/A , N/A , N/A,12,stable,-1.4,-4.0,1.1
"Sarasota County, Florida(2)",12115,Urban,50.2,48.1,52.4,N/A , N/A , N/A,549,falling,-6.4,-9.8,-3.2
"East Baton Rouge Parish, Louisiana(7)",22033,Urban,50.2,47.4,53.1,N/A , N/A , N/A,255,falling,-1.6,-2.5,-0.7
"Culpeper County, Virginia(2)",51047,Urban,50.1,42.7,58.6,N/A , N/A , N/A,33,falling,-2.4,-4.4,-0.4
"Wood County, Ohio(2)",39173,Urban,50.1,45.3,55.4,N/A , N/A , N/A,82,falling,-1.3,-2.2,-0.3
"Charleston County, South Carolina(2)",45019,Urban,50.1,47.4,52.9,N/A , N/A , N/A,268,falling,-2.1,-2.8,-1.4
"Kerr County, Texas(7)",48265,Rural,50.1,43.8,57.2,N/A , N/A , N/A,52,falling,-2.1,-3.6,-0.6
"Moffat County, Colorado(2)",8081,Rural,50.1,35.6,68.8,N/A , N/A , N/A,8,stable,-0.5,-4.6,4.2
"Green County, Wisconsin(2)",55045,Urban,50.1,41.8,59.6,N/A , N/A , N/A,27,stable,-0.1,-2.5,2.4
"Dare County, North Carolina(2)",37055,Rural,50,42.2,59.2,N/A , N/A , N/A,32,falling,-2.4,-4.4,-0.4
"Charles County, Maryland(2)",24017,Urban,50,45.3,55,N/A , N/A , N/A,90,falling,-2.0,-3.5,-0.4
"Grant County, West Virginia(2)",54023,Rural,50,36.1,68.4,N/A , N/A , N/A,9,stable,-1.8,-5.5,1.9
"Fond du Lac County, Wisconsin(2)",55039,Urban,49.9,44.9,55.4,N/A , N/A , N/A,75,stable,-1.3,-2.7,0.0
"Suffolk County, Massachusetts(2)",25025,Urban,49.9,47.7,52.2,N/A , N/A , N/A,397,falling,-10.7,-14.8,-6.7
"Clay County, Texas(7)",48077,Urban,49.9,36.4,68.2,N/A , N/A , N/A,9,stable,-2.3,-5.8,1.3
"Leon County, Florida(2)",12073,Urban,49.9,46.4,53.6,N/A , N/A , N/A,158,falling,-1.9,-2.6,-1.1
"Jefferson County, Texas(7)",48245,Urban,49.9,46.3,53.7,N/A , N/A , N/A,150,stable,-2.1,-2.8,0.1
"Cochise County, Arizona(2)",4003,Urban,49.9,45.6,54.5,N/A , N/A , N/A,106,stable,-1.1,-2.2,0.1
"Alachua County, Florida(2)",12001,Urban,49.9,46.4,53.6,N/A , N/A , N/A,155,falling,-2.5,-3.5,-1.6
"Chittenden County, Vermont(2)",50007,Urban,49.9,45.5,54.5,N/A , N/A , N/A,103,falling,-2.2,-5.2,-1.3
"Waller County, Texas(7)",48473,Urban,49.8,41.4,59.5,N/A , N/A , N/A,26,falling,-2.6,-4.2,-0.9
"Douglas County, Oregon(2)",41019,Rural,49.8,45.3,54.8,N/A , N/A , N/A,100,falling,-13.9,-22.3,-4.3
"Georgetown County, South Carolina(2)",45043,Rural,49.8,44.3,56.1,N/A , N/A , N/A,65,falling,-10.4,-20.8,-0.2
"Jack County, Texas(7)",48237,Rural,49.8,32.9,73.2,N/A , N/A , N/A,6,falling,-3.2,-6.3,-0.3
"Carson County, Texas(7)",48065,Urban,49.8,31.4,77.2,N/A , N/A , N/A,5,stable,-1.3,-4.2,1.5
"Houston County, Texas(7)",48225,Rural,49.8,40,61.7,N/A , N/A , N/A,18,stable,-1.6,-3.4,0.1
"Marathon County, Wisconsin(2)",55073,Urban,49.8,45.3,54.6,N/A , N/A , N/A,96,stable,-0.4,-1.8,1.1
"Tuolumne County, California(7)",6109,Rural,49.8,43.8,56.6,N/A , N/A , N/A,53,falling,-3.3,-4.8,-1.8
"Owyhee County, Idaho(7)",16073,Urban,49.7,35.4,68.5,N/A , N/A , N/A,8,stable,-2.0,-4.6,0.8
"Cherokee County, Iowa(7)",19035,Rural,49.7,36.6,67,N/A , N/A , N/A,10,stable,-0.6,-2.3,1.0
"Delaware County, Iowa(7)",19055,Rural,49.7,38.5,63.8,N/A , N/A , N/A,14,stable,-0.4,-1.7,1.1
"Madison County, Alabama(2)",1089,Urban,49.6,46.8,52.6,N/A , N/A , N/A,237,falling,-2.5,-4.7,-1.8
"Lincoln Parish, Louisiana(7)",22061,Rural,49.6,41.2,59.4,N/A , N/A , N/A,25,falling,-1.9,-3.5,-0.2
"Haskell County, Texas(7)",48207,Rural,49.6,30.8,78.3,N/A , N/A , N/A,4,*,*,*,*
"Humboldt County, California(7)",6023,Rural,49.5,44.9,54.5,N/A , N/A , N/A,91,falling,-2.1,-3.3,-1.0
"Christian County, Missouri(2)",29043,Urban,49.5,43.7,55.9,N/A , N/A , N/A,55,falling,-2.3,-3.5,-0.9
"Kitsap County, Washington(7)",53035,Urban,49.5,46.3,52.9,N/A , N/A , N/A,189,falling,-1.7,-2.1,-1.4
"Nacogdoches County, Texas(7)",48347,Rural,49.5,42.5,57.3,N/A , N/A , N/A,38,falling,-3.0,-4.4,-1.6
"Crawford County, Iowa(7)",19047,Rural,49.5,37,65.2,N/A , N/A , N/A,11,stable,-0.2,-1.2,0.8
"Accomack County, Virginia(2)",51001,Rural,49.5,41.9,58.4,N/A , N/A , N/A,31,falling,-3.6,-5.1,-2.2
"Taylor County, Texas(7)",48441,Urban,49.5,44.6,54.7,N/A , N/A , N/A,79,falling,-1.5,-2.3,-0.6
"Barnstable County, Massachusetts(2)",25001,Urban,49.4,46.6,52.5,N/A , N/A , N/A,253,falling,-1.9,-2.4,-1.3
"Gates County, North Carolina(2)",37073,Urban,49.4,35.2,68.7,N/A , N/A , N/A,8,stable,-2.1,-5.9,1.7
"Richland County, South Carolina(2)",45079,Urban,49.4,46.5,52.6,N/A , N/A , N/A,217,falling,-2.8,-3.7,-2.0
"Scotland County, Missouri(2)",29199,Rural,49.4,28.7,81.4,N/A , N/A , N/A,3,*,*,*,*
"Door County, Wisconsin(2)",55029,Rural,49.4,41.8,58.6,N/A , N/A , N/A,32,stable,-1.2,-3.4,1.0
"Cook County, Illinois(7)",17031,Urban,49.4,48.6,50.2,N/A , N/A , N/A,3053,falling,-3.7,-4.9,-2.8
"Custer County, Montana(2)",30017,Rural,49.4,35.6,67.4,N/A , N/A , N/A,9,falling,-2.6,-4.9,-0.4
"San Patricio County, Texas(7)",48409,Urban,49.4,42.7,56.8,N/A , N/A , N/A,41,falling,-2.4,-3.6,-1.3
"Rockingham County, Virginia(2)",51165,Urban,49.3,43.9,55.3,N/A , N/A , N/A,62,stable,-0.2,-1.5,1.3
"Big Horn County, Montana(2)",30003,Rural,49.3,34.2,69.2,N/A , N/A , N/A,7,stable,-1.0,-4.4,2.6
"Valley County, Montana(2)",30105,Rural,49.3,33.6,71.8,N/A , N/A , N/A,6,stable,0.3,-4.0,5.0
"Childress County, Texas(7)",48075,Rural,49.3,29.9,77.5,N/A , N/A , N/A,4,stable,-1.8,-5.5,1.5
"Kendall County, Illinois(7)",17093,Urban,49.3,43.6,55.6,N/A , N/A , N/A,57,stable,-1.2,-2.3,0.2
"Lavaca County, Texas(7)",48285,Rural,49.3,39.2,61.7,N/A , N/A , N/A,17,falling,-2.2,-3.9,-0.4
"Nodaway County, Missouri(2)",29147,Rural,49.3,37.7,63.7,N/A , N/A , N/A,13,stable,-1.8,-4.0,0.4
"Outagamie County, Wisconsin(2)",55087,Urban,49.3,45.3,53.6,N/A , N/A , N/A,116,falling,-1.3,-2.5,-0.1
"Douglas County, Minnesota(2)",27041,Rural,49.3,41.9,57.8,N/A , N/A , N/A,33,stable,-0.7,-2.2,1.0
"DeWitt County, Texas(7)",48123,Rural,49.2,38.6,62.3,N/A , N/A , N/A,15,stable,-1.5,-3.4,0.5
"Victoria County, Texas(7)",48469,Urban,49.2,43.5,55.4,N/A , N/A , N/A,56,falling,-2.4,-3.5,-1.3
"Hancock County, Ohio(2)",39063,Rural,49.1,43.2,55.7,N/A , N/A , N/A,51,falling,-12.4,-22.7,-1.8
"Nassau County, New York(7)",36059,Urban,49.1,47.7,50.6,N/A , N/A , N/A,945,falling,-1.4,-1.8,-1.1
"Brown County, Wisconsin(2)",55009,Urban,49.1,45.7,52.7,N/A , N/A , N/A,162,falling,-2.2,-4.5,-1.3
"Bleckley County, Georgia(7)",13023,Rural,49.1,35.4,66.9,N/A , N/A , N/A,9,stable,-1.6,-4.3,1.3
"Lancaster County, South Carolina(2)",45057,Urban,49.1,44.1,54.6,N/A , N/A , N/A,74,falling,-7.8,-17.0,-3.1
"Currituck County, North Carolina(2)",37053,Urban,49.1,39.2,60.9,N/A , N/A , N/A,19,falling,-2.8,-4.8,-0.7
"Knox County, Nebraska(2)",31107,Rural,49.1,34.4,69.7,N/A , N/A , N/A,7,stable,-1.4,-4.2,1.2
"Lancaster County, Nebraska(2)",31109,Urban,49,45.8,52.5,N/A , N/A , N/A,174,falling,-1.5,-2.3,-0.8
"St. Charles Parish, Louisiana(7)",22089,Urban,49,41.1,58.1,N/A , N/A , N/A,30,falling,-2.4,-3.8,-0.9
"Houghton County, Michigan(2)",26061,Rural,48.9,40.3,59,N/A , N/A , N/A,23,stable,-1.0,-3.0,0.9
"Madison County, Mississippi(2)",28089,Urban,48.9,43.3,55,N/A , N/A , N/A,60,falling,-4.3,-8.3,-2.8
"Otero County, New Mexico(7)",35035,Rural,48.9,42.5,56,N/A , N/A , N/A,43,falling,-4.3,-11.8,-0.8
"Curry County, New Mexico(7)",35009,Rural,48.9,40.3,58.7,N/A , N/A , N/A,23,stable,-0.6,-1.6,0.4
"Dakota County, Minnesota(2)",27037,Urban,48.9,46.1,51.7,N/A , N/A , N/A,252,falling,-1.0,-1.7,-0.3
"Henry County, Georgia(7)",13151,Urban,48.9,44.8,53.1,N/A , N/A , N/A,119,falling,-2.6,-3.5,-1.4
"Beadle County, South Dakota(2)",46005,Rural,48.8,37.2,63.2,N/A , N/A , N/A,13,stable,-0.9,-3.5,1.7
"Middlesex County, Massachusetts(2)",25017,Urban,48.7,47.4,50.2,N/A , N/A , N/A,974,falling,-4.8,-7.1,-2.2
"Swisher County, Texas(7)",48437,Rural,48.7,30.7,74.3,N/A , N/A , N/A,5,stable,1.1,-2.4,5.3
"Houston County, Georgia(7)",13153,Urban,48.7,44.1,53.6,N/A , N/A , N/A,86,falling,-8.3,-15.3,-2.9
"San Saba County, Texas(7)",48411,Rural,48.7,30.7,75.7,N/A , N/A , N/A,5,stable,-1.4,-5.0,2.3
"Amador County, California(7)",6005,Rural,48.7,41.9,56.6,N/A , N/A , N/A,39,falling,-2.0,-3.0,-0.9
"Emmet County, Michigan(2)",26047,Rural,48.6,40.6,58.1,N/A , N/A , N/A,28,stable,-2.5,-5.4,0.2
"Frederick County, Virginia(2)",51069,Urban,48.6,43.3,54.5,N/A , N/A , N/A,63,falling,-2.5,-3.9,-1.1
"Lincoln County, South Dakota(2)",46083,Urban,48.6,41.5,56.6,N/A , N/A , N/A,35,stable,-0.3,-2.0,1.8
"Butler County, Pennsylvania(2)",42019,Urban,48.6,45,52.4,N/A , N/A , N/A,141,falling,-9.0,-17.9,-0.5
"Chouteau County, Montana(2)",30015,Rural,48.6,31.1,74.8,N/A , N/A , N/A,5,stable,-1.8,-6.5,2.9
"Cumberland County, Pennsylvania(2)",42041,Urban,48.6,45.4,51.9,N/A , N/A , N/A,177,stable,-0.9,-1.9,0.2
"Gem County, Idaho(7)",16045,Urban,48.5,38.3,61.2,N/A , N/A , N/A,16,falling,-2.7,-4.4,-1.0
"Addison County, Vermont(2)",50001,Rural,48.5,40.7,57.7,N/A , N/A , N/A,29,stable,-1.3,-3.2,0.7
"Holt County, Nebraska(2)",31089,Rural,48.5,34.7,67.3,N/A , N/A , N/A,8,stable,-0.9,-5.9,3.7
"Washington County, Minnesota(2)",27163,Urban,48.5,45.1,52.1,N/A , N/A , N/A,159,stable,-0.7,-1.9,0.7
"Buffalo County, Nebraska(2)",31019,Rural,48.5,40.7,57.4,N/A , N/A , N/A,28,stable,-1.4,-3.3,0.5
"Wabasha County, Minnesota(2)",27157,Urban,48.5,38.7,60.5,N/A , N/A , N/A,17,stable,-1.6,-4.4,1.3
"Montgomery County, Texas(7)",48339,Urban,48.4,46,50.9,N/A , N/A , N/A,329,falling,-3.5,-4.2,-2.8
"Austin County, Texas(7)",48015,Urban,48.4,39.4,59.1,N/A , N/A , N/A,22,falling,-2.1,-3.5,-0.6
"Barnes County, North Dakota(2)",38003,Rural,48.4,34.8,66.8,N/A , N/A , N/A,9,stable,-1.7,-4.3,0.8
"Windsor County, Vermont(2)",50027,Rural,48.4,42.3,55.2,N/A , N/A , N/A,50,stable,-3.1,-17.7,1.3
"Murray County, Minnesota(2)",27101,Rural,48.3,34.3,68.3,N/A , N/A , N/A,8,stable,-0.1,-3.6,3.8
"Umatilla County, Oregon(2)",41059,Rural,48.3,42.3,55.1,N/A , N/A , N/A,47,falling,-1.5,-3.0,-0.1
"Clay County, Mississippi(2)",28025,Rural,48.3,37.3,62,N/A , N/A , N/A,14,stable,-1.2,-4.4,2.1
"Oceana County, Michigan(2)",26127,Rural,48.3,39.4,59,N/A , N/A , N/A,22,falling,-5.3,-15.2,-0.2
"Washington County, Wisconsin(2)",55131,Urban,48.3,44,52.9,N/A , N/A , N/A,98,falling,-1.6,-2.9,-0.2
"Grady County, Georgia(7)",13131,Rural,48.3,38.6,60,N/A , N/A , N/A,18,falling,-7.4,-19.1,-2.5
"Carbon County, Wyoming(2)",56007,Rural,48.3,34.6,65.9,N/A , N/A , N/A,9,stable,-0.5,-3.1,1.9
"Platte County, Nebraska(2)",31141,Rural,48.2,39.5,58.5,N/A , N/A , N/A,22,stable,-1.4,-3.7,1.1
"Franklin County, Pennsylvania(2)",42055,Urban,48.2,44.3,52.5,N/A , N/A , N/A,112,falling,-4.8,-12.5,-1.8
"Mackinac County, Michigan(2)",26097,Rural,48.2,35,66.4,N/A , N/A , N/A,10,falling,-2.5,-4.7,-0.4
"Washington County, Alabama(2)",1129,Rural,48.2,36.3,63.3,N/A , N/A , N/A,11,stable,-2.4,-5.1,0.2
"Crook County, Wyoming(2)",56011,Rural,48.2,32,71.5,N/A , N/A , N/A,6,stable,-0.6,-4.2,3.3
"Grimes County, Texas(7)",48185,Rural,48.2,39.1,59,N/A , N/A , N/A,20,stable,-1.4,-2.8,0.2
"Seminole County, Florida(2)",12117,Urban,48.2,45.7,50.8,N/A , N/A , N/A,283,falling,-2.3,-3.1,-1.4
"Scott County, Minnesota(2)",27139,Urban,48.1,43,53.7,N/A , N/A , N/A,69,falling,-8.0,-12.6,-2.4
"Manatee County, Florida(2)",12081,Urban,48.1,45.9,50.4,N/A , N/A , N/A,386,falling,-2.5,-3.0,-1.8
"Clarke County, Georgia(7)",13059,Urban,48.1,42.5,54.2,N/A , N/A , N/A,56,falling,-1.8,-3.1,-0.4
"Dunn County, Wisconsin(2)",55033,Rural,48.1,40.2,57.1,N/A , N/A , N/A,28,stable,-0.3,-1.9,1.6
"Jackson County, Oregon(2)",41029,Urban,48,44.8,51.5,N/A , N/A , N/A,173,falling,-1.9,-2.6,-1.2
"Douglas County, Washington(2)",53017,Urban,48,40.2,57.1,N/A , N/A , N/A,27,stable,-0.7,-2.5,1.3
"Gray County, Texas(7)",48179,Rural,48,36.9,61.5,N/A , N/A , N/A,13,stable,-2.4,-5.1,0.1
"Aiken County, South Carolina(2)",45003,Urban,47.9,44.1,52,N/A , N/A , N/A,123,falling,-2.1,-2.8,-1.5
"Grand Traverse County, Michigan(2)",26055,Urban,47.9,42.9,53.5,N/A , N/A , N/A,70,stable,-1.2,-2.4,0.1
"Ward County, North Dakota(2)",38101,Urban,47.9,41,55.6,N/A , N/A , N/A,35,falling,-2.1,-3.9,-0.3
"Jackson County, Oklahoma(2)",40065,Rural,47.9,37.4,60.5,N/A , N/A , N/A,15,falling,-3.8,-6.0,-1.9
"Bayfield County, Wisconsin(2)",55007,Rural,47.9,37.1,61.9,N/A , N/A , N/A,16,stable,-0.4,-3.5,2.9
"St. Croix County, Wisconsin(2)",55109,Urban,47.8,42,54.3,N/A , N/A , N/A,52,falling,-3.2,-8.6,-0.4
"Fillmore County, Nebraska(2)",31059,Rural,47.8,29.4,76,N/A , N/A , N/A,5,stable,-0.1,-3.0,2.7
"Pend Oreille County, Washington(2)",53051,Rural,47.8,36.1,63.3,N/A , N/A , N/A,13,falling,-4.0,-7.5,-0.8
"Mercer County, New Jersey(7)",34021,Urban,47.8,45,50.8,N/A , N/A , N/A,223,falling,-1.7,-2.4,-1.0
"Somervell County, Texas(7)",48425,Rural,47.8,32.6,68.6,N/A , N/A , N/A,7,stable,-3.1,-7.0,1.1
"Klickitat County, Washington(2)",53039,Rural,47.8,38.5,59.2,N/A , N/A , N/A,20,falling,-14.9,-21.8,-5.8
"Waukesha County, Wisconsin(2)",55133,Urban,47.7,45.2,50.3,N/A , N/A , N/A,287,falling,-1.7,-2.3,-1.1
"Island County, Washington(7)",53029,Rural,47.7,42.8,53.2,N/A , N/A , N/A,74,falling,-1.6,-2.3,-0.8
"Durham County, North Carolina(2)",37063,Urban,47.7,44.4,51.2,N/A , N/A , N/A,162,falling,-2.7,-3.5,-2.0
"Grand Isle County, Vermont(2)",50013,Urban,47.7,31.5,71.4,N/A , N/A , N/A,6,stable,-0.7,-5.4,4.4
"Newport County, Rhode Island(2)",44005,Urban,47.6,42.7,53.2,N/A , N/A , N/A,70,falling,-2.7,-3.7,-1.7
"Lewis and Clark County, Montana(2)",30049,Urban,47.6,41.6,54.3,N/A , N/A , N/A,49,falling,-2.6,-3.6,-1.6
"Platte County, Missouri(2)",29165,Urban,47.5,42.3,53.3,N/A , N/A , N/A,62,falling,-11.0,-16.4,-4.6
"Tompkins County, New York(7)",36109,Urban,47.5,42,53.5,N/A , N/A , N/A,57,falling,-1.6,-2.5,-0.6
"York County, Virginia(2)",51199,Urban,47.5,41.3,54.4,N/A , N/A , N/A,43,falling,-1.9,-3.6,-0.1
"Valdez-Cordova Census Area, Alaska(2)",2261,Rural,47.5,31.3,69.8,N/A , N/A , N/A,6,stable,-3.4,-6.4,0.0
"Harney County, Oregon(2)",41025,Rural,47.4,32.5,69,N/A , N/A , N/A,7,stable,-1.7,-7.7,4.5
"Chelan County, Washington(2)",53007,Urban,47.4,41.8,53.6,N/A , N/A , N/A,55,stable,-1.3,-2.6,0.0
"Power County, Idaho(7)",16077,Rural,47.4,30.2,71.6,N/A , N/A , N/A,5,stable,1.4,-2.5,6.6
"Wake County, North Carolina(2)",37183,Urban,47.4,45.5,49.3,N/A , N/A , N/A,517,falling,-4.7,-6.6,-2.6
"Yellowstone County, Montana(2)",30111,Urban,47.4,43.3,51.7,N/A , N/A , N/A,104,falling,-2.4,-3.5,-1.3
"Greensville County, Virginia(2)",51081,Rural,47.4,32.7,67.2,N/A , N/A , N/A,7,stable,-1.5,-5.4,2.5
"Mercer County, Ohio(2)",39107,Rural,47.4,39.6,56.3,N/A , N/A , N/A,28,stable,-1.1,-3.9,1.7
"Flathead County, Montana(2)",30029,Rural,47.4,42.5,52.7,N/A , N/A , N/A,75,stable,-1.3,-2.7,0.1
"Blanco County, Texas(7)",48031,Rural,47.3,34.4,64.9,N/A , N/A , N/A,10,stable,-1.8,-3.9,0.6
"Posey County, Indiana(2)",18129,Urban,47.3,37.7,58.9,N/A , N/A , N/A,18,falling,-2.8,-5.2,-0.5
"Hampshire County, Massachusetts(2)",25015,Urban,47.3,43.2,51.8,N/A , N/A , N/A,102,falling,-1.3,-2.3,-0.2
"Shenandoah County, Virginia(2)",51171,Rural,47.2,40.1,55.5,N/A , N/A , N/A,33,stable,-1.3,-3.0,0.5
"Cedar County, Nebraska(2)",31027,Rural,47.2,31.1,69.8,N/A , N/A , N/A,6,stable,0.5,-2.5,3.7
"Washington County, Nebraska(2)",31177,Urban,47.2,36.6,60.2,N/A , N/A , N/A,14,stable,-1.0,-3.5,1.6
"Curry County, Oregon(2)",41015,Rural,47.2,39.2,57.3,N/A , N/A , N/A,27,falling,-15.6,-25.9,-2.9
"Yamhill County, Oregon(2)",41071,Urban,47.2,42.2,52.6,N/A , N/A , N/A,68,falling,-2.1,-3.6,-0.5
"Harris County, Georgia(7)",13145,Urban,47.2,38.9,56.9,N/A , N/A , N/A,24,falling,-2.0,-3.4,-0.3
"Sitka Borough, Alaska(2)",2220,Rural,47.2,30.7,70.2,N/A , N/A , N/A,5,stable,-1.5,-4.6,2.0
"Tarrant County, Texas(7)",48439,Urban,47.1,45.7,48.5,N/A , N/A , N/A,947,falling,-2.8,-3.4,-2.5
"Lake County, South Dakota(2)",46079,Rural,47.1,32.4,67,N/A , N/A , N/A,8,stable,-2.4,-7.6,2.5
"Mecklenburg County, North Carolina(2)",37119,Urban,47.1,45.2,49,N/A , N/A , N/A,489,falling,-4.3,-8.6,-2.3
"Adams County, Idaho(7)",16003,Rural,47.1,28.3,79,N/A , N/A , N/A,4,stable,-1.1,-5.4,4.2
"Clark County, Washington(2)",53011,Urban,47,44.5,49.6,N/A , N/A , N/A,284,falling,-3.9,-5.3,-3.0
"Guadalupe County, Texas(7)",48187,Urban,47,42.7,51.5,N/A , N/A , N/A,93,falling,-2.2,-2.9,-1.4
"Buchanan County, Virginia(2)",51027,Rural,46.9,36.9,59.5,N/A , N/A , N/A,16,falling,-3.2,-5.1,-1.5
"Rosebud County, Montana(2)",30087,Rural,46.9,29.8,71,N/A , N/A , N/A,5,stable,1.0,-3.7,18.7
"Dallas County, Alabama(2)",1047,Rural,46.8,39,56,N/A , N/A , N/A,26,falling,-7.4,-23.2,-2.5
"Duval County, Texas(7)",48131,Rural,46.8,31.7,67.3,N/A , N/A , N/A,6,stable,0.1,-3.7,4.2
"Musselshell County, Montana(2)",30065,Rural,46.8,28.1,77.1,N/A , N/A , N/A,4,falling,-5.2,-8.5,-2.5
"Lancaster County, Pennsylvania(2)",42071,Urban,46.8,44.6,49,N/A , N/A , N/A,364,falling,-1.2,-1.6,-0.7
"Cuming County, Nebraska(2)",31039,Rural,46.8,31.1,68.4,N/A , N/A , N/A,6,stable,-1.1,-3.1,0.8
"Randall County, Texas(7)",48381,Urban,46.8,42.1,51.8,N/A , N/A , N/A,78,falling,-1.6,-2.3,-0.8
"Williamsburg County, South Carolina(2)",45089,Rural,46.7,38.3,56.8,N/A , N/A , N/A,23,falling,-8.3,-20.2,-2.8
"Phillips County, Montana(2)",30071,Rural,46.6,27.5,78.4,N/A , N/A , N/A,4,*,*,*,*
"Roberts County, South Dakota(2)",46109,Rural,46.6,31.7,66.9,N/A , N/A , N/A,7,stable,0.4,-3.5,4.4
"Adams County, Colorado(2)",8001,Urban,46.5,43.7,49.5,N/A , N/A , N/A,212,falling,-1.9,-2.7,-1.1
"Texas County, Oklahoma(2)",40139,Rural,46.5,34.2,61.9,N/A , N/A , N/A,10,stable,11.9,-3.4,31.9
"Grant County, Washington(2)",53025,Rural,46.4,40.9,52.6,N/A , N/A , N/A,52,stable,-1.9,-3.9,0.1
"Kendall County, Texas(7)",48259,Urban,46.4,39.3,54.6,N/A , N/A , N/A,31,stable,-1.6,-3.0,0.1
"Charles Mix County, South Dakota(2)",46023,Rural,46.4,31.1,67.5,N/A , N/A , N/A,6,stable,0.0,-2.7,2.7
"Wood County, Wisconsin(2)",55141,Rural,46.4,41,52.4,N/A , N/A , N/A,56,falling,-2.2,-3.8,-0.8
"Randolph County, Georgia(7)",13243,Rural,46.4,30.2,70.5,N/A , N/A , N/A,5,stable,0.1,-2.9,3.4
"Pope County, Minnesota(2)",27121,Rural,46.3,33.4,63.7,N/A , N/A , N/A,9,stable,-1.6,-4.1,0.9
"Osceola County, Florida(2)",12097,Urban,46.3,43.4,49.4,N/A , N/A , N/A,193,falling,-2.3,-3.5,-1.0
"Klamath County, Oregon(2)",41035,Rural,46.3,40.6,52.7,N/A , N/A , N/A,51,falling,-9.1,-18.8,-2.0
"Orange County, North Carolina(2)",37135,Urban,46.3,41.6,51.3,N/A , N/A , N/A,77,falling,-2.3,-3.1,-1.5
"Wells County, Indiana(2)",18179,Urban,46.3,37.1,57.3,N/A , N/A , N/A,18,falling,-24.5,-42.2,-4.7
"Lubbock County, Texas(7)",48303,Urban,46.2,42.8,49.8,N/A , N/A , N/A,143,falling,-2.4,-3.3,-1.5
"Oktibbeha County, Mississippi(2)",28105,Rural,46.2,37.7,56,N/A , N/A , N/A,22,stable,-1.6,-3.8,0.6
"Fulton County, Georgia(7)",13121,Urban,46.1,44.3,48.1,N/A , N/A , N/A,480,falling,-1.7,-1.9,-1.4
"Camden County, North Carolina(2)",37029,Urban,46,31.1,66.3,N/A , N/A , N/A,6,falling,-3.6,-7.0,-0.2
"Red Lake County, Minnesota(2)",27125,Rural,46,26.1,79.3,N/A , N/A , N/A,3,stable,-0.4,-5.7,5.0
"Clarke County, Virginia(2)",51043,Urban,46,34.9,60.5,N/A , N/A , N/A,12,stable,-2.0,-5.1,1.1
"Siskiyou County, California(7)",6093,Rural,46,39.4,53.7,N/A , N/A , N/A,38,falling,-2.7,-4.2,-1.3
"Colorado County, Texas(7)",48089,Rural,46,35.9,58.5,N/A , N/A , N/A,15,stable,-1.0,-2.9,1.1
"Noble County, Ohio(2)",39121,Rural,46,33.5,62.4,N/A , N/A , N/A,13,stable,-2.2,-6.3,2.0
"Hennepin County, Minnesota(2)",27053,Urban,45.9,44.3,47.5,N/A , N/A , N/A,667,falling,-4.2,-7.3,-1.2
"Kane County, Illinois(7)",17089,Urban,45.9,43.4,48.4,N/A , N/A , N/A,271,falling,-3.2,-6.2,-2.3
"Monroe County, Florida(2)",12087,Rural,45.9,41.1,51.2,N/A , N/A , N/A,70,falling,-3.4,-4.5,-2.3
"Columbia County, Georgia(7)",13073,Urban,45.8,41.4,50.6,N/A , N/A , N/A,82,falling,-2.7,-3.4,-2.0
"Montgomery County, Pennsylvania(2)",42091,Urban,45.8,44.1,47.6,N/A , N/A , N/A,547,falling,-5.1,-7.2,-2.5
"Forsyth County, Georgia(7)",13117,Urban,45.8,42,49.8,N/A , N/A , N/A,114,falling,-2.6,-3.4,-1.7
"Frederick County, Maryland(2)",24021,Urban,45.8,42.5,49.2,N/A , N/A , N/A,150,stable,0.2,-1.8,5.0
"York County, Nebraska(2)",31185,Rural,45.7,33.6,61.4,N/A , N/A , N/A,10,stable,-0.3,-3.9,3.5
"Campbell County, Wyoming(2)",56005,Rural,45.7,36.7,56.1,N/A , N/A , N/A,22,stable,-2.3,-5.2,0.9
"Sierra County, New Mexico(7)",35051,Rural,45.6,35.2,60.5,N/A , N/A , N/A,14,stable,-1.7,-6.2,0.0
"Calumet County, Wisconsin(2)",55015,Urban,45.6,38.5,53.8,N/A , N/A , N/A,30,stable,1.1,-1.3,4.2
"Houston County, Minnesota(2)",27055,Urban,45.6,35,58.9,N/A , N/A , N/A,14,stable,0.1,-2.4,2.7
"Fremont County, Colorado(2)",8043,Rural,45.5,39.1,53,N/A , N/A , N/A,37,falling,-2.3,-4.3,-0.4
"Whatcom County, Washington(7)",53073,Urban,45.5,42.1,49.2,N/A , N/A , N/A,135,falling,-5.9,-10.9,-2.8
"Pueblo County, Colorado(2)",8101,Urban,45.5,41.7,49.6,N/A , N/A , N/A,110,stable,-0.9,-2.0,0.3
"Geauga County, Ohio(2)",39055,Urban,45.5,40.7,50.8,N/A , N/A , N/A,69,falling,-1.7,-3.0,-0.4
"Jackson County, Texas(7)",48239,Rural,45.4,33.5,60.7,N/A , N/A , N/A,10,stable,-2.9,-6.0,0.0
"Lemhi County, Idaho(7)",16059,Rural,45.4,31.3,66.1,N/A , N/A , N/A,8,stable,-2.0,-4.5,0.6
"Avery County, North Carolina(2)",37011,Rural,45.4,34.8,58.9,N/A , N/A , N/A,13,falling,-2.4,-4.1,-0.9
"Floyd County, Texas(7)",48153,Rural,45.4,26.8,73.8,N/A , N/A , N/A,4,stable,-0.7,-5.5,4.0
"Reeves County, Texas(7)",48389,Rural,45.3,29.8,65.8,N/A , N/A , N/A,5,falling,-4.9,-14.5,-1.7
"Lamb County, Texas(7)",48279,Rural,45.3,32.3,62.4,N/A , N/A , N/A,8,stable,-1.1,-4.1,1.8
"DuPage County, Illinois(7)",17043,Urban,45.3,43.6,47.1,N/A , N/A , N/A,530,falling,-2.4,-4.7,-1.8
"Refugio County, Texas(7)",48391,Rural,45.2,28.3,70.2,N/A , N/A , N/A,5,falling,-3.2,-6.7,-0.1
"McLeod County, Minnesota(2)",27085,Rural,45.2,37.5,54.3,N/A , N/A , N/A,25,falling,-2.9,-14.5,-0.5
"Hutchinson County, Texas(7)",48233,Rural,45.2,34.7,58.2,N/A , N/A , N/A,13,stable,-1.5,-3.8,0.9
"Keith County, Nebraska(2)",31101,Rural,45.2,31.9,64.4,N/A , N/A , N/A,8,stable,-1.2,-3.8,1.6
"Lee County, Texas(7)",48287,Rural,45.2,34.2,59.1,N/A , N/A , N/A,12,stable,-1.2,-4.0,2.0
"Benton County, Washington(2)",53005,Urban,45.2,41.4,49.2,N/A , N/A , N/A,110,falling,-2.7,-3.8,-1.6
"Bottineau County, North Dakota(2)",38009,Rural,45.1,29.8,68.2,N/A , N/A , N/A,6,stable,0.0,-3.8,4.0
"Washington County, Texas(7)",48477,Rural,45.1,37.5,54,N/A , N/A , N/A,26,stable,-1.7,-3.4,0.2
"Dane County, Wisconsin(2)",55025,Urban,45,42.6,47.5,N/A , N/A , N/A,273,falling,-3.4,-7.0,-1.6
"Warren County, Iowa(7)",19181,Urban,45,38,52.9,N/A , N/A , N/A,30,falling,-4.4,-12.3,-1.8
"Rio Blanco County, Colorado(2)",8103,Rural,44.9,26.3,72.6,N/A , N/A , N/A,4,falling,-4.0,-7.5,-1.0
"Rockland County, New York(7)",36087,Urban,44.9,42,48,N/A , N/A , N/A,181,falling,-1.6,-2.3,-0.9
"Yakima County, Washington(2)",53077,Urban,44.9,41.4,48.6,N/A , N/A , N/A,125,falling,-2.4,-3.2,-1.5
"Stark County, North Dakota(2)",38089,Rural,44.9,35.2,56.5,N/A , N/A , N/A,15,stable,-1.7,-3.9,0.5
"Mineral County, Montana(2)",30061,Urban,44.9,27.4,74.5,N/A , N/A , N/A,4,*,*,*,*
"Solano County, California(7)",6095,Urban,44.9,42.4,47.5,N/A , N/A , N/A,251,falling,-2.3,-2.8,-1.7
"Kewaunee County, Wisconsin(2)",55061,Urban,44.9,34.6,57.6,N/A , N/A , N/A,14,stable,-1.2,-3.8,1.4
"Calhoun County, South Carolina(2)",45017,Urban,44.9,33.5,59.7,N/A , N/A , N/A,11,stable,-2.0,-5.4,1.8
"Mountrail County, North Dakota(2)",38061,Rural,44.8,27.6,68.8,N/A , N/A , N/A,5,stable,-1.3,-4.8,2.2
"Box Butte County, Nebraska(2)",31013,Rural,44.8,30.8,63.7,N/A , N/A , N/A,7,stable,-1.9,-4.2,0.2
"Calhoun County, Iowa(7)",19025,Rural,44.8,31.1,63.5,N/A , N/A , N/A,7,stable,-0.4,-1.7,0.9
"Custer County, Oklahoma(2)",40039,Rural,44.8,35,56.5,N/A , N/A , N/A,15,falling,-10.4,-31.3,-1.8
"Franklin County, Washington(2)",53021,Urban,44.7,38,52.2,N/A , N/A , N/A,34,falling,-3.2,-4.9,-1.5
"Pierce County, Wisconsin(2)",55093,Urban,44.7,36.6,54.2,N/A , N/A , N/A,23,stable,0.1,-2.1,2.9
"Cobb County, Georgia(7)",13067,Urban,44.7,42.5,46.9,N/A , N/A , N/A,349,falling,-2.0,-2.3,-1.7
"Chester County, Pennsylvania(2)",42029,Urban,44.6,42.4,47,N/A , N/A , N/A,313,falling,-1.9,-2.4,-1.4
"Bristol City, Virginia(2)",51520,Urban,44.6,34.1,58,N/A , N/A , N/A,12,falling,-5.0,-9.4,-1.8
"Butler County, Nebraska(2)",31023,Rural,44.6,29.7,65.7,N/A , N/A , N/A,6,stable,2.2,-1.7,7.2
"Delaware County, Ohio(2)",39041,Urban,44.6,40.8,48.6,N/A , N/A , N/A,107,falling,-3.5,-5.6,-2.6
"Ravalli County, Montana(2)",30081,Rural,44.6,38.2,52,N/A , N/A , N/A,38,stable,-1.4,-2.7,0.0
"Dukes County, Massachusetts(2)",25007,Rural,44.6,35.3,56.2,N/A , N/A , N/A,17,stable,-2.5,-5.3,0.6
"Barnwell County, South Carolina(2)",45011,Rural,44.6,34.1,57.5,N/A , N/A , N/A,13,falling,-13.7,-27.9,-3.5
"Sibley County, Minnesota(2)",27143,Rural,44.5,32.3,60.3,N/A , N/A , N/A,9,stable,-1.8,-4.6,0.9
"Lyon County, Iowa(7)",19119,Rural,44.5,31.5,61.7,N/A , N/A , N/A,8,stable,0.2,-1.5,2.1
"Calaveras County, California(7)",6009,Rural,44.5,38.3,51.7,N/A , N/A , N/A,41,falling,-1.9,-2.8,-0.9
"Big Stone County, Minnesota(2)",27011,Rural,44.5,25.2,74.9,N/A , N/A , N/A,4,stable,-2.1,-7.7,2.9
"Bergen County, New Jersey(7)",34003,Urban,44.4,42.8,46.1,N/A , N/A , N/A,580,falling,-1.6,-2.0,-1.3
"Chatham County, North Carolina(2)",37037,Urban,44.4,39.5,49.9,N/A , N/A , N/A,62,falling,-2.0,-3.0,-0.9
"Queen Annes County, Maryland(2)",24035,Urban,44.4,37.8,52,N/A , N/A , N/A,34,falling,-2.9,-4.7,-1.2
District of Columbia(2),11001,Urban,44.4,42.1,46.7,N/A , N/A , N/A,298,falling,-2.4,-2.9,-1.9
"Richland County, North Dakota(2)",38077,Rural,44.4,33.1,58.8,N/A , N/A , N/A,11,stable,-1.1,-4.3,2.2
"Bee County, Texas(7)",48025,Rural,44.3,34.2,56.5,N/A , N/A , N/A,13,falling,-1.9,-3.7,-0.3
"Dallas County, Texas(7)",48113,Urban,44.3,43.1,45.5,N/A , N/A , N/A,1052,falling,-2.9,-4.7,-2.5
"Frio County, Texas(7)",48163,Rural,44.2,31.1,61.1,N/A , N/A , N/A,7,stable,-0.6,-3.6,2.7
"Jenkins County, Georgia(7)",13165,Rural,44.1,28.8,65.5,N/A , N/A , N/A,5,falling,-3.0,-5.4,-0.7
"Stillwater County, Montana(2)",30095,Urban,44.1,30.7,63.2,N/A , N/A , N/A,7,stable,-3.0,-6.6,0.5
"Seward County, Nebraska(2)",31159,Urban,44.1,33,58.1,N/A , N/A , N/A,11,falling,-2.6,-5.0,-0.3
"Broadwater County, Montana(2)",30007,Urban,44.1,28.9,66.7,N/A , N/A , N/A,6,stable,-4.1,-8.6,0.5
"Story County, Iowa(7)",19169,Urban,44.1,38.1,50.7,N/A , N/A , N/A,41,stable,-0.2,-1.1,0.9
"Bonner County, Idaho(7)",16017,Rural,44,37.7,51.3,N/A , N/A , N/A,38,falling,-2.1,-2.9,-1.2
"Quay County, New Mexico(7)",35037,Rural,44,30.3,63.3,N/A , N/A , N/A,7,stable,-0.8,-2.7,1.1
"Atascosa County, Texas(7)",48013,Urban,43.9,36.4,52.6,N/A , N/A , N/A,25,falling,-2.7,-4.1,-1.2
"Idaho County, Idaho(7)",16049,Rural,43.9,34.2,56.5,N/A , N/A , N/A,15,stable,-0.7,-2.7,1.6
"Carver County, Minnesota(2)",27019,Urban,43.8,38.3,49.9,N/A , N/A , N/A,49,falling,-2.6,-7.6,-0.8
"Bremer County, Iowa(7)",19017,Urban,43.7,34.1,55.4,N/A , N/A , N/A,15,stable,-0.5,-2.0,1.0
"Lee County, Alabama(2)",1081,Urban,43.7,39.3,48.4,N/A , N/A , N/A,77,falling,-1.3,-2.4,-0.1
"Orange County, Florida(2)",12095,Urban,43.7,42.1,45.3,N/A , N/A , N/A,631,falling,-3.2,-3.4,-2.9
"Major County, Oklahoma(2)",40093,Rural,43.7,27.5,66.9,N/A , N/A , N/A,5,stable,0.8,-2.2,4.4
"Scotts Bluff County, Nebraska(2)",31157,Rural,43.6,35.9,52.7,N/A , N/A , N/A,23,stable,-1.0,-3.3,1.4
"Phelps County, Nebraska(2)",31137,Rural,43.6,29.3,63.6,N/A , N/A , N/A,6,stable,1.3,-2.0,4.9
"Sutter County, California(7)",6101,Urban,43.6,38.5,49.2,N/A , N/A , N/A,54,falling,-8.3,-14.9,-1.7
"Polk County, Oregon(2)",41053,Urban,43.6,38.3,49.4,N/A , N/A , N/A,51,falling,-1.7,-2.8,-0.6
"Hancock County, Iowa(7)",19081,Rural,43.5,30.8,60.8,N/A , N/A , N/A,8,stable,-0.7,-2.3,0.9
"Portage County, Wisconsin(2)",55097,Rural,43.5,37.6,50.1,N/A , N/A , N/A,41,falling,-2.7,-4.4,-1.7
"Baraga County, Michigan(2)",26013,Rural,43.5,29.4,63.8,N/A , N/A , N/A,6,falling,-5.3,-9.5,-1.8
"Las Animas County, Colorado(2)",8071,Rural,43.4,32.8,57.5,N/A , N/A , N/A,12,stable,-0.1,-2.9,2.9
"Marengo County, Alabama(2)",1091,Rural,43.4,32.6,56.9,N/A , N/A , N/A,12,falling,-2.1,-3.9,-0.6
"Macon County, Alabama(2)",1087,Urban,43.3,33.5,55.8,N/A , N/A , N/A,14,stable,-0.7,-4.0,2.8
"Roosevelt County, Montana(2)",30085,Rural,43.3,26.7,66.3,N/A , N/A , N/A,5,stable,-1.1,-4.8,2.6
"Pecos County, Texas(7)",48371,Rural,43.3,29.4,61.4,N/A , N/A , N/A,6,falling,-2.9,-5.8,-0.2
"Converse County, Wyoming(2)",56009,Rural,43.3,30.7,59.8,N/A , N/A , N/A,8,falling,-3.5,-6.6,-0.7
"Middlesex County, New Jersey(7)",34023,Urban,43.3,41.5,45.1,N/A , N/A , N/A,450,falling,-2.1,-2.5,-1.7
"Stanislaus County, California(7)",6099,Urban,43.2,40.8,45.7,N/A , N/A , N/A,249,falling,-2.9,-6.4,-2.1
"Polk County, North Carolina(2)",37149,Rural,43.2,33.9,55.3,N/A , N/A , N/A,18,stable,-1.8,-4.6,1.1
"Fairfield County, Connecticut(7)",9001,Urban,43.2,41.6,44.9,N/A , N/A , N/A,527,falling,-3.4,-6.5,-1.8
"Natrona County, Wyoming(2)",56025,Urban,43.2,37.5,49.7,N/A , N/A , N/A,43,falling,-14.0,-20.0,-5.8
"Sacramento County, California(7)",6067,Urban,43.2,41.8,44.6,N/A , N/A , N/A,772,falling,-4.1,-6.0,-3.0
"Spokane County, Washington(2)",53063,Urban,43.2,41,45.5,N/A , N/A , N/A,299,falling,-6.2,-12.9,-3.6
"Midland County, Texas(7)",48329,Urban,43.2,38.3,48.4,N/A , N/A , N/A,61,falling,-2.6,-3.6,-1.7
"Yavapai County, Arizona(2)",4025,Urban,43.1,40.5,46,N/A , N/A , N/A,232,falling,-2.1,-2.8,-1.3
"Wilbarger County, Texas(7)",48487,Rural,43.1,30,60.5,N/A , N/A , N/A,7,falling,-2.6,-5.1,-0.2
"Hidalgo County, New Mexico(7)",35023,Rural,43.1,24.5,74.2,N/A , N/A , N/A,3,*,*,*,*
"Putnam County, Ohio(2)",39137,Rural,43.1,34.9,52.8,N/A , N/A , N/A,20,stable,-0.6,-2.8,1.8
"Chaves County, New Mexico(7)",35005,Rural,43.1,36.9,50.1,N/A , N/A , N/A,35,falling,-2.8,-9.4,-1.6
"Malheur County, Oregon(2)",41045,Rural,43.1,34.3,53.6,N/A , N/A , N/A,17,falling,-2.0,-3.5,-0.6
"Sheridan County, Wyoming(2)",56033,Rural,43.1,35,52.8,N/A , N/A , N/A,21,falling,-2.8,-4.4,-1.3
"Mesa County, Colorado(2)",8077,Urban,43,39.2,47.2,N/A , N/A , N/A,98,falling,-2.7,-3.7,-1.7
"Comal County, Texas(7)",48091,Urban,43,39.2,47.2,N/A , N/A , N/A,98,falling,-3.5,-9.9,-1.7
"Clackamas County, Oregon(2)",41005,Urban,43,40.6,45.5,N/A , N/A , N/A,257,falling,-4.9,-9.8,-2.2
"Eau Claire County, Wisconsin(2)",55035,Urban,43,38,48.5,N/A , N/A , N/A,56,falling,-7.6,-18.0,-1.8
"Boone County, Nebraska(2)",31011,Rural,43,26.1,69.5,N/A , N/A , N/A,4,*,*,*,*
"Sanders County, Montana(2)",30089,Rural,43,32.4,57.7,N/A , N/A , N/A,13,stable,-1.7,-3.3,0.0
"Comanche County, Texas(7)",48093,Rural,43,31.8,57.8,N/A , N/A , N/A,10,falling,-7.8,-21.9,-3.7
"Rockwall County, Texas(7)",48397,Urban,43,37.4,49.1,N/A , N/A , N/A,46,falling,-3.0,-4.1,-1.7
"Watauga County, North Carolina(2)",37189,Rural,43,35.9,51.2,N/A , N/A , N/A,28,falling,-2.1,-4.0,-0.1
"Charlevoix County, Michigan(2)",26029,Rural,43,34.8,53,N/A , N/A , N/A,21,falling,-7.1,-20.1,-1.7
"Saline County, Nebraska(2)",31151,Rural,42.9,30.2,59.5,N/A , N/A , N/A,8,stable,-0.9,-4.9,3.0
"Tillman County, Oklahoma(2)",40141,Rural,42.9,27.4,65.8,N/A , N/A , N/A,5,falling,-4.4,-8.0,-1.5
"Jefferson County, Iowa(7)",19101,Rural,42.9,31.6,57.5,N/A , N/A , N/A,11,stable,-0.3,-1.7,1.3
"Washtenaw County, Michigan(2)",26161,Urban,42.9,40,45.9,N/A , N/A , N/A,178,falling,-2.1,-3.0,-1.3
"Passaic County, New Jersey(7)",34031,Urban,42.9,40.6,45.3,N/A , N/A , N/A,265,falling,-2.0,-2.5,-1.5
"Yankton County, South Dakota(2)",46135,Rural,42.9,33.6,54.2,N/A , N/A , N/A,15,stable,-1.0,-3.0,1.0
"Karnes County, Texas(7)",48255,Rural,42.8,29.8,59.9,N/A , N/A , N/A,7,stable,-0.8,-3.8,2.4
"Washington County, Colorado(2)",8121,Rural,42.7,24.3,72.3,N/A , N/A , N/A,3,*,*,*,*
"Hardy County, West Virginia(2)",54031,Rural,42.7,31.8,57.1,N/A , N/A , N/A,11,stable,-1.9,-4.7,1.1
"Brazos County, Texas(7)",48041,Urban,42.7,38.4,47.4,N/A , N/A , N/A,75,falling,-2.3,-3.4,-1.1
"Jasper County, South Carolina(2)",45053,Urban,42.7,34.4,52.7,N/A , N/A , N/A,21,stable,-2.8,-5.4,0.4
"Clark County, Nevada(2)",32003,Urban,42.7,41.5,43.8,N/A , N/A , N/A,1129,falling,-3.6,-4.1,-3.1
"James City County, Virginia(2)",51095,Urban,42.6,37.9,47.9,N/A , N/A , N/A,62,stable,-0.9,-2.3,0.7
"Carbon County, Utah(7)",49007,Rural,42.6,31.9,55.9,N/A , N/A , N/A,11,stable,-0.2,-1.4,1.2
"Plymouth County, Iowa(7)",19149,Rural,42.6,33.4,53.7,N/A , N/A , N/A,15,falling,-11.9,-24.1,-0.5
"Lac qui Parle County, Minnesota(2)",27073,Rural,42.5,28.5,64.1,N/A , N/A , N/A,6,stable,-0.1,-4.2,4.1
"Ozaukee County, Wisconsin(2)",55089,Urban,42.5,37.8,47.8,N/A , N/A , N/A,60,stable,-1.1,-2.3,0.1
"Terry County, Texas(7)",48445,Rural,42.5,28.6,61.3,N/A , N/A , N/A,6,stable,-1.3,-4.7,2.0
"Saguache County, Colorado(2)",8109,Rural,42.5,24.4,70.4,N/A , N/A , N/A,4,*,*,*,*
"Jo Daviess County, Illinois(7)",17085,Rural,42.5,34,53.2,N/A , N/A , N/A,19,falling,-8.2,-21.7,-0.7
"Butte County, South Dakota(2)",46019,Rural,42.5,29.4,60.6,N/A , N/A , N/A,7,stable,-2.2,-5.5,1.2
"Palm Beach County, Florida(2)",12099,Urban,42.4,41.3,43.6,N/A , N/A , N/A,1146,falling,-3.8,-5.7,-3.0
"Storey County, Nevada(2)",32029,Urban,42.4,25.6,75.9,N/A , N/A , N/A,4,stable,-2.9,-6.5,1.2
"King County, Washington(7)",53033,Urban,42.3,41.2,43.6,N/A , N/A , N/A,1004,falling,-2.4,-3.0,-2.1
"Morris County, New Jersey(7)",34027,Urban,42.3,40.1,44.6,N/A , N/A , N/A,293,falling,-2.0,-2.4,-1.5
"Gooding County, Idaho(7)",16047,Rural,42.3,30.9,57,N/A , N/A , N/A,9,stable,-2.3,-16.4,3.4
"Fairbanks North Star, Alaska(2)",2090,Urban,42.3,36.1,49.2,N/A , N/A , N/A,38,falling,-3.5,-5.0,-1.9
"Cherry County, Nebraska(2)",31031,Rural,42.2,25,69,N/A , N/A , N/A,4,*,*,*,*
"Carroll County, Iowa(7)",19027,Rural,42.2,32.6,54.2,N/A , N/A , N/A,14,stable,-0.5,-2.2,1.3
"Bent County, Colorado(2)",8011,Rural,42.1,24.8,69.6,N/A , N/A , N/A,4,stable,-1.9,-7.4,3.9
"Mariposa County, California(7)",6043,Rural,42.1,32.3,54.9,N/A , N/A , N/A,15,falling,-3.2,-4.6,-1.8
"Juneau Borough, Alaska(2)",2110,Rural,42.1,32.9,53.2,N/A , N/A , N/A,16,stable,-1.8,-4.0,0.7
"Colfax County, Nebraska(2)",31037,Rural,42.1,27.2,62.5,N/A , N/A , N/A,5,stable,-1.1,-4.3,1.8
"Lea County, New Mexico(7)",35025,Rural,42.1,35.2,49.8,N/A , N/A , N/A,28,falling,-1.8,-2.8,-0.8
"Westchester County, New York(7)",36119,Urban,42,40.5,43.6,N/A , N/A , N/A,567,falling,-2.5,-5.1,-1.9
"Shelby County, Alabama(2)",1117,Urban,42,38.6,45.6,N/A , N/A , N/A,116,falling,-3.9,-4.9,-2.9
"Montrose County, Colorado(2)",8085,Rural,41.9,35.5,49.4,N/A , N/A , N/A,32,falling,-3.1,-4.7,-1.5
"Sac County, Iowa(7)",19161,Rural,41.9,28.5,60.5,N/A , N/A , N/A,7,stable,-1.8,-11.0,0.1
"Ada County, Idaho(7)",16001,Urban,41.9,39.5,44.4,N/A , N/A , N/A,241,falling,-2.3,-2.9,-1.5
"Rappahannock County, Virginia(2)",51157,Urban,41.9,27.8,63.3,N/A , N/A , N/A,6,stable,-2.2,-5.5,1.4
"Luna County, New Mexico(7)",35029,Rural,41.8,32.9,52.5,N/A , N/A , N/A,16,stable,0.2,-1.0,1.5
"Pinal County, Arizona(2)",4021,Urban,41.7,39.5,44.1,N/A , N/A , N/A,280,falling,-8.3,-12.8,-4.3
"Clark County, Wisconsin(2)",55019,Rural,41.7,33.6,51.4,N/A , N/A , N/A,19,stable,-0.9,-2.7,0.8
"Skamania County, Washington(2)",53059,Urban,41.7,29.9,57.9,N/A , N/A , N/A,9,stable,-1.3,-4.3,2.3
"Roseau County, Minnesota(2)",27135,Rural,41.7,30.6,56.2,N/A , N/A , N/A,10,falling,-15.5,-36.1,-0.6
"Baker County, Oregon(2)",41001,Rural,41.7,31.5,54.9,N/A , N/A , N/A,12,stable,-2.2,-5.5,0.8
"Dodge County, Minnesota(2)",27039,Urban,41.6,30.9,55,N/A , N/A , N/A,10,stable,-1.3,-5.1,2.7
"Washington County, Idaho(7)",16087,Rural,41.5,29,58.7,N/A , N/A , N/A,8,falling,-4.3,-7.6,-1.2
"Indiana County, Pennsylvania(2)",42063,Rural,41.4,36.5,47,N/A , N/A , N/A,52,falling,-2.1,-3.4,-0.8
"Madison County, Nebraska(2)",31119,Rural,41.4,33.3,51,N/A , N/A , N/A,19,falling,-4.2,-13.0,-1.9
"Ontonagon County, Michigan(2)",26131,Rural,41.4,28.7,66,N/A , N/A , N/A,7,stable,-3.2,-7.4,0.6
"Washington County, Oregon(2)",41067,Urban,41.4,39.1,43.7,N/A , N/A , N/A,266,falling,-1.8,-2.4,-1.2
"Andrews County, Texas(7)",48003,Rural,41.3,27.9,58.7,N/A , N/A , N/A,6,falling,-5.0,-7.3,-3.0
"Elbert County, Colorado(2)",8039,Urban,41.3,31.8,53.1,N/A , N/A , N/A,14,stable,-2.7,-11.9,0.2
"Goshen County, Wyoming(2)",56015,Rural,41.3,29.3,57.3,N/A , N/A , N/A,8,stable,-1.1,-3.7,1.3
"Washoe County, Nevada(2)",32031,Urban,41.3,39,43.7,N/A , N/A , N/A,257,falling,-3.5,-4.3,-2.7
"Prince William County, Virginia(2)",51153,Urban,41.3,38.4,44.3,N/A , N/A , N/A,172,falling,-2.6,-3.6,-1.5
"Rock County, Minnesota(2)",27133,Urban,41.3,28.1,59.6,N/A , N/A , N/A,6,stable,1.4,-2.2,5.6
"Broward County, Florida(2)",12011,Urban,41.2,40.1,42.4,N/A , N/A , N/A,1079,falling,-2.9,-3.2,-2.5
"Harris County, Texas(7)",48201,Urban,41.2,40.3,42.1,N/A , N/A , N/A,1756,falling,-3.3,-4.6,-3.0
"Logan County, Colorado(2)",8075,Rural,41.1,31.3,53.4,N/A , N/A , N/A,12,stable,-2.1,-4.4,0.2
"Bannock County, Idaho(7)",16005,Urban,41.1,35.4,47.4,N/A , N/A , N/A,40,stable,-0.6,-2.0,1.0
"Denton County, Texas(7)",48121,Urban,41,39,43.2,N/A , N/A , N/A,329,falling,-2.9,-3.4,-2.2
"Deschutes County, Oregon(2)",41017,Urban,41,37.7,44.6,N/A , N/A , N/A,120,falling,-2.8,-3.9,-1.7
"Miami-Dade County, Florida(2)",12086,Urban,41,40,42,N/A , N/A , N/A,1436,falling,-1.2,-1.8,-0.7
"Wayne County, Nebraska(2)",31179,Rural,41,25.8,62.4,N/A , N/A , N/A,5,stable,-1.0,-5.8,3.8
"Hamilton County, Indiana(2)",18057,Urban,41,38,44.1,N/A , N/A , N/A,146,falling,-2.6,-3.3,-1.8
"Kittitas County, Washington(2)",53037,Rural,40.9,33.7,49.3,N/A , N/A , N/A,24,stable,-14.2,-29.5,0.9
"Bronx County, New York(7)",36005,Urban,40.9,39.4,42.3,N/A , N/A , N/A,643,falling,-2.0,-4.0,-1.5
"DeKalb County, Georgia(7)",13089,Urban,40.8,38.8,42.9,N/A , N/A , N/A,320,falling,-2.0,-2.3,-1.6
"Trinity County, California(7)",6105,Rural,40.8,31,53.8,N/A , N/A , N/A,13,falling,-4.6,-7.3,-1.9
"Ward County, Texas(7)",48475,Rural,40.8,26.2,60.6,N/A , N/A , N/A,5,stable,-2.0,-6.1,1.9
"Nantucket County, Massachusetts(2)",25019,Rural,40.8,28.3,57.3,N/A , N/A , N/A,7,stable,-1.3,-4.7,2.7
"Fairfax City, Virginia(2)",51600,Urban,40.7,30.6,53.3,N/A , N/A , N/A,11,stable,-0.6,-3.4,2.0
"Wilcox County, Georgia(7)",13315,Rural,40.7,26.5,60.9,N/A , N/A , N/A,5,falling,-3.5,-6.1,-1.0
"Fauquier County, Virginia(2)",51061,Urban,40.7,35.2,46.9,N/A , N/A , N/A,41,falling,-9.0,-15.3,-3.2
"Edgefield County, South Carolina(2)",45037,Urban,40.7,31.9,51.5,N/A , N/A , N/A,16,falling,-3.3,-5.1,-1.5
"Twin Falls County, Idaho(7)",16083,Urban,40.7,35.5,46.5,N/A , N/A , N/A,45,falling,-2.5,-3.4,-1.6
"New York County, New York(7)",36061,Urban,40.6,39.4,41.8,N/A , N/A , N/A,876,falling,-1.8,-2.0,-1.5
"Clinton County, Michigan(2)",26037,Urban,40.5,35.2,46.5,N/A , N/A , N/A,44,falling,-1.7,-2.7,-0.7
"Fayette County, Texas(7)",48149,Rural,40.5,32.4,50.6,N/A , N/A , N/A,19,falling,-2.7,-4.4,-1.0
"Williamsburg City, Virginia(2)",51830,Urban,40.5,27,59.1,N/A , N/A , N/A,7,stable,-2.2,-6.0,1.8
"Beaufort County, South Carolina(2)",45013,Urban,40.5,37.4,43.8,N/A , N/A , N/A,144,falling,-2.4,-3.2,-1.4
"Uvalde County, Texas(7)",48463,Rural,40.4,30.9,52,N/A , N/A , N/A,13,stable,-1.9,-4.1,0.4
"Weld County, Colorado(2)",8123,Urban,40.4,37.2,43.6,N/A , N/A , N/A,132,falling,-1.6,-2.6,-0.6
"Rockdale County, Georgia(7)",13247,Urban,40.3,35.1,46.2,N/A , N/A , N/A,45,falling,-3.2,-4.3,-2.1
"Wharton County, Texas(7)",48481,Rural,40.3,33.1,48.7,N/A , N/A , N/A,23,falling,-3.3,-4.5,-2.1
"Maricopa County, Arizona(2)",4013,Urban,40.3,39.5,41,N/A , N/A , N/A,2158,falling,-5.5,-7.0,-4.3
"Missoula County, Montana(2)",30063,Urban,40.3,35.7,45.3,N/A , N/A , N/A,59,falling,-3.2,-4.8,-1.6
"Johnson County, Iowa(7)",19103,Urban,40.2,35.7,45.2,N/A , N/A , N/A,60,falling,-1.3,-2.1,-0.4
"Yolo County, California(7)",6113,Urban,40.2,36.4,44.2,N/A , N/A , N/A,87,falling,-2.7,-3.8,-1.6
"San Francisco County, California(7)",6075,Urban,40.1,38.5,41.9,N/A , N/A , N/A,434,falling,-1.8,-1.9,-1.6
"Gwinnett County, Georgia(7)",13135,Urban,40.1,38.1,42.2,N/A , N/A , N/A,337,falling,-4.2,-9.3,-2.2
"Koochiching County, Minnesota(2)",27071,Rural,40.1,29.4,54.9,N/A , N/A , N/A,10,falling,-4.2,-7.8,-1.0
"Manassas City, Virginia(2)",51683,Urban,40.1,30.3,51.8,N/A , N/A , N/A,13,falling,-3.4,-6.1,-0.8
"San Joaquin County, California(7)",6077,Urban,40.1,38.1,42.1,N/A , N/A , N/A,320,falling,-3.0,-3.6,-2.4
"Stevens County, Washington(2)",53065,Urban,40,33.9,47.2,N/A , N/A , N/A,33,falling,-13.5,-27.7,-0.1
"Mendocino County, California(7)",6045,Rural,40,35.4,45.1,N/A , N/A , N/A,60,falling,-3.1,-4.1,-2.0
"Laramie County, Wyoming(2)",56021,Urban,40,35.1,45.4,N/A , N/A , N/A,51,falling,-3.6,-14.0,-0.1
"Custer County, Nebraska(2)",31041,Rural,39.8,26.6,58.2,N/A , N/A , N/A,6,stable,-2.3,-5.0,0.2
"Grant County, Oregon(2)",41023,Rural,39.8,27.5,59,N/A , N/A , N/A,7,stable,-2.3,-5.7,1.0
"Jefferson County, Washington(7)",53031,Rural,39.8,33.5,47.6,N/A , N/A , N/A,35,falling,-4.3,-10.8,-2.6
"Montgomery County, Virginia(2)",51121,Urban,39.8,34.3,45.8,N/A , N/A , N/A,40,falling,-2.1,-3.8,-0.5
"Valencia County, New Mexico(7)",35061,Urban,39.8,34.4,45.8,N/A , N/A , N/A,41,stable,-1.2,-2.4,0.2
"Ferry County, Washington(2)",53019,Rural,39.7,25.8,61.4,N/A , N/A , N/A,6,stable,-4.7,-9.9,0.1
"Merrick County, Nebraska(2)",31121,Urban,39.7,25.1,61.1,N/A , N/A , N/A,5,stable,-1.2,-5.6,3.4
"Centre County, Pennsylvania(2)",42027,Urban,39.6,35.6,44.1,N/A , N/A , N/A,71,falling,-1.7,-2.7,-0.8
"Claiborne County, Mississippi(2)",28021,Rural,39.6,25.6,59.7,N/A , N/A , N/A,5,falling,-11.9,-35.3,-2.5
"Fremont County, Wyoming(2)",56013,Rural,39.3,32.2,47.7,N/A , N/A , N/A,22,falling,-2.8,-5.2,-0.6
"Choctaw County, Alabama(2)",1023,Rural,39.2,28.5,53.8,N/A , N/A , N/A,9,falling,-3.5,-6.3,-0.9
"Essex County, New Jersey(7)",34013,Urban,39.2,37.4,41.1,N/A , N/A , N/A,370,falling,-2.5,-3.0,-2.0
"Adams County, Indiana(2)",18001,Rural,39.2,31.2,48.7,N/A , N/A , N/A,17,falling,-22.2,-37.2,-9.0
"Kings County, New York(7)",36047,Urban,39.1,38.1,40.2,N/A , N/A , N/A,1188,falling,-2.5,-3.2,-1.9
"Sumter County, Alabama(2)",1119,Rural,39.1,26.2,56.9,N/A , N/A , N/A,6,stable,-0.8,-6.5,4.6
"Hale County, Texas(7)",48189,Rural,39,30.6,49.2,N/A , N/A , N/A,15,stable,-1.2,-4.2,1.9
"Buffalo County, Wisconsin(2)",55011,Rural,39,28.2,53.5,N/A , N/A , N/A,9,stable,-2.2,-5.6,1.1
"Kleberg County, Texas(7)",48273,Rural,39,29.6,50.4,N/A , N/A , N/A,12,falling,-3.1,-5.1,-1.2
"Presque Isle County, Michigan(2)",26141,Rural,38.9,28.9,53.1,N/A , N/A , N/A,11,stable,-3.2,-7.1,0.0
"San Diego County, California(7)",6073,Urban,38.9,38,39.8,N/A , N/A , N/A,1440,falling,-2.3,-2.6,-2.0
"Columbia County, Washington(2)",53013,Rural,38.8,21.5,70.3,N/A , N/A , N/A,3,stable,-2.0,-8.0,3.6
"Yuma County, Arizona(2)",4027,Urban,38.8,35.6,42.3,N/A , N/A , N/A,115,falling,-3.0,-3.9,-2.1
"Beaverhead County, Montana(2)",30001,Rural,38.8,26.3,56.9,N/A , N/A , N/A,6,stable,-2.8,-5.8,0.2
"Ottawa County, Michigan(2)",26139,Urban,38.8,35.9,41.8,N/A , N/A , N/A,141,falling,-1.1,-1.9,-0.2
"Park County, Wyoming(2)",56029,Rural,38.8,31.2,48,N/A , N/A , N/A,20,stable,-0.5,-2.0,1.0
"Lake County, Oregon(2)",41037,Rural,38.7,25.4,58.4,N/A , N/A , N/A,6,stable,-2.3,-6.3,1.6
"Queens County, New York(7)",36081,Urban,38.7,37.7,39.8,N/A , N/A , N/A,1182,falling,-3.9,-5.2,-2.9
"Honolulu County, Hawaii(7)",15003,Urban,38.7,37.2,40.2,N/A , N/A , N/A,543,falling,-2.0,-3.4,-1.5
"Eddy County, New Mexico(7)",35015,Rural,38.7,32.2,46.1,N/A , N/A , N/A,26,falling,-1.6,-2.5,-0.7
"Madera County, California(7)",6039,Urban,38.6,34.4,43.2,N/A , N/A , N/A,64,falling,-2.4,-3.4,-1.3
"Modoc County, California(7)",6049,Rural,38.6,26.7,56.2,N/A , N/A , N/A,7,stable,-1.8,-4.7,1.3
"Kern County, California(7)",6029,Urban,38.6,36.7,40.6,N/A , N/A , N/A,317,falling,-7.9,-13.5,-2.6
"Medina County, Texas(7)",48325,Urban,38.6,32.1,46,N/A , N/A , N/A,26,stable,-0.8,-2.4,0.9
"Pima County, Arizona(2)",4019,Urban,38.6,37.2,40,N/A , N/A , N/A,614,falling,-3.9,-6.5,-2.7
"Lane County, Oregon(2)",41039,Urban,38.5,36.2,41,N/A , N/A , N/A,215,falling,-15.3,-21.2,-7.8
"Emery County, Utah(7)",49015,Rural,38.5,24.6,58.1,N/A , N/A , N/A,5,stable,0.4,-2.0,3.4
"Gila County, Arizona(2)",4007,Rural,38.5,33.2,44.6,N/A , N/A , N/A,44,falling,-2.7,-4.3,-1.3
"Mills County, Texas(7)",48333,Rural,38.4,22.7,66.1,N/A , N/A , N/A,4,stable,0.1,-3.5,4.0
"Lassen County, California(7)",6035,Rural,38.4,29.7,48.9,N/A , N/A , N/A,14,stable,-1.3,-3.8,1.4
"Hawaii County, Hawaii(7)",15001,Rural,38.4,35.3,41.7,N/A , N/A , N/A,125,falling,-1.8,-2.5,-1.1
"Bexar County, Texas(7)",48029,Urban,38.4,37.1,39.7,N/A , N/A , N/A,756,falling,-2.0,-2.4,-1.6
"Williamson County, Texas(7)",48491,Urban,38.3,36.1,40.7,N/A , N/A , N/A,231,falling,-8.7,-12.7,-3.7
"Fresno County, California(7)",6019,Urban,38.3,36.6,40.1,N/A , N/A , N/A,378,falling,-3.1,-5.7,-2.2
"Somerset County, New Jersey(7)",34035,Urban,38.3,35.7,41,N/A , N/A , N/A,168,falling,-2.9,-6.5,-2.1
"Bingham County, Idaho(7)",16011,Rural,38.2,31.1,46.5,N/A , N/A , N/A,21,stable,0.0,-2.4,2.8
"Delta County, Colorado(2)",8029,Rural,38.2,30.9,47.1,N/A , N/A , N/A,22,stable,-0.9,-3.0,1.2
"Pepin County, Wisconsin(2)",55091,Rural,38.1,24,59.5,N/A , N/A , N/A,5,stable,-2.1,-5.4,1.3
"Williamson County, Tennessee(2)",47187,Urban,38.1,34.8,41.7,N/A , N/A , N/A,102,falling,-2.7,-3.5,-1.9
"Bland County, Virginia(2)",51021,Rural,38.1,23.7,61.5,N/A , N/A , N/A,4,stable,-2.9,-7.5,1.5
"Holmes County, Ohio(2)",39075,Rural,38.1,30.6,46.9,N/A , N/A , N/A,18,stable,0.5,-1.1,2.3
"Clay County, Nebraska(2)",31035,Rural,38,20.8,64.7,N/A , N/A , N/A,3,falling,-5.7,-10.1,-2.4
"Denver County, Colorado(2)",8031,Urban,37.9,35.8,40.1,N/A , N/A , N/A,251,falling,-2.4,-2.9,-1.9
"Howard County, Nebraska(2)",31093,Urban,37.9,23.4,60.2,N/A , N/A , N/A,4,falling,-5.0,-8.7,-1.9
"Brookings County, South Dakota(2)",46011,Rural,37.9,29.1,48.5,N/A , N/A , N/A,13,stable,-0.9,-3.6,1.9
"Jefferson County, Colorado(2)",8059,Urban,37.9,35.9,39.9,N/A , N/A , N/A,282,falling,-1.7,-2.3,-1.1
"Kingfisher County, Oklahoma(2)",40073,Rural,37.8,26.8,52.3,N/A , N/A , N/A,8,falling,-3.7,-6.4,-1.4
"Garrett County, Maryland(2)",24023,Rural,37.8,30.6,46.7,N/A , N/A , N/A,20,falling,-2.6,-4.3,-1.1
"Collin County, Texas(7)",48085,Urban,37.8,36,39.6,N/A , N/A , N/A,362,falling,-3.4,-7.0,-1.6
"Sonoma County, California(7)",6097,Urban,37.7,35.7,39.8,N/A , N/A , N/A,274,falling,-2.6,-3.1,-2.1
"Merced County, California(7)",6047,Urban,37.7,34.4,41.3,N/A , N/A , N/A,97,falling,-4.3,-5.9,-3.3
"Ochiltree County, Texas(7)",48357,Rural,37.7,22.3,59.7,N/A , N/A , N/A,4,stable,-1.8,-7.0,3.2
"Wilson County, Texas(7)",48493,Urban,37.7,31.3,45.1,N/A , N/A , N/A,25,falling,-2.2,-3.8,-0.4
"Colusa County, California(7)",6011,Rural,37.7,27.4,50.6,N/A , N/A , N/A,9,stable,-2.4,-5.3,0.5
"Elko County, Nevada(2)",32007,Rural,37.6,30.3,46.2,N/A , N/A , N/A,20,falling,-2.8,-4.7,-0.8
"Spink County, South Dakota(2)",46115,Rural,37.6,21.9,62.1,N/A , N/A , N/A,4,*,*,*,*
"Humboldt County, Nevada(2)",32013,Rural,37.5,26,52.4,N/A , N/A , N/A,7,falling,-3.2,-5.1,-1.5
"Placer County, California(7)",6061,Urban,37.4,35.3,39.7,N/A , N/A , N/A,226,falling,-2.7,-3.4,-2.0
"Morgan County, Colorado(2)",8087,Rural,37.4,28.9,47.8,N/A , N/A , N/A,13,falling,-3.1,-6.1,-0.5
"Washakie County, Wyoming(2)",56043,Rural,37.4,23.4,58.3,N/A , N/A , N/A,5,stable,-1.5,-5.3,2.2
"Plumas County, California(7)",6063,Rural,37.4,28.9,48.4,N/A , N/A , N/A,15,falling,-4.1,-6.0,-2.5
"Bon Homme County, South Dakota(2)",46009,Rural,37.4,22.1,60.6,N/A , N/A , N/A,4,stable,-3.2,-7.5,0.6
"Hays County, Texas(7)",48209,Urban,37.4,33.7,41.4,N/A , N/A , N/A,81,falling,-2.4,-3.4,-1.2
"Walla Walla County, Washington(2)",53071,Urban,37.3,31.7,43.8,N/A , N/A , N/A,33,falling,-6.9,-16.1,-3.0
"El Paso County, Colorado(2)",8041,Urban,37.3,35.3,39.3,N/A , N/A , N/A,284,falling,-3.1,-4.0,-2.0
"Dawson County, Texas(7)",48115,Rural,37.2,24,55.3,N/A , N/A , N/A,5,stable,-2.3,-6.0,1.0
"Contra Costa County, California(7)",6013,Urban,37.2,35.8,38.7,N/A , N/A , N/A,538,falling,-3.0,-5.2,-2.3
"Jerome County, Idaho(7)",16053,Urban,37.2,27.3,49.6,N/A , N/A , N/A,10,stable,-2.4,-5.1,0.5
"Hockley County, Texas(7)",48219,Urban,37.2,27.3,49.5,N/A , N/A , N/A,10,falling,-3.7,-6.1,-1.5
"Fergus County, Montana(2)",30027,Rural,37.2,26.3,52.2,N/A , N/A , N/A,8,stable,-2.3,-5.1,0.3
"Hot Springs County, Wyoming(2)",56017,Rural,37.1,21.9,63.9,N/A , N/A , N/A,4,stable,-2.8,-7.1,1.0
"Torrance County, New Mexico(7)",35057,Urban,37.1,27.1,50.4,N/A , N/A , N/A,9,stable,-0.6,-2.1,1.2
"Arapahoe County, Colorado(2)",8005,Urban,37.1,35,39.2,N/A , N/A , N/A,257,falling,-2.4,-3.2,-1.6
"Napa County, California(7)",6055,Urban,37,33.3,41,N/A , N/A , N/A,76,falling,-4.3,-7.3,-3.3
"Nueces County, Texas(7)",48355,Urban,37,34.4,39.8,N/A , N/A , N/A,156,falling,-8.2,-13.0,-2.9
"San Bernardino County, California(7)",6071,Urban,36.9,35.7,38.1,N/A , N/A , N/A,766,falling,-3.1,-3.4,-2.8
"Otero County, Colorado(2)",8089,Rural,36.9,27.6,48.8,N/A , N/A , N/A,11,falling,-4.5,-7.7,-1.9
"Big Horn County, Wyoming(2)",56003,Rural,36.8,25.3,52.7,N/A , N/A , N/A,7,stable,-2.4,-6.7,1.6
"Sheridan County, Nebraska(2)",31161,Rural,36.8,21.4,62.6,N/A , N/A , N/A,4,stable,-0.7,-5.7,4.7
"Nicollet County, Minnesota(2)",27103,Urban,36.8,29.1,46.1,N/A , N/A , N/A,16,falling,-17.1,-27.9,-4.8
"Cook County, Minnesota(2)",27031,Rural,36.8,21.2,63,N/A , N/A , N/A,4,stable,-1.5,-5.9,3.1
"Caribou County, Idaho(7)",16029,Rural,36.7,21.3,60.1,N/A , N/A , N/A,3,*,*,*,*
"Dimmit County, Texas(7)",48127,Rural,36.7,21.9,58.1,N/A , N/A , N/A,4,*,*,*,*
"Charlottesville City, Virginia(2)",51540,Urban,36.6,29.1,45.6,N/A , N/A , N/A,17,falling,-16.9,-35.1,-2.9
"Albemarle County, Virginia(2)",51003,Urban,36.5,32.4,41.1,N/A , N/A , N/A,59,falling,-3.3,-4.5,-2.1
"Teller County, Colorado(2)",8119,Urban,36.5,27.6,47.7,N/A , N/A , N/A,14,stable,-2.1,-4.6,0.9
"Hunterdon County, New Jersey(7)",34019,Urban,36.4,32.7,40.6,N/A , N/A , N/A,72,falling,-2.0,-3.1,-0.9
"Park County, Montana(2)",30067,Rural,36.4,27,48.7,N/A , N/A , N/A,11,falling,-2.9,-4.8,-0.9
"Zapata County, Texas(7)",48505,Rural,36.3,23.6,53.4,N/A , N/A , N/A,5,rising,20.3,0.6,49.4
"Union County, New Jersey(7)",34039,Urban,36.2,34.2,38.4,N/A , N/A , N/A,241,falling,-3.7,-7.6,-2.5
"Ventura County, California(7)",6111,Urban,36.2,34.5,37.8,N/A , N/A , N/A,383,falling,-2.1,-2.7,-1.5
"San Luis Obispo County, California(7)",6079,Urban,36.1,33.6,38.9,N/A , N/A , N/A,155,falling,-2.6,-3.4,-1.7
"Oconee County, Georgia(7)",13219,Urban,36.1,29,44.5,N/A , N/A , N/A,19,falling,-3.1,-4.8,-1.1
"Riverside County, California(7)",6065,Urban,36,35,37,N/A , N/A , N/A,1008,falling,-2.7,-3.1,-2.3
"El Dorado County, California(7)",6017,Urban,36,33,39.2,N/A , N/A , N/A,112,falling,-2.9,-3.8,-1.9
"Prince Georges County, Maryland(2)",24033,Urban,35.9,34.3,37.6,N/A , N/A , N/A,382,falling,-2.8,-3.4,-2.1
"Union County, Oregon(2)",41061,Rural,35.9,28,45.7,N/A , N/A , N/A,15,falling,-2.5,-4.8,-0.3
"Hudson County, New Jersey(7)",34017,Urban,35.9,33.9,38,N/A , N/A , N/A,251,falling,-2.7,-3.2,-2.3
"Fayette County, Georgia(7)",13113,Urban,35.8,31.8,40.2,N/A , N/A , N/A,60,falling,-3.9,-6.6,-3.0
"Alameda County, California(7)",6001,Urban,35.7,34.5,37,N/A , N/A , N/A,673,falling,-2.5,-2.7,-2.3
"Latah County, Idaho(7)",16057,Rural,35.7,27.9,45.1,N/A , N/A , N/A,15,falling,-24.1,-39.2,-2.7
"Val Verde County, Texas(7)",48465,Rural,35.7,28.7,43.8,N/A , N/A , N/A,18,stable,-1.8,-3.8,0.3
"Minidoka County, Idaho(7)",16067,Rural,35.6,25.8,48,N/A , N/A , N/A,9,stable,-1.2,-3.5,1.2
"Lincoln County, Washington(2)",53043,Rural,35.6,24.5,51.4,N/A , N/A , N/A,7,falling,-3.8,-7.9,-0.3
"Kodiak Island Borough, Alaska(2)",2150,Rural,35.6,21,56,N/A , N/A , N/A,4,*,*,*,*
"Travis County, Texas(7)",48453,Urban,35.5,33.9,37.3,N/A , N/A , N/A,380,falling,-3.3,-5.8,-2.6
"Perry County, Alabama(2)",1105,Rural,35.5,22.3,55,N/A , N/A , N/A,5,stable,-2.3,-6.2,1.0
"Scurry County, Texas(7)",48415,Rural,35.4,24.6,49.6,N/A , N/A , N/A,7,stable,-2.2,-5.0,0.4
"Huerfano County, Colorado(2)",8055,Rural,35.3,21.9,57.5,N/A , N/A , N/A,5,falling,-3.3,-6.3,-0.6
"Orange County, California(7)",6059,Urban,35.3,34.5,36.2,N/A , N/A , N/A,1332,falling,-2.3,-2.6,-2.0
"Sweetwater County, Wyoming(2)",56037,Rural,35.2,27.7,44.2,N/A , N/A , N/A,17,stable,-1.6,-3.7,0.6
"Maui County, Hawaii(7)",15009,Urban,35.2,31.8,38.8,N/A , N/A , N/A,84,falling,-5.3,-9.9,-2.3
"Nevada County, California(7)",6057,Rural,35.1,31.4,39.2,N/A , N/A , N/A,71,falling,-3.2,-4.1,-2.2
"Harrisonburg City, Virginia(2)",51660,Urban,34.9,27,44.4,N/A , N/A , N/A,14,falling,-6.8,-21.9,-3.0
"Dawson County, Nebraska(2)",31047,Rural,34.9,26,46,N/A , N/A , N/A,11,stable,-1.1,-4.2,2.2
"Santa Barbara County, California(7)",6083,Urban,34.8,32.6,37.1,N/A , N/A , N/A,186,falling,-2.1,-2.5,-1.7
"Adams County, Washington(2)",53001,Rural,34.8,23.7,49.1,N/A , N/A , N/A,7,stable,-2.4,-5.2,0.4
"Whitman County, Washington(2)",53075,Rural,34.7,27,44.1,N/A , N/A , N/A,14,stable,-1.9,-4.1,0.3
"Douglas County, Nevada(2)",32005,Rural,34.7,29.8,40.6,N/A , N/A , N/A,38,falling,-4.1,-5.5,-2.9
"Platte County, Wyoming(2)",56031,Rural,34.7,23,52.3,N/A , N/A , N/A,6,falling,-3.9,-9.9,-2.0
"McKenzie County, North Dakota(2)",38053,Rural,34.7,20.7,54.1,N/A , N/A , N/A,4,stable,-3.1,-7.5,1.3
"Kauai County, Hawaii(7)",15007,Rural,34.6,29.9,40.1,N/A , N/A , N/A,40,falling,-2.2,-3.5,-0.7
"Duchesne County, Utah(7)",49013,Rural,34.6,23.8,48.7,N/A , N/A , N/A,7,stable,-1.0,-2.8,1.4
"Deaf Smith County, Texas(7)",48117,Rural,34.6,23.6,48.9,N/A , N/A , N/A,7,stable,-0.5,-3.4,2.6
"Kings County, California(7)",6031,Urban,34.6,30.1,39.6,N/A , N/A , N/A,44,falling,-2.0,-3.2,-0.8
"Larimer County, Colorado(2)",8069,Urban,34.5,32,37.2,N/A , N/A , N/A,149,falling,-2.0,-3.1,-0.8
"Graham County, Arizona(2)",4009,Rural,34.5,26.9,43.6,N/A , N/A , N/A,14,stable,-1.3,-4.3,1.8
"Tooele County, Utah(7)",49045,Urban,34.5,27.7,42.3,N/A , N/A , N/A,20,falling,-1.5,-2.4,-0.4
"Clear Creek County, Colorado(2)",8019,Urban,34.4,22.6,52.3,N/A , N/A , N/A,6,falling,-4.2,-7.4,-0.8
"Pondera County, Montana(2)",30073,Rural,34.4,19.5,58.4,N/A , N/A , N/A,3,stable,-2.8,-7.3,1.2
"Valley County, Idaho(7)",16085,Rural,34.2,22.8,50.4,N/A , N/A , N/A,7,stable,-3.6,-7.8,0.9
"Boise County, Idaho(7)",16015,Urban,34.1,21.4,54.3,N/A , N/A , N/A,6,falling,-6.4,-28.9,-1.5
"Jim Wells County, Texas(7)",48249,Rural,34,26.9,42.6,N/A , N/A , N/A,16,falling,-3.2,-5.4,-1.1
"Garfield County, Colorado(2)",8045,Rural,34,27.9,41.2,N/A , N/A , N/A,24,stable,-2.4,-4.6,0.0
"San Mateo County, California(7)",6081,Urban,34,32.4,35.7,N/A , N/A , N/A,330,falling,-2.2,-2.5,-1.9
"Collier County, Florida(2)",12021,Urban,33.8,31.9,35.8,N/A , N/A , N/A,287,falling,-3.6,-4.5,-2.8
"Winneshiek County, Iowa(7)",19191,Rural,33.5,25.2,44.3,N/A , N/A , N/A,11,stable,-1.1,-2.5,0.5
"Juab County, Utah(7)",49023,Urban,33.5,19.2,53.9,N/A , N/A , N/A,3,*,*,*,*
"Broomfield County, Colorado(2)",8014,Urban,33.5,28.1,39.6,N/A , N/A , N/A,28,falling,-3.0,-5.4,-0.3
"Rio Grande County, Colorado(2)",8105,Rural,33.4,22.6,48.6,N/A , N/A , N/A,7,*,*,*,*
"Hood River County, Oregon(2)",41027,Rural,33.3,24.5,44.4,N/A , N/A , N/A,10,falling,-4.5,-7.2,-2.2
"Boulder County, Colorado(2)",8013,Urban,33.1,30.4,35.9,N/A , N/A , N/A,122,stable,1.5,-2.9,8.4
"Howard County, Maryland(2)",24027,Urban,33,30.4,35.8,N/A , N/A , N/A,122,falling,-3.3,-4.6,-2.0
"Marin County, California(7)",6041,Urban,33,30.5,35.6,N/A , N/A , N/A,143,falling,-2.1,-2.6,-1.6
"Madison County, Montana(2)",30057,Rural,32.9,21,51.3,N/A , N/A , N/A,6,stable,-2.6,-5.7,0.5
"Zavala County, Texas(7)",48507,Rural,32.9,19.3,52.7,N/A , N/A , N/A,4,*,*,*,*
"Leelanau County, Michigan(2)",26089,Urban,32.8,25.8,41.9,N/A , N/A , N/A,17,stable,-1.2,-3.5,1.3
"Jefferson County, Idaho(7)",16051,Urban,32.8,24,43.7,N/A , N/A , N/A,10,stable,0.2,-3.0,4.6
"Johnson County, Wyoming(2)",56019,Rural,32.7,21,50.6,N/A , N/A , N/A,5,stable,0.0,-4.6,5.3
"Moore County, Texas(7)",48341,Rural,32.7,22,46.6,N/A , N/A , N/A,6,falling,-3.7,-6.4,-1.1
"Santa Clara County, California(7)",6085,Urban,32.6,31.5,33.7,N/A , N/A , N/A,693,falling,-2.0,-2.2,-1.7
"Bonneville County, Idaho(7)",16019,Urban,32.5,28.1,37.3,N/A , N/A , N/A,41,falling,-1.1,-2.0,-0.1
"Fort Bend County, Texas(7)",48157,Urban,32.4,30.5,34.4,N/A , N/A , N/A,251,falling,-3.5,-4.2,-2.8
"Bernalillo County, New Mexico(7)",35001,Urban,32.4,30.7,34.2,N/A , N/A , N/A,284,falling,-3.8,-7.3,-1.7
"Cheyenne County, Nebraska(2)",31033,Rural,32.3,20.8,49.2,N/A , N/A , N/A,5,stable,-2.4,-6.3,1.2
"Kit Carson County, Colorado(2)",8063,Rural,32.3,18.7,53.5,N/A , N/A , N/A,3,stable,-1.3,-8.9,5.3
"Sandoval County, New Mexico(7)",35043,Urban,32.2,28.7,36,N/A , N/A , N/A,67,falling,-1.4,-2.2,-0.5
"Loudoun County, Virginia(2)",51107,Urban,32.2,29.5,35,N/A , N/A , N/A,114,falling,-2.8,-3.9,-1.6
"Gunnison County, Colorado(2)",8051,Rural,32.2,20.2,48.5,N/A , N/A , N/A,5,stable,-3.7,-8.6,1.2
"Alamosa County, Colorado(2)",8003,Rural,32.1,21.6,46.4,N/A , N/A , N/A,6,stable,-1.7,-5.9,2.8
"Los Angeles County, California(7)",6037,Urban,32.1,31.6,32.6,N/A , N/A , N/A,3566,falling,-4.2,-5.7,-3.2
"Montezuma County, Colorado(2)",8083,Rural,32.1,24.8,41.2,N/A , N/A , N/A,14,falling,-3.6,-5.5,-1.8
"Asotin County, Washington(2)",53003,Urban,32,24.4,41.8,N/A , N/A , N/A,13,falling,-10.4,-33.0,-4.5
"Parmer County, Texas(7)",48369,Rural,32,18.7,51.2,N/A , N/A , N/A,4,*,*,*,*
"Buena Vista County, Iowa(7)",19021,Rural,31.9,22.6,43.9,N/A , N/A , N/A,8,falling,-4.0,-16.3,-1.5
"Grand County, Utah(7)",49019,Rural,31.8,19.5,49.9,N/A , N/A , N/A,4,*,*,*,*
"Carbon County, Montana(2)",30009,Urban,31.8,21.1,47.6,N/A , N/A , N/A,6,stable,-2.7,-6.0,0.5
"Dona Ana County, New Mexico(7)",35013,Urban,31.8,28.7,35,N/A , N/A , N/A,84,falling,-4.7,-9.9,-2.3
"Navajo County, Arizona(2)",4017,Rural,31.7,27.7,36.1,N/A , N/A , N/A,49,falling,-2.0,-3.2,-0.8
"Roosevelt County, New Mexico(7)",35041,Rural,31.4,21.7,44.2,N/A , N/A , N/A,7,falling,-4.2,-12.8,-2.1
"Santa Cruz County, California(7)",6087,Urban,31.1,28.4,33.9,N/A , N/A , N/A,108,falling,-2.2,-2.8,-1.5
"Douglas County, Colorado(2)",8035,Urban,30.9,28.3,33.7,N/A , N/A , N/A,109,falling,-2.9,-3.7,-2.1
"Gallatin County, Montana(2)",30031,Urban,30.7,26.1,35.8,N/A , N/A , N/A,35,falling,-3.0,-4.7,-1.3
"Dawes County, Nebraska(2)",31045,Rural,30.3,18.1,49.4,N/A , N/A , N/A,4,stable,-0.4,-3.4,2.9
"Cassia County, Idaho(7)",16031,Rural,30.3,21.5,41.5,N/A , N/A , N/A,8,stable,-1.3,-4.3,1.9
"Gillespie County, Texas(7)",48171,Rural,30.2,24.1,38,N/A , N/A , N/A,18,falling,-3.4,-5.8,-1.1
"Gaines County, Texas(7)",48165,Rural,30.1,19.3,44.6,N/A , N/A , N/A,5,falling,-6.8,-16.6,-4.1
"Tulare County, California(7)",6107,Urban,30,27.7,32.4,N/A , N/A , N/A,130,falling,-4.8,-10.9,-3.5
"Sioux County, Iowa(7)",19167,Rural,29.7,22.8,38.2,N/A , N/A , N/A,13,stable,-0.4,-1.8,1.0
"Monterey County, California(7)",6053,Urban,29.7,27.5,32,N/A , N/A , N/A,140,falling,-3.3,-4.4,-2.8
"San Juan County, New Mexico(7)",35045,Urban,29.6,25.7,34,N/A , N/A , N/A,44,falling,-4.4,-7.8,-2.8
"Uintah County, Utah(7)",49047,Rural,29.6,21.7,39.4,N/A , N/A , N/A,10,stable,1.6,-4.4,17.0
"Grant County, South Dakota(2)",46051,Rural,29.6,17.7,48.4,N/A , N/A , N/A,4,stable,-3.2,-7.1,0.3
"Alexandria City, Virginia(2)",51510,Urban,29.5,25.7,33.8,N/A , N/A , N/A,45,falling,-3.1,-4.2,-2.1
"Kane County, Utah(7)",49025,Rural,29.5,17.5,48.4,N/A , N/A , N/A,4,*,*,*,*
"Imperial County, California(7)",6025,Urban,29.5,26,33.3,N/A , N/A , N/A,54,falling,-2.8,-3.9,-1.8
"Archuleta County, Colorado(2)",8007,Rural,29.3,19.4,43.7,N/A , N/A , N/A,7,stable,-2.0,-5.7,2.4
"San Juan County, Washington(7)",53055,Rural,29.3,22.2,39.4,N/A , N/A , N/A,12,stable,-1.5,-2.8,0.0
"White Pine County, Nevada(2)",32033,Rural,29.2,17.8,46.5,N/A , N/A , N/A,4,*,*,*,*
"Stevens County, Minnesota(2)",27149,Rural,29.1,16.5,48,N/A , N/A , N/A,3,stable,-2.1,-6.3,1.8
"San Miguel County, New Mexico(7)",35047,Rural,28.9,22.2,37.6,N/A , N/A , N/A,13,falling,-1.6,-2.6,-0.5
"Wallowa County, Oregon(2)",41063,Rural,28.9,18.1,47,N/A , N/A , N/A,5,stable,-2.5,-6.9,1.9
"Starr County, Texas(7)",48427,Rural,28.8,22.9,35.7,N/A , N/A , N/A,17,stable,-1.4,-3.2,0.4
"Inyo County, California(7)",6027,Rural,28.7,21.1,38.9,N/A , N/A , N/A,10,falling,-3.9,-6.9,-1.3
"Cibola County, New Mexico(7)",35006,Rural,28.7,21.3,38.1,N/A , N/A , N/A,10,falling,-1.5,-2.8,-0.1
"Teton County, Montana(2)",30099,Rural,28.6,16.3,49.3,N/A , N/A , N/A,3,falling,-17.7,-44.9,-4.4
"Santa Cruz County, Arizona(2)",4023,Rural,28.6,23,35.3,N/A , N/A , N/A,18,stable,-1.5,-4.1,1.4
"Montgomery County, Maryland(2)",24031,Urban,28.5,27.2,29.8,N/A , N/A , N/A,379,falling,-2.6,-3.1,-2.1
"Park County, Colorado(2)",8093,Urban,28.2,19,41.3,N/A , N/A , N/A,9,falling,-4.3,-7.3,-1.1
"Weber County, Utah(7)",49057,Urban,28.2,25.3,31.4,N/A , N/A , N/A,72,stable,-0.9,-1.8,0.0
"Chaffee County, Colorado(2)",8015,Rural,28.1,20.6,38.4,N/A , N/A , N/A,10,stable,-2.7,-5.7,0.4
"Wahkiakum County, Washington(2)",53069,Rural,28.1,15.8,54.4,N/A , N/A , N/A,3,falling,-5.3,-10.3,-0.8
"El Paso County, Texas(7)",48141,Urban,28.1,26.5,29.7,N/A , N/A , N/A,238,falling,-2.7,-3.2,-2.3
"Salt Lake County, Utah(7)",49035,Urban,27.7,26.3,29.2,N/A , N/A , N/A,293,falling,-0.7,-1.0,-0.4
"San Benito County, California(7)",6069,Urban,27.7,22.1,34.2,N/A , N/A , N/A,18,falling,-2.2,-3.4,-0.9
"Albany County, Wyoming(2)",56001,Rural,27.5,20,36.9,N/A , N/A , N/A,10,stable,-1.4,-4.4,1.8
"La Plata County, Colorado(2)",8067,Rural,27.4,22.2,33.7,N/A , N/A , N/A,21,falling,-4.2,-6.4,-2.1
"Grant County, New Mexico(7)",35017,Rural,27.4,21.7,34.8,N/A , N/A , N/A,16,falling,-1.8,-2.9,-0.6
"Benton County, Oregon(2)",41003,Urban,27.4,23.3,32.1,N/A , N/A , N/A,34,falling,-5.1,-9.0,-3.5
"Falls Church City, Virginia(2)",51610,Urban,27.3,17.2,41.5,N/A , N/A , N/A,5,stable,-4.1,-8.5,0.2
"San Juan County, Utah(7)",49037,Rural,27.1,17,41.5,N/A , N/A , N/A,5,*,*,*,*
"Custer County, South Dakota(2)",46033,Urban,27.1,17.5,43.9,N/A , N/A , N/A,5,stable,-3.3,-7.2,0.7
"Fairfax County, Virginia(2)",51059,Urban,26.9,25.6,28.3,N/A , N/A , N/A,342,falling,-3.4,-3.9,-2.9
"Socorro County, New Mexico(7)",35053,Rural,26.9,18.4,38.7,N/A , N/A , N/A,7,stable,-1.9,-3.9,0.4
"Maverick County, Texas(7)",48323,Urban,26.8,20.8,33.8,N/A , N/A , N/A,14,stable,-1.5,-4.2,1.6
"Lincoln County, New Mexico(7)",35027,Rural,26.6,19.8,35.9,N/A , N/A , N/A,11,stable,-1.3,-2.6,0.2
"Pendleton County, West Virginia(2)",54071,Rural,26.4,14.7,47.2,N/A , N/A , N/A,3,*,*,*,*
"Cameron County, Texas(7)",48061,Urban,26.4,24.3,28.6,N/A , N/A , N/A,118,falling,-3.0,-5.9,-2.4
"Hidalgo County, Texas(7)",48215,Urban,26,24.4,27.7,N/A , N/A , N/A,201,falling,-2.7,-3.2,-2.1
"Arlington County, Virginia(2)",51013,Urban,25.9,22.8,29.2,N/A , N/A , N/A,54,falling,-3.8,-7.3,-2.6
"Grand County, Colorado(2)",8049,Rural,25.7,15.9,39.8,N/A , N/A , N/A,5,stable,-3.7,-8.9,1.8
"Brewster County, Texas(7)",48043,Rural,25.3,15.4,40.8,N/A , N/A , N/A,4,*,*,*,*
"Iron County, Utah(7)",49021,Rural,25.3,19.7,32,N/A , N/A , N/A,15,stable,-0.9,-2.3,0.9
"Webb County, Texas(7)",48479,Urban,25,22,28.3,N/A , N/A , N/A,51,stable,-1.3,-2.4,0.0
"Santa Fe County, New Mexico(7)",35049,Urban,25,22.3,28,N/A , N/A , N/A,70,falling,-2.4,-6.7,-1.3
"Willacy County, Texas(7)",48489,Rural,24.8,16.3,36.3,N/A , N/A , N/A,5,falling,-2.5,-4.5,-0.6
"Routt County, Colorado(2)",8107,Rural,24.6,17.2,34.5,N/A , N/A , N/A,8,stable,-4.2,-8.3,0.6
"Fremont County, Idaho(7)",16043,Rural,24.6,15.4,37.8,N/A , N/A , N/A,5,stable,-0.3,-3.4,3.6
"Hutchinson County, South Dakota(2)",46067,Rural,24.3,14,41.5,N/A , N/A , N/A,3,stable,0.3,-5.7,6.2
"Sublette County, Wyoming(2)",56035,Rural,24.1,13.5,41.1,N/A , N/A , N/A,3,*,*,*,*
"Washington County, Utah(7)",49053,Urban,23.8,21.3,26.6,N/A , N/A , N/A,69,falling,-1.2,-1.8,-0.3
"Uinta County, Wyoming(2)",56041,Rural,23.8,15.4,35.2,N/A , N/A , N/A,6,stable,-1.9,-5.2,1.8
"Custer County, Colorado(2)",8027,Rural,23.5,13.2,48.1,N/A , N/A , N/A,3,*,*,*,*
"Davis County, Utah(7)",49011,Urban,23.3,20.9,25.9,N/A , N/A , N/A,71,stable,-0.7,-1.4,0.1
"Coconino County, Arizona(2)",4005,Urban,23.1,19.6,27,N/A , N/A , N/A,34,falling,-2.7,-4.1,-1.2
"Blaine County, Idaho(7)",16013,Rural,23.1,16.5,31.8,N/A , N/A , N/A,9,stable,-1.3,-4.4,3.0
"Millard County, Utah(7)",49027,Rural,22.9,13.9,36.1,N/A , N/A , N/A,4,*,*,*,*
"Madison County, Idaho(7)",16065,Rural,22.7,14.5,33.6,N/A , N/A , N/A,5,*,*,*,*
"Rio Arriba County, New Mexico(7)",35039,Rural,22.6,17.5,29,N/A , N/A , N/A,14,stable,-1.6,-3.2,0.3
"Box Elder County, Utah(7)",49003,Rural,22.6,17.3,28.9,N/A , N/A , N/A,13,stable,-1.3,-2.7,0.3
"Summit County, Utah(7)",49043,Rural,21.5,15.2,29.6,N/A , N/A , N/A,9,stable,-0.9,-2.7,1.7
"Sanpete County, Utah(7)",49039,Rural,21.4,14.6,30.3,N/A , N/A , N/A,7,stable,-1.5,-3.6,0.9
"Lincoln County, Wyoming(2)",56023,Rural,21.1,14,30.9,N/A , N/A , N/A,6,stable,-0.1,-4.3,4.9
"Pitkin County, Colorado(2)",8097,Rural,20.8,13.4,31.6,N/A , N/A , N/A,5,stable,-1.5,-6.1,3.9
"Teton County, Wyoming(2)",56039,Rural,20.8,13.7,30.4,N/A , N/A , N/A,6,falling,-5.9,-9.1,-2.8
"Sevier County, Utah(7)",49041,Rural,20.5,13.2,30.5,N/A , N/A , N/A,5,stable,-0.7,-2.5,1.3
"Taos County, New Mexico(7)",35055,Rural,18.9,14.5,24.6,N/A , N/A , N/A,14,falling,-7.8,-24.6,-3.3
"Colfax County, New Mexico(7)",35007,Rural,18.5,11.8,29.3,N/A , N/A , N/A,5,falling,-2.1,-4.1,-0.1
"Los Alamos County, New Mexico(7)",35028,Rural,17.4,10.9,26.7,N/A , N/A , N/A,5,stable,-1.3,-3.3,1.0
"Utah County, Utah(7)",49049,Urban,16.9,15.2,18.8,N/A , N/A , N/A,71,falling,-1.0,-1.7,-0.2
"Cache County, Utah(7)",49005,Urban,16.5,13.1,20.4,N/A , N/A , N/A,17,stable,0.8,-0.6,2.9
"Wasatch County, Utah(7)",49051,Rural,16.2,10.8,23.5,N/A , N/A , N/A,6,*,*,*,*
"Eagle County, Colorado(2)",8037,Rural,15.4,10.6,21.5,N/A , N/A , N/A,8,falling,-4.6,-7.0,-1.8
"Apache County, Arizona(2)",4001,Rural,14.8,11.2,19.2,N/A , N/A , N/A,12,falling,-3.0,-5.7,-0.4
Puerto Rico(2),72001,Urban,14.6,14.1,15,N/A , N/A , N/A,760,falling,-2.9,-5.5,-1.8
"Summit County, Colorado(2)",8117,Rural,14.2,8.8,21.9,N/A , N/A , N/A,5,*,*,*,*
"McKinley County, New Mexico(7)",35031,Rural,14,10.3,18.5,N/A , N/A , N/A,10,falling,-2.5,-4.2,-0.6
"Adams County, North Dakota(2)",38001,Rural,* ,*, *,* , * , *,3 or fewer,*,*,*,*
"Aleutians East Borough, Alaska(2)",2013,Rural,* ,*, *,* , * , *,3 or fewer,*,*,*,*
"Aleutians West Census Area, Alaska(2)",2016,Rural,* ,*, *,* , * , *,3 or fewer,*,*,*,*
"Alpine County, California(7)",6003,Rural,* ,*, *,* , * , *,3 or fewer,*,*,*,*
"Armstrong County, Texas(7)",48011,Urban,* ,*, *,* , * , *,3 or fewer,*,*,*,*
"Arthur County, Nebraska(2)",31005,Rural,* ,*, *,* , * , *,3 or fewer,*,*,*,*
"Aurora County, South Dakota(2)",46003,Rural,* ,*, *,* , * , *,3 or fewer,*,*,*,*
"Bailey County, Texas(7)",48017,Rural,* ,*, *,* , * , *,3 or fewer,*,*,*,*
"Baker County, Georgia(7)",13007,Rural,* ,*, *,* , * , *,3 or fewer,*,*,*,*
"Banner County, Nebraska(2)",31007,Rural,* ,*, *,* , * , *,3 or fewer,*,*,*,*
"Bear Lake County, Idaho(7)",16007,Rural,* ,*, *,* , * , *,3 or fewer,*,*,*,*
"Beaver County, Oklahoma(2)",40007,Rural,* ,*, *,* , * , *,3 or fewer,*,*,*,*
"Beaver County, Utah(7)",49001,Rural,* ,*, *,* , * , *,3 or fewer,*,*,*,*
"Bennett County, South Dakota(2)",46007,Rural,* ,*, *,* , * , *,3 or fewer,*,*,*,*
"Billings County, North Dakota(2)",38007,Rural,* ,*, *,* , * , *,3 or fewer,*,*,*,*
"Blaine County, Nebraska(2)",31009,Rural,* ,*, *,* , * , *,3 or fewer,*,*,*,*
"Borden County, Texas(7)",48033,Rural,* ,*, *,* , * , *,3 or fewer,*,*,*,*
"Bowman County, North Dakota(2)",38011,Rural,* ,*, *,* , * , *,3 or fewer,*,*,*,*
"Boyd County, Nebraska(2)",31015,Rural,* ,*, *,* , * , *,3 or fewer,*,*,*,*
"Briscoe County, Texas(7)",48045,Rural,* ,*, *,* , * , *,3 or fewer,*,*,*,*
"Bristol Bay Borough, Alaska(2)",2060,Rural,* ,*, *,* , * , *,3 or fewer,*,*,*,*
"Brooks County, Texas(7)",48047,Rural,* ,*, *,* , * , *,3 or fewer,*,*,*,*
"Brown County, Nebraska(2)",31017,Rural,* ,*, *,* , * , *,3 or fewer,*,*,*,*
"Buffalo County, South Dakota(2)",46017,Rural,* ,*, *,* , * , *,3 or fewer,*,*,*,*
"Burke County, North Dakota(2)",38013,Rural,* ,*, *,* , * , *,3 or fewer,*,*,*,*
"Butte County, Idaho(7)",16023,Urban,* ,*, *,* , * , *,3 or fewer,*,*,*,*
"Camas County, Idaho(7)",16025,Rural,* ,*, *,* , * , *,3 or fewer,*,*,*,*
"Campbell County, South Dakota(2)",46021,Rural,* ,*, *,* , * , *,3 or fewer,*,*,*,*
"Carter County, Montana(2)",30011,Rural,* ,*, *,* , * , *,3 or fewer,*,*,*,*
"Castro County, Texas(7)",48069,Rural,* ,*, *,* , * , *,3 or fewer,*,*,*,*
"Catron County, New Mexico(7)",35003,Rural,* ,*, *,* , * , *,3 or fewer,*,*,*,*
"Cavalier County, North Dakota(2)",38019,Rural,* ,*, *,* , * , *,3 or fewer,*,*,*,*
"Chase County, Nebraska(2)",31029,Rural,* ,*, *,* , * , *,3 or fewer,*,*,*,*
"Chattahoochee County, Georgia(7)",13053,Urban,* ,*, *,* , * , *,3 or fewer,*,*,*,*
"Cheyenne County, Colorado(2)",8017,Rural,* ,*, *,* , * , *,3 or fewer,*,*,*,*
"Cimarron County, Oklahoma(2)",40025,Rural,* ,*, *,* , * , *,3 or fewer,*,*,*,*
"Clark County, Idaho(7)",16033,Rural,* ,*, *,* , * , *,3 or fewer,*,*,*,*
"Clark County, South Dakota(2)",46025,Rural,* ,*, *,* , * , *,3 or fewer,*,*,*,*
"Clay County, Georgia(7)",13061,Rural,* ,*, *,* , * , *,3 or fewer,*,*,*,*
"Cochran County, Texas(7)",48079,Urban,* ,*, *,* , * , *,3 or fewer,*,*,*,*
"Coke County, Texas(7)",48081,Rural,* ,*, *,* , * , *,3 or fewer,*,*,*,*
"Collingsworth County, Texas(7)",48087,Rural,* ,*, *,* , * , *,3 or fewer,*,*,*,*
"Concho County, Texas(7)",48095,Rural,* ,*, *,* , * , *,3 or fewer,*,*,*,*
"Conejos County, Colorado(2)",8021,Rural,* ,*, *,* , * , *,3 or fewer,*,*,*,*
"Corson County, South Dakota(2)",46031,Rural,* ,*, *,* , * , *,3 or fewer,*,*,*,*
"Costilla County, Colorado(2)",8023,Rural,* ,*, *,* , * , *,3 or fewer,*,*,*,*
"Cottle County, Texas(7)",48101,Rural,* ,*, *,* , * , *,3 or fewer,*,*,*,*
"Crane County, Texas(7)",48103,Rural,* ,*, *,* , * , *,3 or fewer,*,*,*,*
"Crockett County, Texas(7)",48105,Rural,* ,*, *,* , * , *,3 or fewer,*,*,*,*
"Crowley County, Colorado(2)",8025,Rural,* ,*, *,* , * , *,3 or fewer,*,*,*,*
"Culberson County, Texas(7)",48109,Rural,* ,*, *,* , * , *,3 or fewer,*,*,*,*
"Custer County, Idaho(7)",16037,Rural,* ,*, *,* , * , *,3 or fewer,*,*,*,*
"Daggett County, Utah(7)",49009,Rural,* ,*, *,* , * , *,3 or fewer,*,*,*,*
"Dallam County, Texas(7)",48111,Rural,* ,*, *,* , * , *,3 or fewer,*,*,*,*
"Daniels County, Montana(2)",30019,Rural,* ,*, *,* , * , *,3 or fewer,*,*,*,*
"DeBaca County, New Mexico(7)",35011,Rural,* ,*, *,* , * , *,3 or fewer,*,*,*,*
"Denali, Alaska(2)",2068,Rural,* ,*, *,* , * , *,3 or fewer,*,*,*,*
"Deuel County, Nebraska(2)",31049,Rural,* ,*, *,* , * , *,3 or fewer,*,*,*,*
"Deuel County, South Dakota(2)",46039,Rural,* ,*, *,* , * , *,3 or fewer,*,*,*,*
"Dickens County, Texas(7)",48125,Rural,* ,*, *,* , * , *,3 or fewer,*,*,*,*
"Dickey County, North Dakota(2)",38021,Rural,* ,*, *,* , * , *,3 or fewer,*,*,*,*
"Divide County, North Dakota(2)",38023,Rural,* ,*, *,* , * , *,3 or fewer,*,*,*,*
"Dolores County, Colorado(2)",8033,Rural,* ,*, *,* , * , *,3 or fewer,*,*,*,*
"Douglas County, South Dakota(2)",46043,Rural,* ,*, *,* , * , *,3 or fewer,*,*,*,*
"Dundy County, Nebraska(2)",31057,Rural,* ,*, *,* , * , *,3 or fewer,*,*,*,*
"Echols County, Georgia(7)",13101,Urban,* ,*, *,* , * , *,3 or fewer,*,*,*,*
"Eddy County, North Dakota(2)",38027,Rural,* ,*, *,* , * , *,3 or fewer,*,*,*,*
"Edmunds County, South Dakota(2)",46045,Rural,* ,*, *,* , * , *,3 or fewer,*,*,*,*
"Edwards County, Texas(7)",48137,Rural,* ,*, *,* , * , *,3 or fewer,*,*,*,*
"Esmeralda County, Nevada(2)",32009,Rural,* ,*, *,* , * , *,3 or fewer,*,*,*,*
"Eureka County, Nevada(2)",32011,Rural,* ,*, *,* , * , *,3 or fewer,*,*,*,*
"Fallon County, Montana(2)",30025,Rural,* ,*, *,* , * , *,3 or fewer,*,*,*,*
"Faulk County, South Dakota(2)",46049,Rural,* ,*, *,* , * , *,3 or fewer,*,*,*,*
"Fisher County, Texas(7)",48151,Rural,* ,*, *,* , * , *,3 or fewer,*,*,*,*
"Foard County, Texas(7)",48155,Rural,* ,*, *,* , * , *,3 or fewer,*,*,*,*
"Foster County, North Dakota(2)",38031,Rural,* ,*, *,* , * , *,3 or fewer,*,*,*,*
"Franklin County, Idaho(7)",16041,Urban,* ,*, *,* , * , *,3 or fewer,*,*,*,*
"Frontier County, Nebraska(2)",31063,Rural,* ,*, *,* , * , *,3 or fewer,*,*,*,*
"Garden County, Nebraska(2)",31069,Rural,* ,*, *,* , * , *,3 or fewer,*,*,*,*
"Garfield County, Montana(2)",30033,Rural,* ,*, *,* , * , *,3 or fewer,*,*,*,*
"Garfield County, Nebraska(2)",31071,Rural,* ,*, *,* , * , *,3 or fewer,*,*,*,*
"Garfield County, Utah(7)",49017,Rural,* ,*, *,* , * , *,3 or fewer,*,*,*,*
"Garfield County, Washington(2)",53023,Rural,* ,*, *,* , * , *,3 or fewer,*,*,*,*
"Garza County, Texas(7)",48169,Urban,* ,*, *,* , * , *,3 or fewer,*,*,*,*
"Gilliam County, Oregon(2)",41021,Rural,* ,*, *,* , * , *,3 or fewer,*,*,*,*
"Gilpin County, Colorado(2)",8047,Urban,* ,*, *,* , * , *,3 or fewer,*,*,*,*
"Glascock County, Georgia(7)",13125,Rural,* ,*, *,* , * , *,3 or fewer,*,*,*,*
"Glasscock County, Texas(7)",48173,Rural,* ,*, *,* , * , *,3 or fewer,*,*,*,*
"Golden Valley County, Montana(2)",30037,Rural,* ,*, *,* , * , *,3 or fewer,*,*,*,*
"Golden Valley County, North Dakota(2)",38033,Rural,* ,*, *,* , * , *,3 or fewer,*,*,*,*
"Gosper County, Nebraska(2)",31073,Rural,* ,*, *,* , * , *,3 or fewer,*,*,*,*
"Granite County, Montana(2)",30039,Rural,* ,*, *,* , * , *,3 or fewer,*,*,*,*
"Grant County, Nebraska(2)",31075,Rural,* ,*, *,* , * , *,3 or fewer,*,*,*,*
"Grant County, North Dakota(2)",38037,Rural,* ,*, *,* , * , *,3 or fewer,*,*,*,*
"Grant County, Oklahoma(2)",40053,Rural,* ,*, *,* , * , *,3 or fewer,*,*,*,*
"Greeley County, Nebraska(2)",31077,Rural,* ,*, *,* , * , *,3 or fewer,*,*,*,*
"Gregory County, South Dakota(2)",46053,Rural,* ,*, *,* , * , *,3 or fewer,*,*,*,*
"Griggs County, North Dakota(2)",38039,Rural,* ,*, *,* , * , *,3 or fewer,*,*,*,*
"Guadalupe County, New Mexico(7)",35019,Rural,* ,*, *,* , * , *,3 or fewer,*,*,*,*
"Haakon County, South Dakota(2)",46055,Rural,* ,*, *,* , * , *,3 or fewer,*,*,*,*
"Haines Borough, Alaska(2)",2100,Rural,* ,*, *,* , * , *,3 or fewer,*,*,*,*
"Hall County, Texas(7)",48191,Rural,* ,*, *,* , * , *,3 or fewer,*,*,*,*
"Hand County, South Dakota(2)",46059,Rural,* ,*, *,* , * , *,3 or fewer,*,*,*,*
"Hanson County, South Dakota(2)",46061,Rural,* ,*, *,* , * , *,3 or fewer,*,*,*,*
"Harding County, New Mexico(7)",35021,Rural,* ,*, *,* , * , *,3 or fewer,*,*,*,*
"Harding County, South Dakota(2)",46063,Rural,* ,*, *,* , * , *,3 or fewer,*,*,*,*
"Harlan County, Nebraska(2)",31083,Rural,* ,*, *,* , * , *,3 or fewer,*,*,*,*
"Harmon County, Oklahoma(2)",40057,Rural,* ,*, *,* , * , *,3 or fewer,*,*,*,*
"Hartley County, Texas(7)",48205,Rural,* ,*, *,* , * , *,3 or fewer,*,*,*,*
"Hayes County, Nebraska(2)",31085,Rural,* ,*, *,* , * , *,3 or fewer,*,*,*,*
"Hemphill County, Texas(7)",48211,Rural,* ,*, *,* , * , *,3 or fewer,*,*,*,*
"Hettinger County, North Dakota(2)",38041,Rural,* ,*, *,* , * , *,3 or fewer,*,*,*,*
"Hinsdale County, Colorado(2)",8053,Rural,* ,*, *,* , * , *,3 or fewer,*,*,*,*
"Hooker County, Nebraska(2)",31091,Rural,* ,*, *,* , * , *,3 or fewer,*,*,*,*
"Hoonah-Angoon Census Area, Alaska(2)",2105,Rural,* ,*, *,* , * , *,3 or fewer,*,*,*,*
"Hudspeth County, Texas(7)",48229,Urban,* ,*, *,* , * , *,3 or fewer,*,*,*,*
"Hyde County, South Dakota(2)",46069,Rural,* ,*, *,* , * , *,3 or fewer,*,*,*,*
"Irion County, Texas(7)",48235,Urban,* ,*, *,* , * , *,3 or fewer,*,*,*,*
"Issaquena County, Mississippi(2)",28055,Rural,* ,*, *,* , * , *,3 or fewer,*,*,*,*
"Jackson County, Colorado(2)",8057,Rural,* ,*, *,* , * , *,3 or fewer,*,*,*,*
"Jackson County, South Dakota(2)",46071,Rural,* ,*, *,* , * , *,3 or fewer,*,*,*,*
"Jeff Davis County, Texas(7)",48243,Rural,* ,*, *,* , * , *,3 or fewer,*,*,*,*
"Jerauld County, South Dakota(2)",46073,Rural,* ,*, *,* , * , *,3 or fewer,*,*,*,*
"Jim Hogg County, Texas(7)",48247,Rural,* ,*, *,* , * , *,3 or fewer,*,*,*,*
"Jones County, South Dakota(2)",46075,Rural,* ,*, *,* , * , *,3 or fewer,*,*,*,*
"Judith Basin County, Montana(2)",30045,Rural,* ,*, *,* , * , *,3 or fewer,*,*,*,*
"Kalawao County, Hawaii(7)",15005,Urban,* ,*, *,* , * , *,3 or fewer,*,*,*,*
"Kenedy County, Texas(7)",48261,Rural,* ,*, *,* , * , *,3 or fewer,*,*,*,*
"Kent County, Texas(7)",48263,Rural,* ,*, *,* , * , *,3 or fewer,*,*,*,*
"Keweenaw County, Michigan(2)",26083,Rural,* ,*, *,* , * , *,3 or fewer,*,*,*,*
"Keya Paha County, Nebraska(2)",31103,Rural,* ,*, *,* , * , *,3 or fewer,*,*,*,*
"Kidder County, North Dakota(2)",38043,Rural,* ,*, *,* , * , *,3 or fewer,*,*,*,*
"Kimball County, Nebraska(2)",31105,Rural,* ,*, *,* , * , *,3 or fewer,*,*,*,*
"Kimble County, Texas(7)",48267,Rural,* ,*, *,* , * , *,3 or fewer,*,*,*,*
"King County, Texas(7)",48269,Rural,* ,*, *,* , * , *,3 or fewer,*,*,*,*
"Kinney County, Texas(7)",48271,Rural,* ,*, *,* , * , *,3 or fewer,*,*,*,*
"Kiowa County, Colorado(2)",8061,Rural,* ,*, *,* , * , *,3 or fewer,*,*,*,*
"Kusilvak Census Area, Alaska(2)",2158,Rural,* ,*, *,* , * , *,3 or fewer,*,*,*,*
"La Salle County, Texas(7)",48283,Rural,* ,*, *,* , * , *,3 or fewer,*,*,*,*
"Lake County, Colorado(2)",8065,Rural,* ,*, *,* , * , *,3 or fewer,*,*,*,*
"Lake and Peninsula Borough, Alaska(2)",2164,Rural,* ,*, *,* , * , *,3 or fewer,*,*,*,*
"Lake of the Woods County, Minnesota(2)",27077,Rural,* ,*, *,* , * , *,3 or fewer,*,*,*,*
"Liberty County, Montana(2)",30051,Rural,* ,*, *,* , * , *,3 or fewer,*,*,*,*
"Lincoln County, Nevada(2)",32017,Rural,* ,*, *,* , * , *,3 or fewer,*,*,*,*
"Lipscomb County, Texas(7)",48295,Rural,* ,*, *,* , * , *,3 or fewer,*,*,*,*
"Logan County, Nebraska(2)",31113,Rural,* ,*, *,* , * , *,3 or fewer,*,*,*,*
"Logan County, North Dakota(2)",38047,Rural,* ,*, *,* , * , *,3 or fewer,*,*,*,*
"Loup County, Nebraska(2)",31115,Rural,* ,*, *,* , * , *,3 or fewer,*,*,*,*
"Loving County, Texas(7)",48301,Rural,* ,*, *,* , * , *,3 or fewer,*,*,*,*
"Lynn County, Texas(7)",48305,Urban,* ,*, *,* , * , *,3 or fewer,*,*,*,*
"Marshall County, South Dakota(2)",46091,Rural,* ,*, *,* , * , *,3 or fewer,*,*,*,*
"Martin County, Texas(7)",48317,Urban,* ,*, *,* , * , *,3 or fewer,*,*,*,*
"Mason County, Texas(7)",48319,Rural,* ,*, *,* , * , *,3 or fewer,*,*,*,*
"McCone County, Montana(2)",30055,Rural,* ,*, *,* , * , *,3 or fewer,*,*,*,*
"McIntosh County, North Dakota(2)",38051,Rural,* ,*, *,* , * , *,3 or fewer,*,*,*,*
"McMullen County, Texas(7)",48311,Rural,* ,*, *,* , * , *,3 or fewer,*,*,*,*
"McPherson County, Nebraska(2)",31117,Rural,* ,*, *,* , * , *,3 or fewer,*,*,*,*
"McPherson County, South Dakota(2)",46089,Rural,* ,*, *,* , * , *,3 or fewer,*,*,*,*
"Meagher County, Montana(2)",30059,Rural,* ,*, *,* , * , *,3 or fewer,*,*,*,*
"Mellette County, South Dakota(2)",46095,Rural,* ,*, *,* , * , *,3 or fewer,*,*,*,*
"Menard County, Texas(7)",48327,Rural,* ,*, *,* , * , *,3 or fewer,*,*,*,*
"Miner County, South Dakota(2)",46097,Rural,* ,*, *,* , * , *,3 or fewer,*,*,*,*
"Mineral County, Colorado(2)",8079,Rural,* ,*, *,* , * , *,3 or fewer,*,*,*,*
"Mono County, California(7)",6051,Rural,* ,*, *,* , * , *,3 or fewer,*,*,*,*
"Mora County, New Mexico(7)",35033,Rural,* ,*, *,* , * , *,3 or fewer,*,*,*,*
"Morgan County, Utah(7)",49029,Urban,* ,*, *,* , * , *,3 or fewer,*,*,*,*
"Morrill County, Nebraska(2)",31123,Rural,* ,*, *,* , * , *,3 or fewer,*,*,*,*
"Motley County, Texas(7)",48345,Rural,* ,*, *,* , * , *,3 or fewer,*,*,*,*
"Niobrara County, Wyoming(2)",56027,Rural,* ,*, *,* , * , *,3 or fewer,*,*,*,*
"Norton City, Virginia(2)",51720,Rural,* ,*, *,* , * , *,3 or fewer,*,*,*,*
"Oldham County, Texas(7)",48359,Urban,* ,*, *,* , * , *,3 or fewer,*,*,*,*
"Oliver County, North Dakota(2)",38065,Urban,* ,*, *,* , * , *,3 or fewer,*,*,*,*
"Oneida County, Idaho(7)",16071,Rural,* ,*, *,* , * , *,3 or fewer,*,*,*,*
"Ouray County, Colorado(2)",8091,Rural,* ,*, *,* , * , *,3 or fewer,*,*,*,*
"Pawnee County, Nebraska(2)",31133,Rural,* ,*, *,* , * , *,3 or fewer,*,*,*,*
"Perkins County, Nebraska(2)",31135,Rural,* ,*, *,* , * , *,3 or fewer,*,*,*,*
"Perkins County, South Dakota(2)",46105,Rural,* ,*, *,* , * , *,3 or fewer,*,*,*,*
"Pershing County, Nevada(2)",32027,Rural,* ,*, *,* , * , *,3 or fewer,*,*,*,*
"Petersburg Census Area, Alaska(2)",2195,Rural,* ,*, *,* , * , *,3 or fewer,*,*,*,*
"Petroleum County, Montana(2)",30069,Rural,* ,*, *,* , * , *,3 or fewer,*,*,*,*
"Phillips County, Colorado(2)",8095,Rural,* ,*, *,* , * , *,3 or fewer,*,*,*,*
"Pierce County, North Dakota(2)",38069,Rural,* ,*, *,* , * , *,3 or fewer,*,*,*,*
"Piute County, Utah(7)",49031,Rural,* ,*, *,* , * , *,3 or fewer,*,*,*,*
"Potter County, South Dakota(2)",46107,Rural,* ,*, *,* , * , *,3 or fewer,*,*,*,*
"Powder River County, Montana(2)",30075,Rural,* ,*, *,* , * , *,3 or fewer,*,*,*,*
"Prairie County, Montana(2)",30079,Rural,* ,*, *,* , * , *,3 or fewer,*,*,*,*
"Presidio County, Texas(7)",48377,Rural,* ,*, *,* , * , *,3 or fewer,*,*,*,*
"Reagan County, Texas(7)",48383,Rural,* ,*, *,* , * , *,3 or fewer,*,*,*,*
"Renville County, North Dakota(2)",38075,Urban,* ,*, *,* , * , *,3 or fewer,*,*,*,*
"Rich County, Utah(7)",49033,Rural,* ,*, *,* , * , *,3 or fewer,*,*,*,*
"Roberts County, Texas(7)",48393,Rural,* ,*, *,* , * , *,3 or fewer,*,*,*,*
"Rock County, Nebraska(2)",31149,Rural,* ,*, *,* , * , *,3 or fewer,*,*,*,*
"Roger Mills County, Oklahoma(2)",40129,Rural,* ,*, *,* , * , *,3 or fewer,*,*,*,*
"San Juan County, Colorado(2)",8111,Rural,* ,*, *,* , * , *,3 or fewer,*,*,*,*
"San Miguel County, Colorado(2)",8113,Rural,* ,*, *,* , * , *,3 or fewer,*,*,*,*
"Sanborn County, South Dakota(2)",46111,Rural,* ,*, *,* , * , *,3 or fewer,*,*,*,*
"Schleicher County, Texas(7)",48413,Rural,* ,*, *,* , * , *,3 or fewer,*,*,*,*
"Sedgwick County, Colorado(2)",8115,Rural,* ,*, *,* , * , *,3 or fewer,*,*,*,*
"Shackelford County, Texas(7)",48417,Rural,* ,*, *,* , * , *,3 or fewer,*,*,*,*
"Sheridan County, North Dakota(2)",38083,Rural,* ,*, *,* , * , *,3 or fewer,*,*,*,*
"Sherman County, Nebraska(2)",31163,Rural,* ,*, *,* , * , *,3 or fewer,*,*,*,*
"Sherman County, Oregon(2)",41055,Rural,* ,*, *,* , * , *,3 or fewer,*,*,*,*
"Sherman County, Texas(7)",48421,Rural,* ,*, *,* , * , *,3 or fewer,*,*,*,*
"Sierra County, California(7)",6091,Rural,* ,*, *,* , * , *,3 or fewer,*,*,*,*
"Sioux County, Nebraska(2)",31165,Rural,* ,*, *,* , * , *,3 or fewer,*,*,*,*
"Sioux County, North Dakota(2)",38085,Rural,* ,*, *,* , * , *,3 or fewer,*,*,*,*
"Skagway Municipality, Alaska(2)",2230,Rural,* ,*, *,* , * , *,3 or fewer,*,*,*,*
"Slope County, North Dakota(2)",38087,Rural,* ,*, *,* , * , *,3 or fewer,*,*,*,*
"Stanley County, South Dakota(2)",46117,Rural,* ,*, *,* , * , *,3 or fewer,*,*,*,*
"Stanton County, Nebraska(2)",31167,Rural,* ,*, *,* , * , *,3 or fewer,*,*,*,*
"Steele County, North Dakota(2)",38091,Rural,* ,*, *,* , * , *,3 or fewer,*,*,*,*
"Sterling County, Texas(7)",48431,Rural,* ,*, *,* , * , *,3 or fewer,*,*,*,*
"Stonewall County, Texas(7)",48433,Rural,* ,*, *,* , * , *,3 or fewer,*,*,*,*
"Sully County, South Dakota(2)",46119,Rural,* ,*, *,* , * , *,3 or fewer,*,*,*,*
"Sutton County, Texas(7)",48435,Rural,* ,*, *,* , * , *,3 or fewer,*,*,*,*
"Sweet Grass County, Montana(2)",30097,Rural,* ,*, *,* , * , *,3 or fewer,*,*,*,*
"Taliaferro County, Georgia(7)",13265,Rural,* ,*, *,* , * , *,3 or fewer,*,*,*,*
"Terrell County, Texas(7)",48443,Rural,* ,*, *,* , * , *,3 or fewer,*,*,*,*
"Teton County, Idaho(7)",16081,Rural,* ,*, *,* , * , *,3 or fewer,*,*,*,*
"Thayer County, Nebraska(2)",31169,Rural,* ,*, *,* , * , *,3 or fewer,*,*,*,*
"Thomas County, Nebraska(2)",31171,Rural,* ,*, *,* , * , *,3 or fewer,*,*,*,*
"Throckmorton County, Texas(7)",48447,Rural,* ,*, *,* , * , *,3 or fewer,*,*,*,*
"Towner County, North Dakota(2)",38095,Rural,* ,*, *,* , * , *,3 or fewer,*,*,*,*
"Treasure County, Montana(2)",30103,Rural,* ,*, *,* , * , *,3 or fewer,*,*,*,*
"Union County, New Mexico(7)",35059,Rural,* ,*, *,* , * , *,3 or fewer,*,*,*,*
"Upton County, Texas(7)",48461,Rural,* ,*, *,* , * , *,3 or fewer,*,*,*,*
"Valley County, Nebraska(2)",31175,Rural,* ,*, *,* , * , *,3 or fewer,*,*,*,*
"Wayne County, Utah(7)",49055,Rural,* ,*, *,* , * , *,3 or fewer,*,*,*,*
"Webster County, Georgia(7)",13307,Rural,* ,*, *,* , * , *,3 or fewer,*,*,*,*
"Webster County, Nebraska(2)",31181,Rural,* ,*, *,* , * , *,3 or fewer,*,*,*,*
"Wells County, North Dakota(2)",38103,Rural,* ,*, *,* , * , *,3 or fewer,*,*,*,*
"Wheatland County, Montana(2)",30107,Rural,* ,*, *,* , * , *,3 or fewer,*,*,*,*
"Wheeler County, Nebraska(2)",31183,Rural,* ,*, *,* , * , *,3 or fewer,*,*,*,*
"Wheeler County, Oregon(2)",41069,Rural,* ,*, *,* , * , *,3 or fewer,*,*,*,*
"Wibaux County, Montana(2)",30109,Rural,* ,*, *,* , * , *,3 or fewer,*,*,*,*
"Worth County, Missouri(2)",29227,Rural,* ,*, *,* , * , *,3 or fewer,*,*,*,*
"Wrangell Borough, Alaska(2)",2275,Rural,* ,*, *,* , * , *,3 or fewer,*,*,*,*
"Yakutat City and Borough, Alaska(2)",2282,Rural,* ,*, *,* , * , *,3 or fewer,*,*,*,*
"Yoakum County, Texas(7)",48501,Rural,* ,*, *,* , * , *,3 or fewer,*,*,*,*
"Yuma County, Colorado(2)",8125,Rural,* ,*, *,* , * , *,3 or fewer,*,*,*,*
"Ziebach County, South Dakota(2)",46137,Rural,* ,*, *,* , * , *,3 or fewer,*,*,*,*
"Allen County, Kansas(2)",20001,Rural,[P1 note],[P1 note],[P1 note],&para; , &para; , &para;,[P1 note],[P1 note],[P1 note],[P1 note],[P1 note]
"Anderson County, Kansas(2)",20003,Rural,[P1 note],[P1 note],[P1 note],&para; , &para; , &para;,[P1 note],[P1 note],[P1 note],[P1 note],[P1 note]
"Atchison County, Kansas(2)",20005,Rural,[P1 note],[P1 note],[P1 note],&para; , &para; , &para;,[P1 note],[P1 note],[P1 note],[P1 note],[P1 note]
"Barber County, Kansas(2)",20007,Rural,[P1 note],[P1 note],[P1 note],&para; , &para; , &para;,[P1 note],[P1 note],[P1 note],[P1 note],[P1 note]
"Barton County, Kansas(2)",20009,Rural,[P1 note],[P1 note],[P1 note],&para; , &para; , &para;,[P1 note],[P1 note],[P1 note],[P1 note],[P1 note]
"Bourbon County, Kansas(2)",20011,Rural,[P1 note],[P1 note],[P1 note],&para; , &para; , &para;,[P1 note],[P1 note],[P1 note],[P1 note],[P1 note]
"Brown County, Kansas(2)",20013,Rural,[P1 note],[P1 note],[P1 note],&para; , &para; , &para;,[P1 note],[P1 note],[P1 note],[P1 note],[P1 note]
"Butler County, Kansas(2)",20015,Urban,[P1 note],[P1 note],[P1 note],&para; , &para; , &para;,[P1 note],[P1 note],[P1 note],[P1 note],[P1 note]
"Chase County, Kansas(2)",20017,Rural,[P1 note],[P1 note],[P1 note],&para; , &para; , &para;,[P1 note],[P1 note],[P1 note],[P1 note],[P1 note]
"Chautauqua County, Kansas(2)",20019,Rural,[P1 note],[P1 note],[P1 note],&para; , &para; , &para;,[P1 note],[P1 note],[P1 note],[P1 note],[P1 note]
"Cherokee County, Kansas(2)",20021,Urban,[P1 note],[P1 note],[P1 note],&para; , &para; , &para;,[P1 note],[P1 note],[P1 note],[P1 note],[P1 note]
"Cheyenne County, Kansas(2)",20023,Rural,[P1 note],[P1 note],[P1 note],&para; , &para; , &para;,[P1 note],[P1 note],[P1 note],[P1 note],[P1 note]
"Clark County, Kansas(2)",20025,Rural,[P1 note],[P1 note],[P1 note],&para; , &para; , &para;,[P1 note],[P1 note],[P1 note],[P1 note],[P1 note]
"Clay County, Kansas(2)",20027,Rural,[P1 note],[P1 note],[P1 note],&para; , &para; , &para;,[P1 note],[P1 note],[P1 note],[P1 note],[P1 note]
"Cloud County, Kansas(2)",20029,Rural,[P1 note],[P1 note],[P1 note],&para; , &para; , &para;,[P1 note],[P1 note],[P1 note],[P1 note],[P1 note]
"Coffey County, Kansas(2)",20031,Rural,[P1 note],[P1 note],[P1 note],&para; , &para; , &para;,[P1 note],[P1 note],[P1 note],[P1 note],[P1 note]
"Comanche County, Kansas(2)",20033,Rural,[P1 note],[P1 note],[P1 note],&para; , &para; , &para;,[P1 note],[P1 note],[P1 note],[P1 note],[P1 note]
"Cowley County, Kansas(2)",20035,Rural,[P1 note],[P1 note],[P1 note],&para; , &para; , &para;,[P1 note],[P1 note],[P1 note],[P1 note],[P1 note]
"Crawford County, Kansas(2)",20037,Rural,[P1 note],[P1 note],[P1 note],&para; , &para; , &para;,[P1 note],[P1 note],[P1 note],[P1 note],[P1 note]
"Decatur County, Kansas(2)",20039,Rural,[P1 note],[P1 note],[P1 note],&para; , &para; , &para;,[P1 note],[P1 note],[P1 note],[P1 note],[P1 note]
"Dickinson County, Kansas(2)",20041,Rural,[P1 note],[P1 note],[P1 note],&para; , &para; , &para;,[P1 note],[P1 note],[P1 note],[P1 note],[P1 note]
"Doniphan County, Kansas(2)",20043,Urban,[P1 note],[P1 note],[P1 note],&para; , &para; , &para;,[P1 note],[P1 note],[P1 note],[P1 note],[P1 note]
"Douglas County, Kansas(2)",20045,Urban,[P1 note],[P1 note],[P1 note],&para; , &para; , &para;,[P1 note],[P1 note],[P1 note],[P1 note],[P1 note]
"Edwards County, Kansas(2)",20047,Rural,[P1 note],[P1 note],[P1 note],&para; , &para; , &para;,[P1 note],[P1 note],[P1 note],[P1 note],[P1 note]
"Elk County, Kansas(2)",20049,Rural,[P1 note],[P1 note],[P1 note],&para; , &para; , &para;,[P1 note],[P1 note],[P1 note],[P1 note],[P1 note]
"Ellis County, Kansas(2)",20051,Rural,[P1 note],[P1 note],[P1 note],&para; , &para; , &para;,[P1 note],[P1 note],[P1 note],[P1 note],[P1 note]
"Ellsworth County, Kansas(2)",20053,Rural,[P1 note],[P1 note],[P1 note],&para; , &para; , &para;,[P1 note],[P1 note],[P1 note],[P1 note],[P1 note]
"Finney County, Kansas(2)",20055,Rural,[P1 note],[P1 note],[P1 note],&para; , &para; , &para;,[P1 note],[P1 note],[P1 note],[P1 note],[P1 note]
"Ford County, Kansas(2)",20057,Rural,[P1 note],[P1 note],[P1 note],&para; , &para; , &para;,[P1 note],[P1 note],[P1 note],[P1 note],[P1 note]
"Franklin County, Kansas(2)",20059,Rural,[P1 note],[P1 note],[P1 note],&para; , &para; , &para;,[P1 note],[P1 note],[P1 note],[P1 note],[P1 note]
"Geary County, Kansas(2)",20061,Urban,[P1 note],[P1 note],[P1 note],&para; , &para; , &para;,[P1 note],[P1 note],[P1 note],[P1 note],[P1 note]
"Gove County, Kansas(2)",20063,Rural,[P1 note],[P1 note],[P1 note],&para; , &para; , &para;,[P1 note],[P1 note],[P1 note],[P1 note],[P1 note]
"Graham County, Kansas(2)",20065,Rural,[P1 note],[P1 note],[P1 note],&para; , &para; , &para;,[P1 note],[P1 note],[P1 note],[P1 note],[P1 note]
"Grant County, Kansas(2)",20067,Rural,[P1 note],[P1 note],[P1 note],&para; , &para; , &para;,[P1 note],[P1 note],[P1 note],[P1 note],[P1 note]
"Gray County, Kansas(2)",20069,Rural,[P1 note],[P1 note],[P1 note],&para; , &para; , &para;,[P1 note],[P1 note],[P1 note],[P1 note],[P1 note]
"Greeley County, Kansas(2)",20071,Rural,[P1 note],[P1 note],[P1 note],&para; , &para; , &para;,[P1 note],[P1 note],[P1 note],[P1 note],[P1 note]
"Greenwood County, Kansas(2)",20073,Rural,[P1 note],[P1 note],[P1 note],&para; , &para; , &para;,[P1 note],[P1 note],[P1 note],[P1 note],[P1 note]
"Hamilton County, Kansas(2)",20075,Rural,[P1 note],[P1 note],[P1 note],&para; , &para; , &para;,[P1 note],[P1 note],[P1 note],[P1 note],[P1 note]
"Harper County, Kansas(2)",20077,Rural,[P1 note],[P1 note],[P1 note],&para; , &para; , &para;,[P1 note],[P1 note],[P1 note],[P1 note],[P1 note]
"Harvey County, Kansas(2)",20079,Urban,[P1 note],[P1 note],[P1 note],&para; , &para; , &para;,[P1 note],[P1 note],[P1 note],[P1 note],[P1 note]
"Haskell County, Kansas(2)",20081,Rural,[P1 note],[P1 note],[P1 note],&para; , &para; , &para;,[P1 note],[P1 note],[P1 note],[P1 note],[P1 note]
"Hodgeman County, Kansas(2)",20083,Rural,[P1 note],[P1 note],[P1 note],&para; , &para; , &para;,[P1 note],[P1 note],[P1 note],[P1 note],[P1 note]
"Jackson County, Kansas(2)",20085,Urban,[P1 note],[P1 note],[P1 note],&para; , &para; , &para;,[P1 note],[P1 note],[P1 note],[P1 note],[P1 note]
"Jefferson County, Kansas(2)",20087,Urban,[P1 note],[P1 note],[P1 note],&para; , &para; , &para;,[P1 note],[P1 note],[P1 note],[P1 note],[P1 note]
"Jewell County, Kansas(2)",20089,Rural,[P1 note],[P1 note],[P1 note],&para; , &para; , &para;,[P1 note],[P1 note],[P1 note],[P1 note],[P1 note]
"Johnson County, Kansas(2)",20091,Urban,[P1 note],[P1 note],[P1 note],&para; , &para; , &para;,[P1 note],[P1 note],[P1 note],[P1 note],[P1 note]
"Kearny County, Kansas(2)",20093,Rural,[P1 note],[P1 note],[P1 note],&para; , &para; , &para;,[P1 note],[P1 note],[P1 note],[P1 note],[P1 note]
"Kingman County, Kansas(2)",20095,Rural,[P1 note],[P1 note],[P1 note],&para; , &para; , &para;,[P1 note],[P1 note],[P1 note],[P1 note],[P1 note]
"Kiowa County, Kansas(2)",20097,Rural,[P1 note],[P1 note],[P1 note],&para; , &para; , &para;,[P1 note],[P1 note],[P1 note],[P1 note],[P1 note]
"Labette County, Kansas(2)",20099,Rural,[P1 note],[P1 note],[P1 note],&para; , &para; , &para;,[P1 note],[P1 note],[P1 note],[P1 note],[P1 note]
"Lane County, Kansas(2)",20101,Rural,[P1 note],[P1 note],[P1 note],&para; , &para; , &para;,[P1 note],[P1 note],[P1 note],[P1 note],[P1 note]
"Leavenworth County, Kansas(2)",20103,Urban,[P1 note],[P1 note],[P1 note],&para; , &para; , &para;,[P1 note],[P1 note],[P1 note],[P1 note],[P1 note]
"Lincoln County, Kansas(2)",20105,Rural,[P1 note],[P1 note],[P1 note],&para; , &para; , &para;,[P1 note],[P1 note],[P1 note],[P1 note],[P1 note]
"Linn County, Kansas(2)",20107,Urban,[P1 note],[P1 note],[P1 note],&para; , &para; , &para;,[P1 note],[P1 note],[P1 note],[P1 note],[P1 note]
"Logan County, Kansas(2)",20109,Rural,[P1 note],[P1 note],[P1 note],&para; , &para; , &para;,[P1 note],[P1 note],[P1 note],[P1 note],[P1 note]
"Lyon County, Kansas(2)",20111,Rural,[P1 note],[P1 note],[P1 note],&para; , &para; , &para;,[P1 note],[P1 note],[P1 note],[P1 note],[P1 note]
"Marion County, Kansas(2)",20115,Rural,[P1 note],[P1 note],[P1 note],&para; , &para; , &para;,[P1 note],[P1 note],[P1 note],[P1 note],[P1 note]
"Marshall County, Kansas(2)",20117,Rural,[P1 note],[P1 note],[P1 note],&para; , &para; , &para;,[P1 note],[P1 note],[P1 note],[P1 note],[P1 note]
"McPherson County, Kansas(2)",20113,Rural,[P1 note],[P1 note],[P1 note],&para; , &para; , &para;,[P1 note],[P1 note],[P1 note],[P1 note],[P1 note]
"Meade County, Kansas(2)",20119,Rural,[P1 note],[P1 note],[P1 note],&para; , &para; , &para;,[P1 note],[P1 note],[P1 note],[P1 note],[P1 note]
"Miami County, Kansas(2)",20121,Urban,[P1 note],[P1 note],[P1 note],&para; , &para; , &para;,[P1 note],[P1 note],[P1 note],[P1 note],[P1 note]
"Mitchell County, Kansas(2)",20123,Rural,[P1 note],[P1 note],[P1 note],&para; , &para; , &para;,[P1 note],[P1 note],[P1 note],[P1 note],[P1 note]
"Montgomery County, Kansas(2)",20125,Rural,[P1 note],[P1 note],[P1 note],&para; , &para; , &para;,[P1 note],[P1 note],[P1 note],[P1 note],[P1 note]
"Morris County, Kansas(2)",20127,Rural,[P1 note],[P1 note],[P1 note],&para; , &para; , &para;,[P1 note],[P1 note],[P1 note],[P1 note],[P1 note]
"Morton County, Kansas(2)",20129,Rural,[P1 note],[P1 note],[P1 note],&para; , &para; , &para;,[P1 note],[P1 note],[P1 note],[P1 note],[P1 note]
"Nemaha County, Kansas(2)",20131,Rural,[P1 note],[P1 note],[P1 note],&para; , &para; , &para;,[P1 note],[P1 note],[P1 note],[P1 note],[P1 note]
"Neosho County, Kansas(2)",20133,Rural,[P1 note],[P1 note],[P1 note],&para; , &para; , &para;,[P1 note],[P1 note],[P1 note],[P1 note],[P1 note]
"Ness County, Kansas(2)",20135,Rural,[P1 note],[P1 note],[P1 note],&para; , &para; , &para;,[P1 note],[P1 note],[P1 note],[P1 note],[P1 note]
"Norton County, Kansas(2)",20137,Rural,[P1 note],[P1 note],[P1 note],&para; , &para; , &para;,[P1 note],[P1 note],[P1 note],[P1 note],[P1 note]
"Osage County, Kansas(2)",20139,Urban,[P1 note],[P1 note],[P1 note],&para; , &para; , &para;,[P1 note],[P1 note],[P1 note],[P1 note],[P1 note]
"Osborne County, Kansas(2)",20141,Rural,[P1 note],[P1 note],[P1 note],&para; , &para; , &para;,[P1 note],[P1 note],[P1 note],[P1 note],[P1 note]
"Ottawa County, Kansas(2)",20143,Rural,[P1 note],[P1 note],[P1 note],&para; , &para; , &para;,[P1 note],[P1 note],[P1 note],[P1 note],[P1 note]
"Pawnee County, Kansas(2)",20145,Rural,[P1 note],[P1 note],[P1 note],&para; , &para; , &para;,[P1 note],[P1 note],[P1 note],[P1 note],[P1 note]
"Phillips County, Kansas(2)",20147,Rural,[P1 note],[P1 note],[P1 note],&para; , &para; , &para;,[P1 note],[P1 note],[P1 note],[P1 note],[P1 note]
"Pottawatomie County, Kansas(2)",20149,Urban,[P1 note],[P1 note],[P1 note],&para; , &para; , &para;,[P1 note],[P1 note],[P1 note],[P1 note],[P1 note]
"Pratt County, Kansas(2)",20151,Rural,[P1 note],[P1 note],[P1 note],&para; , &para; , &para;,[P1 note],[P1 note],[P1 note],[P1 note],[P1 note]
"Rawlins County, Kansas(2)",20153,Rural,[P1 note],[P1 note],[P1 note],&para; , &para; , &para;,[P1 note],[P1 note],[P1 note],[P1 note],[P1 note]
"Reno County, Kansas(2)",20155,Rural,[P1 note],[P1 note],[P1 note],&para; , &para; , &para;,[P1 note],[P1 note],[P1 note],[P1 note],[P1 note]
"Republic County, Kansas(2)",20157,Rural,[P1 note],[P1 note],[P1 note],&para; , &para; , &para;,[P1 note],[P1 note],[P1 note],[P1 note],[P1 note]
"Rice County, Kansas(2)",20159,Rural,[P1 note],[P1 note],[P1 note],&para; , &para; , &para;,[P1 note],[P1 note],[P1 note],[P1 note],[P1 note]
"Riley County, Kansas(2)",20161,Urban,[P1 note],[P1 note],[P1 note],&para; , &para; , &para;,[P1 note],[P1 note],[P1 note],[P1 note],[P1 note]
"Rooks County, Kansas(2)",20163,Rural,[P1 note],[P1 note],[P1 note],&para; , &para; , &para;,[P1 note],[P1 note],[P1 note],[P1 note],[P1 note]
"Rush County, Kansas(2)",20165,Rural,[P1 note],[P1 note],[P1 note],&para; , &para; , &para;,[P1 note],[P1 note],[P1 note],[P1 note],[P1 note]
"Russell County, Kansas(2)",20167,Rural,[P1 note],[P1 note],[P1 note],&para; , &para; , &para;,[P1 note],[P1 note],[P1 note],[P1 note],[P1 note]
"Saline County, Kansas(2)",20169,Rural,[P1 note],[P1 note],[P1 note],&para; , &para; , &para;,[P1 note],[P1 note],[P1 note],[P1 note],[P1 note]
"Scott County, Kansas(2)",20171,Rural,[P1 note],[P1 note],[P1 note],&para; , &para; , &para;,[P1 note],[P1 note],[P1 note],[P1 note],[P1 note]
"Sedgwick County, Kansas(2)",20173,Urban,[P1 note],[P1 note],[P1 note],&para; , &para; , &para;,[P1 note],[P1 note],[P1 note],[P1 note],[P1 note]
"Seward County, Kansas(2)",20175,Rural,[P1 note],[P1 note],[P1 note],&para; , &para; , &para;,[P1 note],[P1 note],[P1 note],[P1 note],[P1 note]
"Shawnee County, Kansas(2)",20177,Urban,[P1 note],[P1 note],[P1 note],&para; , &para; , &para;,[P1 note],[P1 note],[P1 note],[P1 note],[P1 note]
"Sheridan County, Kansas(2)",20179,Rural,[P1 note],[P1 note],[P1 note],&para; , &para; , &para;,[P1 note],[P1 note],[P1 note],[P1 note],[P1 note]
"Sherman County, Kansas(2)",20181,Rural,[P1 note],[P1 note],[P1 note],&para; , &para; , &para;,[P1 note],[P1 note],[P1 note],[P1 note],[P1 note]
"Smith County, Kansas(2)",20183,Rural,[P1 note],[P1 note],[P1 note],&para; , &para; , &para;,[P1 note],[P1 note],[P1 note],[P1 note],[P1 note]
"Stafford County, Kansas(2)",20185,Rural,[P1 note],[P1 note],[P1 note],&para; , &para; , &para;,[P1 note],[P1 note],[P1 note],[P1 note],[P1 note]
"Stanton County, Kansas(2)",20187,Rural,[P1 note],[P1 note],[P1 note],&para; , &para; , &para;,[P1 note],[P1 note],[P1 note],[P1 note],[P1 note]
"Stevens County, Kansas(2)",20189,Rural,[P1 note],[P1 note],[P1 note],&para; , &para; , &para;,[P1 note],[P1 note],[P1 note],[P1 note],[P1 note]
"Sumner County, Kansas(2)",20191,Urban,[P1 note],[P1 note],[P1 note],&para; , &para; , &para;,[P1 note],[P1 note],[P1 note],[P1 note],[P1 note]
"Thomas County, Kansas(2)",20193,Rural,[P1 note],[P1 note],[P1 note],&para; , &para; , &para;,[P1 note],[P1 note],[P1 note],[P1 note],[P1 note]
"Trego County, Kansas(2)",20195,Rural,[P1 note],[P1 note],[P1 note],&para; , &para; , &para;,[P1 note],[P1 note],[P1 note],[P1 note],[P1 note]
"Wabaunsee County, Kansas(2)",20197,Urban,[P1 note],[P1 note],[P1 note],&para; , &para; , &para;,[P1 note],[P1 note],[P1 note],[P1 note],[P1 note]
"Wallace County, Kansas(2)",20199,Rural,[P1 note],[P1 note],[P1 note],&para; , &para; , &para;,[P1 note],[P1 note],[P1 note],[P1 note],[P1 note]
"Washington County, Kansas(2)",20201,Rural,[P1 note],[P1 note],[P1 note],&para; , &para; , &para;,[P1 note],[P1 note],[P1 note],[P1 note],[P1 note]
"Wichita County, Kansas(2)",20203,Rural,[P1 note],[P1 note],[P1 note],&para; , &para; , &para;,[P1 note],[P1 note],[P1 note],[P1 note],[P1 note]
"Wilson County, Kansas(2)",20205,Rural,[P1 note],[P1 note],[P1 note],&para; , &para; , &para;,[P1 note],[P1 note],[P1 note],[P1 note],[P1 note]
"Woodson County, Kansas(2)",20207,Rural,[P1 note],[P1 note],[P1 note],&para; , &para; , &para;,[P1 note],[P1 note],[P1 note],[P1 note],[P1 note]
"Wyandotte County, Kansas(2)",20209,Urban,[P1 note],[P1 note],[P1 note],&para; , &para; , &para;,[P1 note],[P1 note],[P1 note],[P1 note],[P1 note]
,,,,,,,,,,,,,
,,,,,,,,,,,,,
Notes:,,,,,,,,,,,,,
,,,,,,,,,,,,,
Created by statecancerprofiles.cancer.gov on 09/06/2026 3:35 pm.,,,,,,,,,,,,,
,,,,,,,,,,,,,
State Cancer Registries [ https://www.cdc.gov/national-program-cancer-registries/contact/index.html ] may provide more current or more local data.,,,,,,,,,,,,,
,,,,,,,,,,,,,
"Trend
   Rising when 95% confidence interval of average annual percent change is above 0.
   Stable when 95% confidence interval of average annual percent change includes 0.
   Falling when 95% confidence interval of average annual percent change is below 0.",,,,,,,,,,,,,
,,,,,,,,,,,,,
"[rate note] Incidence rates (cases per 100,000 population per year) are age-adjusted to the 2000 US standard population [ http://www.seer.cancer.gov/stdpopulations/ ] (SEER areas use 20 age groups and NPCR areas use 19 age groups). Rates are for invasive cancer only (except for bladder cancer which is invasive and in situ) or unless otherwise specified. Rates calculated using SEER*Stat [ https://seer.cancer.gov/seerstat/ ]. Population counts for denominators are based on Census populations as modified [https://seer.cancer.gov/popdata/] by NCI. The US Population Data File [https://seer.cancer.gov/popdata/] is used for SEER and NPCR incidence rates.",,,,,,,,,,,,,
,,,,,,,,,,,,,
"[recent trend note] Incidence data come from different sources. The Average Annual Percent Change (AAPC) is based on the APCs calculated by Joinpoint [ https://surveillance.cancer.gov/joinpoint/ ]. Due to data availability issues, the time period used in the calculation of the joinpoint regression model may differ [ https://statecancerprofiles.cancer.gov/historicaltrend/differences.html ] for selected counties.",,,,,,,,,,,,,
,,,,,,,,,,,,,
Rates and trends are computed using different standards for malignancy. For more information see malignant.html.,,,,,,,,,,,,,
,,,,,,,,,,,,,
"[stage note] All Stages refers to any stage. Due to changes in stage coding, Combined Summary Stage with Expanded Regional Codes (2004+) is used for data from Surveillance, Epidemiology, and End Results (SEER) databases and Merged Summary Stage is used for data from National Program of Cancer Registries [ https://www.cdc.gov/cancer/npcr/index.htm ] databases. Due to the increased complexity with staging, other staging variables maybe used if necessary.",,,,,,,,,,,,,
,,,,,,,,,,,,,
"[rank note] Results presented with the CI*Rank statistics help show the usefulness of ranks. For example, ranks for relatively rare diseases or less populated areas may be essentially meaningless because of their large variability, but ranks for more common diseases in densely populated regions can be very useful. The rates used in CI*Rank are all age-adjusted to the 2000 US standard population using 19 age groups for SEER and NPCR areas. More information about methodology can be found on the CI*Rank website [ https://surveillance.cancer.gov/cirank/ ].",,,,,,,,,,,,,
,,,,,,,,,,,,,
"[rural urban note] Rural–urban county classifications are based on the 2023 USDA Rural–Urban Continuum Codes [ https://www.ers.usda.gov/data-products/rural-urban-continuum-codes/ ] (except for Connecticut Counties which use 2013 codes). State-level cancer rates for rural areas are calculated using cancer cases registered exclusively in rural counties, while state-level cancer rates for urban areas are calculated using cases registered exclusively in urban counties.",,,,,,,,,,,,,
,,,,,,,,,,,,,
"Note: This website still uses Connecticut counties instead of planning regions for consistency of geographies across data topics. If/when all data sources have new planning regions, then this website will switch to using them.",,,,,,,,,,,,,
,,,,,,,,,,,,,
"(1) Source: National Program of Cancer Registries [ https://www.cdc.gov/cancer/npcr/index.htm ] and Surveillance, Epidemiology, and End Results [ http://seer.cancer.gov ] SEER*Stat Database - United States Department of Health and Human Services, Centers for Disease Control and Prevention and National Cancer Institute. Based on the 2024 submission.",,,,,,,,,,,,,
,,,,,,,,,,,,,
"(2) Source: National Program of Cancer Registries SEER*Stat Database - United States Department of Health and Human Services, Centers for Disease Control and Prevention (based on the 2024 submission).  [ https://www.cdc.gov/cancer/npcr/index.htm ]",,,,,,,,,,,,,
,,,,,,,,,,,,,
(7) Source: SEER [ http://seer.cancer.gov ] November 2024 submission.,,,,,,,,,,,,,
,,,,,,,,,,,,,
* Data has been suppressed to ensure confidentiality and stability of rate estimates.  Counts are suppressed if fewer than 16 records were reported in a specific area-sex-race category.,,,,,,,,,,,,,
,,,,,,,,,,,,,
[P1 note] Data not available because of state legislation and regulations which prohibit the release of county level data to outside entities.,,,,,,,,,,,,,
,,,,,,,,,,,,,
Data for United States does not include Puerto Rico.,,,,,,,,,,,,,