"StateFIPS","State","CountyFIPS","County","Start Year","End Year","Value","Data Comment",
"01","Alabama","01001","Autauga","2005","2014","1.7","",
"01","Alabama","01001","Autauga","2006","2015","1.5","",
"01","Alabama","01001","Autauga","2007","2016","1.6","",
"01","Alabama","01001","Autauga","2008","2017","1.6","",
"01","Alabama","01003","Baldwin","2005","2014","1.1","",
"01","Alabama","01003","Baldwin","2006","2015","1.1","",
"01","Alabama","01003","Baldwin","2007","2016","1.1","",
"01","Alabama","01003","Baldwin","2008","2017","1.1","",
"01","Alabama","01005","Barbour","2005","2014","No Events","",
"01","Alabama","01005","Barbour","2006","2015","No Events","",
"01","Alabama","01005","Barbour","2007","2016","No Events","",
"01","Alabama","01005","Barbour","2008","2017","0.6","< 10 Tests",
"01","Alabama","01007","Bibb","2005","2014","4.0","< 10 Tests",
"01","Alabama","01007","Bibb","2006","2015","4.0","< 10 Tests",
"01","Alabama","01007","Bibb","2007","2016","3.4","< 10 Tests",
"01","Alabama","01007","Bibb","2008","2017","3.4","< 10 Tests",
"01","Alabama","01009","Blount","2005","2014","2.6","",
"01","Alabama","01009","Blount","2006","2015","2.6","",
"01","Alabama","01009","Blount","2007","2016","2.4","",
"01","Alabama","01009","Blount","2008","2017","2.8","",
"01","Alabama","01011","Bullock","2005","2014","No Events","",
"01","Alabama","01011","Bullock","2006","2015","No Events","",
"01","Alabama","01011","Bullock","2007","2016","No Events","",
"01","Alabama","01011","Bullock","2008","2017","No Events","",
"01","Alabama","01013","Butler","2005","2014","0.9","< 10 Tests",
"01","Alabama","01013","Butler","2006","2015","0.9","< 10 Tests",
"01","Alabama","01013","Butler","2007","2016","0.9","< 10 Tests",
"01","Alabama","01013","Butler","2008","2017","0.9","< 10 Tests",
"01","Alabama","01015","Calhoun","2005","2014","2.9","",
"01","Alabama","01015","Calhoun","2006","2015","2.9","",
"01","Alabama","01015","Calhoun","2007","2016","2.9","",
"01","Alabama","01015","Calhoun","2008","2017","2.8","",
"01","Alabama","01017","Chambers","2005","2014","0.8","< 10 Tests",
"01","Alabama","01017","Chambers","2006","2015","0.8","< 10 Tests",
"01","Alabama","01017","Chambers","2007","2016","0.8","< 10 Tests",
"01","Alabama","01017","Chambers","2008","2017","0.6","< 10 Tests",
"01","Alabama","01019","Cherokee","2005","2014","1.6","",
"01","Alabama","01019","Cherokee","2006","2015","1.6","",
"01","Alabama","01019","Cherokee","2007","2016","1.6","",
"01","Alabama","01019","Cherokee","2008","2017","1.6","< 10 Tests",
"01","Alabama","01021","Chilton","2005","2014","1.0","",
"01","Alabama","01021","Chilton","2006","2015","2.6","",
"01","Alabama","01021","Chilton","2007","2016","2.5","",
"01","Alabama","01021","Chilton","2008","2017","2.7","",
"01","Alabama","01023","Choctaw","2005","2014","No Events","",
"01","Alabama","01023","Choctaw","2006","2015","No Events","",
"01","Alabama","01023","Choctaw","2007","2016","0.8","< 10 Tests",
"01","Alabama","01023","Choctaw","2008","2017","0.8","< 10 Tests",
"01","Alabama","01025","Clarke","2005","2014","No Events","",
"01","Alabama","01025","Clarke","2006","2015","No Events","",
"01","Alabama","01025","Clarke","2007","2016","No Events","",
"01","Alabama","01025","Clarke","2008","2017","0.4","< 10 Tests",
"01","Alabama","01027","Clay","2005","2014","2.6","",
"01","Alabama","01027","Clay","2006","2015","2.9","",
"01","Alabama","01027","Clay","2007","2016","2.7","",
"01","Alabama","01027","Clay","2008","2017","2.9","",
"01","Alabama","01029","Cleburne","2005","2014","2.5","",
"01","Alabama","01029","Cleburne","2006","2015","2.5","",
"01","Alabama","01029","Cleburne","2007","2016","2.5","",
"01","Alabama","01029","Cleburne","2008","2017","2.6","",
"01","Alabama","01031","Coffee","2005","2014","2.5","< 10 Tests",
"01","Alabama","01031","Coffee","2006","2015","2.0","< 10 Tests",
"01","Alabama","01031","Coffee","2007","2016","2.1","< 10 Tests",
"01","Alabama","01031","Coffee","2008","2017","2.5","< 10 Tests",
"01","Alabama","01033","Colbert","2005","2014","5.4","",
"01","Alabama","01033","Colbert","2006","2015","5.4","",
"01","Alabama","01033","Colbert","2007","2016","5.3","",
"01","Alabama","01033","Colbert","2008","2017","5.3","",
"01","Alabama","01035","Conecuh","2005","2014","0.6","< 10 Tests",
"01","Alabama","01035","Conecuh","2006","2015","0.6","< 10 Tests",
"01","Alabama","01035","Conecuh","2007","2016","0.6","< 10 Tests",
"01","Alabama","01035","Conecuh","2008","2017","0.6","< 10 Tests",
"01","Alabama","01037","Coosa","2005","2014","2.2","",
"01","Alabama","01037","Coosa","2006","2015","1.5","",
"01","Alabama","01037","Coosa","2007","2016","1.5","",
"01","Alabama","01037","Coosa","2008","2017","1.6","< 10 Tests",
"01","Alabama","01039","Covington","2005","2014","0.6","< 10 Tests",
"01","Alabama","01039","Covington","2006","2015","0.6","< 10 Tests",
"01","Alabama","01039","Covington","2007","2016","0.6","< 10 Tests",
"01","Alabama","01039","Covington","2008","2017","0.6","< 10 Tests",
"01","Alabama","01041","Crenshaw","2005","2014","1.1","< 10 Tests",
"01","Alabama","01041","Crenshaw","2006","2015","1.1","< 10 Tests",
"01","Alabama","01041","Crenshaw","2007","2016","1.1","< 10 Tests",
"01","Alabama","01041","Crenshaw","2008","2017","1.1","< 10 Tests",
"01","Alabama","01043","Cullman","2005","2014","1.5","",
"01","Alabama","01043","Cullman","2006","2015","1.6","",
"01","Alabama","01043","Cullman","2007","2016","1.7","",
"01","Alabama","01043","Cullman","2008","2017","2.0","",
"01","Alabama","01045","Dale","2005","2014","1.1","< 10 Tests",
"01","Alabama","01045","Dale","2006","2015","1.1","< 10 Tests",
"01","Alabama","01045","Dale","2007","2016","2.1","< 10 Tests",
"01","Alabama","01045","Dale","2008","2017","2.1","< 10 Tests",
"01","Alabama","01047","Dallas","2005","2014","0.5","",
"01","Alabama","01047","Dallas","2006","2015","0.5","",
"01","Alabama","01047","Dallas","2007","2016","0.5","",
"01","Alabama","01047","Dallas","2008","2017","1.0","< 10 Tests",
"01","Alabama","01049","DeKalb","2005","2014","1.4","",
"01","Alabama","01049","DeKalb","2006","2015","2.0","",
"01","Alabama","01049","DeKalb","2007","2016","2.4","",
"01","Alabama","01049","DeKalb","2008","2017","3.1","",
"01","Alabama","01051","Elmore","2005","2014","1.7","",
"01","Alabama","01051","Elmore","2006","2015","1.9","",
"01","Alabama","01051","Elmore","2007","2016","2.4","",
"01","Alabama","01051","Elmore","2008","2017","2.4","",
"01","Alabama","01053","Escambia","2005","2014","No Events","",
"01","Alabama","01053","Escambia","2006","2015","No Events","",
"01","Alabama","01053","Escambia","2007","2016","0.4","< 10 Tests",
"01","Alabama","01053","Escambia","2008","2017","1.2","< 10 Tests",
"01","Alabama","01055","Etowah","2005","2014","2.9","",
"01","Alabama","01055","Etowah","2006","2015","2.7","",
"01","Alabama","01055","Etowah","2007","2016","2.9","",
"01","Alabama","01055","Etowah","2008","2017","2.9","",
"01","Alabama","01057","Fayette","2005","2014","1.1","< 10 Tests",
"01","Alabama","01057","Fayette","2006","2015","1.1","< 10 Tests",
"01","Alabama","01057","Fayette","2007","2016","1.1","< 10 Tests",
"01","Alabama","01057","Fayette","2008","2017","1.1","< 10 Tests",
"01","Alabama","01059","Franklin","2005","2014","2.7","",
"01","Alabama","01059","Franklin","2006","2015","2.8","",
"01","Alabama","01059","Franklin","2007","2016","2.8","",
"01","Alabama","01059","Franklin","2008","2017","2.7","",
"01","Alabama","01061","Geneva","2005","2014","1.8","< 10 Tests",
"01","Alabama","01061","Geneva","2006","2015","1.6","< 10 Tests",
"01","Alabama","01061","Geneva","2007","2016","1.6","< 10 Tests",
"01","Alabama","01061","Geneva","2008","2017","1.6","< 10 Tests",
"01","Alabama","01063","Greene","2005","2014","3.3","< 10 Tests",
"01","Alabama","01063","Greene","2006","2015","3.3","< 10 Tests",
"01","Alabama","01063","Greene","2007","2016","1.8","< 10 Tests",
"01","Alabama","01063","Greene","2008","2017","0.2","< 10 Tests",
"01","Alabama","01065","Hale","2005","2014","3.3","",
"01","Alabama","01065","Hale","2006","2015","3.3","",
"01","Alabama","01065","Hale","2007","2016","3.3","",
"01","Alabama","01065","Hale","2008","2017","3.3","",
"01","Alabama","01067","Henry","2005","2014","2.1","< 10 Tests",
"01","Alabama","01067","Henry","2006","2015","2.1","< 10 Tests",
"01","Alabama","01067","Henry","2007","2016","2.1","< 10 Tests",
"01","Alabama","01067","Henry","2008","2017","2.1","< 10 Tests",
"01","Alabama","01069","Houston","2005","2014","6.7","< 10 Tests",
"01","Alabama","01069","Houston","2006","2015","9.9","< 10 Tests",
"01","Alabama","01069","Houston","2007","2016","6.4","",
"01","Alabama","01069","Houston","2008","2017","5.0","",
"01","Alabama","01071","Jackson","2005","2014","2.8","",
"01","Alabama","01071","Jackson","2006","2015","2.6","",
"01","Alabama","01071","Jackson","2007","2016","2.6","",
"01","Alabama","01071","Jackson","2008","2017","2.6","",
"01","Alabama","01073","Jefferson","2005","2014","2.0","",
"01","Alabama","01073","Jefferson","2006","2015","2.0","",
"01","Alabama","01073","Jefferson","2007","2016","1.9","",
"01","Alabama","01073","Jefferson","2008","2017","1.9","",
"01","Alabama","01075","Lamar","2005","2014","7.2","< 10 Tests",
"01","Alabama","01075","Lamar","2006","2015","7.2","< 10 Tests",
"01","Alabama","01075","Lamar","2007","2016","7.2","< 10 Tests",
"01","Alabama","01075","Lamar","2008","2017","7.2","< 10 Tests",
"01","Alabama","01077","Lauderdale","2005","2014","3.5","",
"01","Alabama","01077","Lauderdale","2006","2015","3.5","",
"01","Alabama","01077","Lauderdale","2007","2016","3.5","",
"01","Alabama","01077","Lauderdale","2008","2017","3.5","",
"01","Alabama","01079","Lawrence","2005","2014","3.4","",
"01","Alabama","01079","Lawrence","2006","2015","3.5","",
"01","Alabama","01079","Lawrence","2007","2016","3.6","",
"01","Alabama","01079","Lawrence","2008","2017","3.7","",
"01","Alabama","01081","Lee","2005","2014","1.9","",
"01","Alabama","01081","Lee","2006","2015","2.0","",
"01","Alabama","01081","Lee","2007","2016","2.1","",
"01","Alabama","01081","Lee","2008","2017","2.0","",
"01","Alabama","01083","Limestone","2005","2014","2.4","",
"01","Alabama","01083","Limestone","2006","2015","2.4","",
"01","Alabama","01083","Limestone","2007","2016","2.4","",
"01","Alabama","01083","Limestone","2008","2017","2.3","",
"01","Alabama","01085","Lowndes","2005","2014","0.9","< 10 Tests",
"01","Alabama","01085","Lowndes","2006","2015","0.9","< 10 Tests",
"01","Alabama","01085","Lowndes","2007","2016","0.9","< 10 Tests",
"01","Alabama","01085","Lowndes","2008","2017","0.9","< 10 Tests",
"01","Alabama","01087","Macon","2005","2014","6.5","< 10 Tests",
"01","Alabama","01087","Macon","2006","2015","6.5","< 10 Tests",
"01","Alabama","01087","Macon","2007","2016","6.5","< 10 Tests",
"01","Alabama","01087","Macon","2008","2017","1.8","< 10 Tests",
"01","Alabama","01089","Madison","2005","2014","4.0","",
"01","Alabama","01089","Madison","2006","2015","4.0","",
"01","Alabama","01089","Madison","2007","2016","4.0","",
"01","Alabama","01089","Madison","2008","2017","4.0","",
"01","Alabama","01091","Marengo","2005","2014","9.3","< 10 Tests",
"01","Alabama","01091","Marengo","2006","2015","9.3","< 10 Tests",
"01","Alabama","01091","Marengo","2007","2016","9.3","< 10 Tests",
"01","Alabama","01091","Marengo","2008","2017","9.3","< 10 Tests",
"01","Alabama","01093","Marion","2005","2014","1.7","",
"01","Alabama","01093","Marion","2006","2015","1.7","",
"01","Alabama","01093","Marion","2007","2016","1.7","",
"01","Alabama","01093","Marion","2008","2017","1.7","",
"01","Alabama","01095","Marshall","2005","2014","2.2","",
"01","Alabama","01095","Marshall","2006","2015","2.2","",
"01","Alabama","01095","Marshall","2007","2016","2.3","",
"01","Alabama","01095","Marshall","2008","2017","2.3","",
"01","Alabama","01097","Mobile","2005","2014","1.2","",
"01","Alabama","01097","Mobile","2006","2015","1.4","",
"01","Alabama","01097","Mobile","2007","2016","1.4","",
"01","Alabama","01097","Mobile","2008","2017","1.4","",
"01","Alabama","01099","Monroe","2005","2014","0.2","< 10 Tests",
"01","Alabama","01099","Monroe","2006","2015","0.2","< 10 Tests",
"01","Alabama","01099","Monroe","2007","2016","0.2","< 10 Tests",
"01","Alabama","01099","Monroe","2008","2017","0.2","< 10 Tests",
"01","Alabama","01101","Montgomery","2005","2014","1.5","",
"01","Alabama","01101","Montgomery","2006","2015","1.5","",
"01","Alabama","01101","Montgomery","2007","2016","1.5","",
"01","Alabama","01101","Montgomery","2008","2017","1.5","",
"01","Alabama","01103","Morgan","2005","2014","3.1","",
"01","Alabama","01103","Morgan","2006","2015","3.1","",
"01","Alabama","01103","Morgan","2007","2016","3.2","",
"01","Alabama","01103","Morgan","2008","2017","2.9","",
"01","Alabama","01105","Perry","2005","2014","3.2","< 10 Tests",
"01","Alabama","01105","Perry","2006","2015","3.2","< 10 Tests",
"01","Alabama","01105","Perry","2007","2016","3.2","< 10 Tests",
"01","Alabama","01105","Perry","2008","2017","3.2","< 10 Tests",
"01","Alabama","01107","Pickens","2005","2014","0.8","< 10 Tests",
"01","Alabama","01107","Pickens","2006","2015","0.8","< 10 Tests",
"01","Alabama","01107","Pickens","2007","2016","0.8","< 10 Tests",
"01","Alabama","01107","Pickens","2008","2017","0.9","< 10 Tests",
"01","Alabama","01109","Pike","2005","2014","2.3","",
"01","Alabama","01109","Pike","2006","2015","2.4","",
"01","Alabama","01109","Pike","2007","2016","2.6","",
"01","Alabama","01109","Pike","2008","2017","3.3","< 10 Tests",
"01","Alabama","01111","Randolph","2005","2014","5.6","",
"01","Alabama","01111","Randolph","2006","2015","5.9","",
"01","Alabama","01111","Randolph","2007","2016","6.0","",
"01","Alabama","01111","Randolph","2008","2017","4.5","",
"01","Alabama","01113","Russell","2005","2014","0.9","< 10 Tests",
"01","Alabama","01113","Russell","2006","2015","1.0","< 10 Tests",
"01","Alabama","01113","Russell","2007","2016","1.0","< 10 Tests",
"01","Alabama","01113","Russell","2008","2017","1.0","< 10 Tests",
"01","Alabama","01117","Shelby","2005","2014","1.9","",
"01","Alabama","01117","Shelby","2006","2015","1.8","",
"01","Alabama","01117","Shelby","2007","2016","1.8","",
"01","Alabama","01117","Shelby","2008","2017","1.9","",
"01","Alabama","01115","St. Clair","2005","2014","2.2","",
"01","Alabama","01115","St. Clair","2006","2015","2.2","",
"01","Alabama","01115","St. Clair","2007","2016","2.1","",
"01","Alabama","01115","St. Clair","2008","2017","2.1","",
"01","Alabama","01119","Sumter","2005","2014","2.3","< 10 Tests",
"01","Alabama","01119","Sumter","2006","2015","2.3","< 10 Tests",
"01","Alabama","01119","Sumter","2007","2016","2.3","< 10 Tests",
"01","Alabama","01119","Sumter","2008","2017","2.3","< 10 Tests",
"01","Alabama","01121","Talladega","2005","2014","2.6","",
"01","Alabama","01121","Talladega","2006","2015","2.4","",
"01","Alabama","01121","Talladega","2007","2016","2.5","",
"01","Alabama","01121","Talladega","2008","2017","2.5","",
"01","Alabama","01123","Tallapoosa","2005","2014","2.8","",
"01","Alabama","01123","Tallapoosa","2006","2015","2.3","",
"01","Alabama","01123","Tallapoosa","2007","2016","1.6","",
"01","Alabama","01123","Tallapoosa","2008","2017","1.6","",
"01","Alabama","01125","Tuscaloosa","2005","2014","2.1","",
"01","Alabama","01125","Tuscaloosa","2006","2015","2.7","",
"01","Alabama","01125","Tuscaloosa","2007","2016","2.6","",
"01","Alabama","01125","Tuscaloosa","2008","2017","2.4","",
"01","Alabama","01127","Walker","2005","2014","2.2","",
"01","Alabama","01127","Walker","2006","2015","2.4","",
"01","Alabama","01127","Walker","2007","2016","2.2","",
"01","Alabama","01127","Walker","2008","2017","2.3","",
"01","Alabama","01129","Washington","2005","2014","1.5","< 10 Tests",
"01","Alabama","01129","Washington","2006","2015","1.5","< 10 Tests",
"01","Alabama","01129","Washington","2007","2016","1.1","< 10 Tests",
"01","Alabama","01129","Washington","2008","2017","1.2","< 10 Tests",
"01","Alabama","01131","Wilcox","2005","2014","No Events","",
"01","Alabama","01131","Wilcox","2006","2015","No Events","",
"01","Alabama","01131","Wilcox","2007","2016","No Events","",
"01","Alabama","01131","Wilcox","2008","2017","No Events","",
"01","Alabama","01133","Winston","2005","2014","1.5","",
"01","Alabama","01133","Winston","2006","2015","1.6","",
"01","Alabama","01133","Winston","2007","2016","2.1","",
"01","Alabama","01133","Winston","2008","2017","2.0","< 10 Tests",
"02","Alaska","02013","Aleutians East","2005","2014","No Events","",
"02","Alaska","02013","Aleutians East","2006","2015","No Events","",
"02","Alaska","02013","Aleutians East","2007","2016","No Events","",
"02","Alaska","02013","Aleutians East","2008","2017","No Events","",
"02","Alaska","02016","Aleutians West","2005","2014","No Events","",
"02","Alaska","02016","Aleutians West","2006","2015","No Events","",
"02","Alaska","02016","Aleutians West","2007","2016","No Events","",
"02","Alaska","02016","Aleutians West","2008","2017","No Events","",
"02","Alaska","02020","Anchorage","2005","2014","1.9","",
"02","Alaska","02020","Anchorage","2006","2015","1.8","",
"02","Alaska","02020","Anchorage","2007","2016","1.6","",
"02","Alaska","02020","Anchorage","2008","2017","1.6","",
"02","Alaska","02050","Bethel","2005","2014","No Events","",
"02","Alaska","02050","Bethel","2006","2015","No Events","",
"02","Alaska","02050","Bethel","2007","2016","No Events","",
"02","Alaska","02050","Bethel","2008","2017","No Events","",
"02","Alaska","02060","Bristol Bay","2005","2014","No Events","",
"02","Alaska","02060","Bristol Bay","2006","2015","No Events","",
"02","Alaska","02060","Bristol Bay","2007","2016","No Events","",
"02","Alaska","02060","Bristol Bay","2008","2017","No Events","",
"02","Alaska","02068","Denali","2005","2014","1.5","< 10 Tests",
"02","Alaska","02068","Denali","2006","2015","1.5","< 10 Tests",
"02","Alaska","02068","Denali","2007","2016","No Events","",
"02","Alaska","02068","Denali","2008","2017","No Events","",
"02","Alaska","02070","Dillingham","2005","2014","No Events","",
"02","Alaska","02070","Dillingham","2006","2015","No Events","",
"02","Alaska","02070","Dillingham","2007","2016","No Events","",
"02","Alaska","02070","Dillingham","2008","2017","No Events","",
"02","Alaska","02090","Fairbanks North Star","2005","2014","8.5","",
"02","Alaska","02090","Fairbanks North Star","2006","2015","8.6","",
"02","Alaska","02090","Fairbanks North Star","2007","2016","8.0","",
"02","Alaska","02090","Fairbanks North Star","2008","2017","7.8","",
"02","Alaska","02100","Haines","2005","2014","No Events","",
"02","Alaska","02100","Haines","2006","2015","No Events","",
"02","Alaska","02100","Haines","2007","2016","No Events","",
"02","Alaska","02100","Haines","2008","2017","No Events","",
"02","Alaska","02105","HOONAH-ANGOON CENSUS AREA","2005","2014","No Events","",
"02","Alaska","02105","HOONAH-ANGOON CENSUS AREA","2006","2015","No Events","",
"02","Alaska","02105","HOONAH-ANGOON CENSUS AREA","2007","2016","No Events","",
"02","Alaska","02105","HOONAH-ANGOON CENSUS AREA","2008","2017","No Events","",
"02","Alaska","02110","Juneau","2005","2014","1.6","< 10 Tests",
"02","Alaska","02110","Juneau","2006","2015","1.6","< 10 Tests",
"02","Alaska","02110","Juneau","2007","2016","0.8","< 10 Tests",
"02","Alaska","02110","Juneau","2008","2017","0.5","< 10 Tests",
"02","Alaska","02122","Kenai Peninsula","2005","2014","9.6","",
"02","Alaska","02122","Kenai Peninsula","2006","2015","10.1","",
"02","Alaska","02122","Kenai Peninsula","2007","2016","10.0","",
"02","Alaska","02122","Kenai Peninsula","2008","2017","10.3","",
"02","Alaska","02130","Ketchikan Gateway","2005","2014","1.6","< 10 Tests",
"02","Alaska","02130","Ketchikan Gateway","2006","2015","1.6","< 10 Tests",
"02","Alaska","02130","Ketchikan Gateway","2007","2016","1.6","< 10 Tests",
"02","Alaska","02130","Ketchikan Gateway","2008","2017","No Events","",
"02","Alaska","02150","Kodiak Island","2005","2014","2.9","< 10 Tests",
"02","Alaska","02150","Kodiak Island","2006","2015","2.8","< 10 Tests",
"02","Alaska","02150","Kodiak Island","2007","2016","2.8","< 10 Tests",
"02","Alaska","02150","Kodiak Island","2008","2017","2.8","< 10 Tests",
"02","Alaska","02164","Lake and Peninsula","2005","2014","No Events","",
"02","Alaska","02164","Lake and Peninsula","2006","2015","No Events","",
"02","Alaska","02164","Lake and Peninsula","2007","2016","No Events","",
"02","Alaska","02164","Lake and Peninsula","2008","2017","No Events","",
"02","Alaska","02170","Matanuska-Susitna","2005","2014","3.2","",
"02","Alaska","02170","Matanuska-Susitna","2006","2015","3.5","",
"02","Alaska","02170","Matanuska-Susitna","2007","2016","3.4","",
"02","Alaska","02170","Matanuska-Susitna","2008","2017","3.3","",
"02","Alaska","02180","Nome","2005","2014","No Events","",
"02","Alaska","02180","Nome","2006","2015","No Events","",
"02","Alaska","02180","Nome","2007","2016","No Events","",
"02","Alaska","02180","Nome","2008","2017","No Events","",
"02","Alaska","02185","North Slope","2005","2014","No Events","",
"02","Alaska","02185","North Slope","2006","2015","No Events","",
"02","Alaska","02185","North Slope","2007","2016","No Events","",
"02","Alaska","02185","North Slope","2008","2017","No Events","",
"02","Alaska","02188","Northwest Arctic","2005","2014","No Events","",
"02","Alaska","02188","Northwest Arctic","2006","2015","No Events","",
"02","Alaska","02188","Northwest Arctic","2007","2016","No Events","",
"02","Alaska","02188","Northwest Arctic","2008","2017","No Events","",
"02","Alaska","02195","PETERSBURG CENSUS AREA","2005","2014","No Events","",
"02","Alaska","02195","PETERSBURG CENSUS AREA","2006","2015","No Events","",
"02","Alaska","02195","PETERSBURG CENSUS AREA","2007","2016","No Events","",
"02","Alaska","02195","PETERSBURG CENSUS AREA","2008","2017","No Events","",
"02","Alaska","02198","PRINCE OF WALES-HYDER CENSUS AREA","2005","2014","No Events","",
"02","Alaska","02198","PRINCE OF WALES-HYDER CENSUS AREA","2006","2015","No Events","",
"02","Alaska","02198","PRINCE OF WALES-HYDER CENSUS AREA","2007","2016","No Events","",
"02","Alaska","02198","PRINCE OF WALES-HYDER CENSUS AREA","2008","2017","No Events","",
"02","Alaska","02220","Sitka","2005","2014","0.1","< 10 Tests",
"02","Alaska","02220","Sitka","2006","2015","0.1","< 10 Tests",
"02","Alaska","02220","Sitka","2007","2016","0.1","< 10 Tests",
"02","Alaska","02220","Sitka","2008","2017","0.1","< 10 Tests",
"02","Alaska","02230","SKAGWAY MUNICIPALITY","2005","2014","No Events","",
"02","Alaska","02230","SKAGWAY MUNICIPALITY","2006","2015","No Events","",
"02","Alaska","02230","SKAGWAY MUNICIPALITY","2007","2016","No Events","",
"02","Alaska","02230","SKAGWAY MUNICIPALITY","2008","2017","No Events","",
"02","Alaska","02240","Southeast Fairbanks","2005","2014","4.7","",
"02","Alaska","02240","Southeast Fairbanks","2006","2015","4.9","",
"02","Alaska","02240","Southeast Fairbanks","2007","2016","4.5","",
"02","Alaska","02240","Southeast Fairbanks","2008","2017","5.2","< 10 Tests",
"02","Alaska","02261","Valdez-Cordova","2005","2014","1.6","< 10 Tests",
"02","Alaska","02261","Valdez-Cordova","2006","2015","1.0","< 10 Tests",
"02","Alaska","02261","Valdez-Cordova","2007","2016","1.0","< 10 Tests",
"02","Alaska","02261","Valdez-Cordova","2008","2017","0.7","< 10 Tests",
"02","Alaska","02270","Wade Hampton","2005","2014","No Events","",
"02","Alaska","02270","Wade Hampton","2006","2015","No Events","",
"02","Alaska","02270","Wade Hampton","2007","2016","No Events","",
"02","Alaska","02270","Wade Hampton","2008","2017","No Events","",
"02","Alaska","02275","WRANGELL CITY AND BURROUGH","2005","2014","No Events","",
"02","Alaska","02275","WRANGELL CITY AND BURROUGH","2006","2015","No Events","",
"02","Alaska","02275","WRANGELL CITY AND BURROUGH","2007","2016","No Events","",
"02","Alaska","02275","WRANGELL CITY AND BURROUGH","2008","2017","No Events","",
"02","Alaska","02282","Yakutat","2005","2014","No Events","",
"02","Alaska","02282","Yakutat","2006","2015","No Events","",
"02","Alaska","02282","Yakutat","2007","2016","No Events","",
"02","Alaska","02282","Yakutat","2008","2017","No Events","",
"02","Alaska","02290","Yukon-Koyukuk","2005","2014","No Events","",
"02","Alaska","02290","Yukon-Koyukuk","2006","2015","No Events","",
"02","Alaska","02290","Yukon-Koyukuk","2007","2016","No Events","",
"02","Alaska","02290","Yukon-Koyukuk","2008","2017","No Events","",
"04","Arizona","04001","Apache","2005","2014","No Events","",
"04","Arizona","04001","Apache","2006","2015","No Events","",
"04","Arizona","04001","Apache","2007","2016","No Events","",
"04","Arizona","04001","Apache","2008","2017","1.6","< 10 Tests",
"04","Arizona","04003","Cochise","2005","2014","3.2","",
"04","Arizona","04003","Cochise","2006","2015","3.8","",
"04","Arizona","04003","Cochise","2007","2016","3.5","",
"04","Arizona","04003","Cochise","2008","2017","3.6","",
"04","Arizona","04005","Coconino","2005","2014","5.0","",
"04","Arizona","04005","Coconino","2006","2015","4.9","",
"04","Arizona","04005","Coconino","2007","2016","4.5","",
"04","Arizona","04005","Coconino","2008","2017","4.2","",
"04","Arizona","04007","Gila","2005","2014","4.5","",
"04","Arizona","04007","Gila","2006","2015","5.1","",
"04","Arizona","04007","Gila","2007","2016","5.5","",
"04","Arizona","04007","Gila","2008","2017","5.4","",
"04","Arizona","04009","Graham","2005","2014","5.1","",
"04","Arizona","04009","Graham","2006","2015","4.7","",
"04","Arizona","04009","Graham","2007","2016","4.5","",
"04","Arizona","04009","Graham","2008","2017","4.5","",
"04","Arizona","04011","Greenlee","2005","2014","No Events","",
"04","Arizona","04011","Greenlee","2006","2015","No Events","",
"04","Arizona","04011","Greenlee","2007","2016","No Events","",
"04","Arizona","04011","Greenlee","2008","2017","No Events","",
"04","Arizona","04012","La Paz","2005","2014","No Events","",
"04","Arizona","04012","La Paz","2006","2015","No Events","",
"04","Arizona","04012","La Paz","2007","2016","No Events","",
"04","Arizona","04012","La Paz","2008","2017","No Events","",
"04","Arizona","04013","Maricopa","2005","2014","2.7","",
"04","Arizona","04013","Maricopa","2006","2015","2.7","",
"04","Arizona","04013","Maricopa","2007","2016","2.6","",
"04","Arizona","04013","Maricopa","2008","2017","2.6","",
"04","Arizona","04015","Mohave","2005","2014","1.0","",
"04","Arizona","04015","Mohave","2006","2015","1.0","",
"04","Arizona","04015","Mohave","2007","2016","1.0","",
"04","Arizona","04015","Mohave","2008","2017","1.0","",
"04","Arizona","04017","Navajo","2005","2014","1.2","",
"04","Arizona","04017","Navajo","2006","2015","1.3","",
"04","Arizona","04017","Navajo","2007","2016","1.4","",
"04","Arizona","04017","Navajo","2008","2017","1.3","",
"04","Arizona","04019","Pima","2005","2014","1.5","",
"04","Arizona","04019","Pima","2006","2015","1.5","",
"04","Arizona","04019","Pima","2007","2016","1.5","",
"04","Arizona","04019","Pima","2008","2017","1.6","",
"04","Arizona","04021","Pinal","2005","2014","1.8","",
"04","Arizona","04021","Pinal","2006","2015","1.7","",
"04","Arizona","04021","Pinal","2007","2016","1.7","",
"04","Arizona","04021","Pinal","2008","2017","1.8","",
"04","Arizona","04023","Santa Cruz","2005","2014","1.4","",
"04","Arizona","04023","Santa Cruz","2006","2015","1.4","",
"04","Arizona","04023","Santa Cruz","2007","2016","1.4","",
"04","Arizona","04023","Santa Cruz","2008","2017","1.4","< 10 Tests",
"04","Arizona","04025","Yavapai","2005","2014","4.2","",
"04","Arizona","04025","Yavapai","2006","2015","4.1","",
"04","Arizona","04025","Yavapai","2007","2016","3.7","",
"04","Arizona","04025","Yavapai","2008","2017","3.7","",
"04","Arizona","04027","Yuma","2005","2014","0.8","",
"04","Arizona","04027","Yuma","2006","2015","0.8","",
"04","Arizona","04027","Yuma","2007","2016","0.7","",
"04","Arizona","04027","Yuma","2008","2017","0.6","",
"05","Arkansas","05001","Arkansas","2005","2014","1.3","< 10 Tests",
"05","Arkansas","05001","Arkansas","2006","2015","1.3","< 10 Tests",
"05","Arkansas","05001","Arkansas","2007","2016","1.3","< 10 Tests",
"05","Arkansas","05001","Arkansas","2008","2017","1.3","< 10 Tests",
"05","Arkansas","05003","Ashley","2005","2014","1.3","< 10 Tests",
"05","Arkansas","05003","Ashley","2006","2015","1.3","< 10 Tests",
"05","Arkansas","05003","Ashley","2007","2016","1.3","< 10 Tests",
"05","Arkansas","05003","Ashley","2008","2017","No Events","",
"05","Arkansas","05005","Baxter","2005","2014","6.0","",
"05","Arkansas","05005","Baxter","2006","2015","6.2","",
"05","Arkansas","05005","Baxter","2007","2016","6.2","",
"05","Arkansas","05005","Baxter","2008","2017","6.3","",
"05","Arkansas","05007","Benton","2005","2014","7.2","",
"05","Arkansas","05007","Benton","2006","2015","5.2","",
"05","Arkansas","05007","Benton","2007","2016","5.9","",
"05","Arkansas","05007","Benton","2008","2017","6.1","",
"05","Arkansas","05009","Boone","2005","2014","4.2","",
"05","Arkansas","05009","Boone","2006","2015","4.6","",
"05","Arkansas","05009","Boone","2007","2016","5.1","",
"05","Arkansas","05009","Boone","2008","2017","5.0","",
"05","Arkansas","05011","Bradley","2005","2014","0.1","< 10 Tests",
"05","Arkansas","05011","Bradley","2006","2015","0.1","< 10 Tests",
"05","Arkansas","05011","Bradley","2007","2016","0.1","< 10 Tests",
"05","Arkansas","05011","Bradley","2008","2017","0.1","< 10 Tests",
"05","Arkansas","05013","Calhoun","2005","2014","No Events","",
"05","Arkansas","05013","Calhoun","2006","2015","No Events","",
"05","Arkansas","05013","Calhoun","2007","2016","No Events","",
"05","Arkansas","05013","Calhoun","2008","2017","No Events","",
"05","Arkansas","05015","Carroll","2005","2014","3.7","",
"05","Arkansas","05015","Carroll","2006","2015","4.5","",
"05","Arkansas","05015","Carroll","2007","2016","4.1","",
"05","Arkansas","05015","Carroll","2008","2017","4.7","",
"05","Arkansas","05017","Chicot","2005","2014","No Events","",
"05","Arkansas","05017","Chicot","2006","2015","No Events","",
"05","Arkansas","05017","Chicot","2007","2016","No Events","",
"05","Arkansas","05017","Chicot","2008","2017","No Events","",
"05","Arkansas","05019","Clark","2005","2014","1.6","< 10 Tests",
"05","Arkansas","05019","Clark","2006","2015","1.3","< 10 Tests",
"05","Arkansas","05019","Clark","2007","2016","1.3","< 10 Tests",
"05","Arkansas","05019","Clark","2008","2017","1.3","< 10 Tests",
"05","Arkansas","05021","Clay","2005","2014","1.4","< 10 Tests",
"05","Arkansas","05021","Clay","2006","2015","1.4","< 10 Tests",
"05","Arkansas","05021","Clay","2007","2016","1.4","< 10 Tests",
"05","Arkansas","05021","Clay","2008","2017","0.2","< 10 Tests",
"05","Arkansas","05023","Cleburne","2005","2014","1.9","< 10 Tests",
"05","Arkansas","05023","Cleburne","2006","2015","2.1","< 10 Tests",
"05","Arkansas","05023","Cleburne","2007","2016","2.1","< 10 Tests",
"05","Arkansas","05023","Cleburne","2008","2017","2.7","< 10 Tests",
"05","Arkansas","05025","Cleveland","2005","2014","0.5","< 10 Tests",
"05","Arkansas","05025","Cleveland","2006","2015","0.5","< 10 Tests",
"05","Arkansas","05025","Cleveland","2007","2016","0.5","< 10 Tests",
"05","Arkansas","05025","Cleveland","2008","2017","0.5","< 10 Tests",
"05","Arkansas","05027","Columbia","2005","2014","0.6","< 10 Tests",
"05","Arkansas","05027","Columbia","2006","2015","0.6","< 10 Tests",
"05","Arkansas","05027","Columbia","2007","2016","0.6","< 10 Tests",
"05","Arkansas","05027","Columbia","2008","2017","0.6","< 10 Tests",
"05","Arkansas","05029","Conway","2005","2014","2.2","< 10 Tests",
"05","Arkansas","05029","Conway","2006","2015","2.5","< 10 Tests",
"05","Arkansas","05029","Conway","2007","2016","2.7","< 10 Tests",
"05","Arkansas","05029","Conway","2008","2017","3.3","< 10 Tests",
"05","Arkansas","05031","Craighead","2005","2014","1.2","",
"05","Arkansas","05031","Craighead","2006","2015","1.4","",
"05","Arkansas","05031","Craighead","2007","2016","1.4","",
"05","Arkansas","05031","Craighead","2008","2017","2.0","< 10 Tests",
"05","Arkansas","05033","Crawford","2005","2014","1.6","< 10 Tests",
"05","Arkansas","05033","Crawford","2006","2015","1.6","< 10 Tests",
"05","Arkansas","05033","Crawford","2007","2016","1.6","< 10 Tests",
"05","Arkansas","05033","Crawford","2008","2017","1.7","< 10 Tests",
"05","Arkansas","05035","Crittenden","2005","2014","0.1","< 10 Tests",
"05","Arkansas","05035","Crittenden","2006","2015","0.1","< 10 Tests",
"05","Arkansas","05035","Crittenden","2007","2016","0.1","< 10 Tests",
"05","Arkansas","05035","Crittenden","2008","2017","0.1","< 10 Tests",
"05","Arkansas","05037","Cross","2005","2014","No Events","",
"05","Arkansas","05037","Cross","2006","2015","No Events","",
"05","Arkansas","05037","Cross","2007","2016","No Events","",
"05","Arkansas","05037","Cross","2008","2017","No Events","",
"05","Arkansas","05039","Dallas","2005","2014","1.2","< 10 Tests",
"05","Arkansas","05039","Dallas","2006","2015","1.2","< 10 Tests",
"05","Arkansas","05039","Dallas","2007","2016","1.2","< 10 Tests",
"05","Arkansas","05039","Dallas","2008","2017","1.2","< 10 Tests",
"05","Arkansas","05041","Desha","2005","2014","No Events","",
"05","Arkansas","05041","Desha","2006","2015","No Events","",
"05","Arkansas","05041","Desha","2007","2016","No Events","",
"05","Arkansas","05041","Desha","2008","2017","No Events","",
"05","Arkansas","05043","Drew","2005","2014","0.1","< 10 Tests",
"05","Arkansas","05043","Drew","2006","2015","0.1","< 10 Tests",
"05","Arkansas","05043","Drew","2007","2016","0.1","< 10 Tests",
"05","Arkansas","05043","Drew","2008","2017","No Events","",
"05","Arkansas","05045","Faulkner","2005","2014","2.0","",
"05","Arkansas","05045","Faulkner","2006","2015","2.1","",
"05","Arkansas","05045","Faulkner","2007","2016","2.0","",
"05","Arkansas","05045","Faulkner","2008","2017","1.8","",
"05","Arkansas","05047","Franklin","2005","2014","No Events","",
"05","Arkansas","05047","Franklin","2006","2015","0.1","< 10 Tests",
"05","Arkansas","05047","Franklin","2007","2016","0.1","< 10 Tests",
"05","Arkansas","05047","Franklin","2008","2017","0.1","< 10 Tests",
"05","Arkansas","05049","Fulton","2005","2014","6.8","< 10 Tests",
"05","Arkansas","05049","Fulton","2006","2015","8.5","< 10 Tests",
"05","Arkansas","05049","Fulton","2007","2016","8.5","< 10 Tests",
"05","Arkansas","05049","Fulton","2008","2017","5.9","< 10 Tests",
"05","Arkansas","05051","Garland","2005","2014","5.0","",
"05","Arkansas","05051","Garland","2006","2015","4.5","",
"05","Arkansas","05051","Garland","2007","2016","6.5","",
"05","Arkansas","05051","Garland","2008","2017","6.6","",
"05","Arkansas","05053","Grant","2005","2014","No Events","",
"05","Arkansas","05053","Grant","2006","2015","0.9","< 10 Tests",
"05","Arkansas","05053","Grant","2007","2016","0.9","< 10 Tests",
"05","Arkansas","05053","Grant","2008","2017","0.9","< 10 Tests",
"05","Arkansas","05055","Greene","2005","2014","1.6","< 10 Tests",
"05","Arkansas","05055","Greene","2006","2015","1.6","< 10 Tests",
"05","Arkansas","05055","Greene","2007","2016","1.6","< 10 Tests",
"05","Arkansas","05055","Greene","2008","2017","1.6","< 10 Tests",
"05","Arkansas","05057","Hempstead","2005","2014","No Events","",
"05","Arkansas","05057","Hempstead","2006","2015","No Events","",
"05","Arkansas","05057","Hempstead","2007","2016","No Events","",
"05","Arkansas","05057","Hempstead","2008","2017","No Events","",
"05","Arkansas","05059","Hot Spring","2005","2014","1.1","< 10 Tests",
"05","Arkansas","05059","Hot Spring","2006","2015","1.1","< 10 Tests",
"05","Arkansas","05059","Hot Spring","2007","2016","2.1","< 10 Tests",
"05","Arkansas","05059","Hot Spring","2008","2017","2.1","< 10 Tests",
"05","Arkansas","05061","Howard","2005","2014","4.5","< 10 Tests",
"05","Arkansas","05061","Howard","2006","2015","4.5","< 10 Tests",
"05","Arkansas","05061","Howard","2007","2016","2.2","< 10 Tests",
"05","Arkansas","05061","Howard","2008","2017","2.1","< 10 Tests",
"05","Arkansas","05063","Independence","2005","2014","2.3","",
"05","Arkansas","05063","Independence","2006","2015","2.4","",
"05","Arkansas","05063","Independence","2007","2016","2.7","",
"05","Arkansas","05063","Independence","2008","2017","2.7","",
"05","Arkansas","05065","Izard","2005","2014","1.0","< 10 Tests",
"05","Arkansas","05065","Izard","2006","2015","1.0","< 10 Tests",
"05","Arkansas","05065","Izard","2007","2016","1.0","< 10 Tests",
"05","Arkansas","05065","Izard","2008","2017","1.7","< 10 Tests",
"05","Arkansas","05067","Jackson","2005","2014","0.4","< 10 Tests",
"05","Arkansas","05067","Jackson","2006","2015","0.4","< 10 Tests",
"05","Arkansas","05067","Jackson","2007","2016","0.4","< 10 Tests",
"05","Arkansas","05067","Jackson","2008","2017","0.4","< 10 Tests",
"05","Arkansas","05069","Jefferson","2005","2014","0.5","< 10 Tests",
"05","Arkansas","05069","Jefferson","2006","2015","0.5","< 10 Tests",
"05","Arkansas","05069","Jefferson","2007","2016","0.5","< 10 Tests",
"05","Arkansas","05069","Jefferson","2008","2017","0.5","< 10 Tests",
"05","Arkansas","05071","Johnson","2005","2014","10.8","< 10 Tests",
"05","Arkansas","05071","Johnson","2006","2015","7.7","< 10 Tests",
"05","Arkansas","05071","Johnson","2007","2016","7.7","< 10 Tests",
"05","Arkansas","05071","Johnson","2008","2017","7.7","< 10 Tests",
"05","Arkansas","05073","Lafayette","2005","2014","No Events","",
"05","Arkansas","05073","Lafayette","2006","2015","No Events","",
"05","Arkansas","05073","Lafayette","2007","2016","No Events","",
"05","Arkansas","05073","Lafayette","2008","2017","No Events","",
"05","Arkansas","05075","Lawrence","2005","2014","1.9","< 10 Tests",
"05","Arkansas","05075","Lawrence","2006","2015","1.9","< 10 Tests",
"05","Arkansas","05075","Lawrence","2007","2016","1.9","< 10 Tests",
"05","Arkansas","05075","Lawrence","2008","2017","1.9","< 10 Tests",
"05","Arkansas","05077","Lee","2005","2014","No Events","",
"05","Arkansas","05077","Lee","2006","2015","No Events","",
"05","Arkansas","05077","Lee","2007","2016","No Events","",
"05","Arkansas","05077","Lee","2008","2017","No Events","",
"05","Arkansas","05079","Lincoln","2005","2014","No Events","",
"05","Arkansas","05079","Lincoln","2006","2015","No Events","",
"05","Arkansas","05079","Lincoln","2007","2016","No Events","",
"05","Arkansas","05079","Lincoln","2008","2017","No Events","",
"05","Arkansas","05081","Little River","2005","2014","0.9","< 10 Tests",
"05","Arkansas","05081","Little River","2006","2015","0.9","< 10 Tests",
"05","Arkansas","05081","Little River","2007","2016","0.9","< 10 Tests",
"05","Arkansas","05081","Little River","2008","2017","0.9","< 10 Tests",
"05","Arkansas","05083","Logan","2005","2014","2.9","< 10 Tests",
"05","Arkansas","05083","Logan","2006","2015","2.9","< 10 Tests",
"05","Arkansas","05083","Logan","2007","2016","2.8","< 10 Tests",
"05","Arkansas","05083","Logan","2008","2017","1.9","< 10 Tests",
"05","Arkansas","05085","Lonoke","2005","2014","0.6","< 10 Tests",
"05","Arkansas","05085","Lonoke","2006","2015","0.6","< 10 Tests",
"05","Arkansas","05085","Lonoke","2007","2016","0.6","< 10 Tests",
"05","Arkansas","05085","Lonoke","2008","2017","1.4","< 10 Tests",
"05","Arkansas","05087","Madison","2005","2014","3.2","< 10 Tests",
"05","Arkansas","05087","Madison","2006","2015","2.9","< 10 Tests",
"05","Arkansas","05087","Madison","2007","2016","1.6","< 10 Tests",
"05","Arkansas","05087","Madison","2008","2017","1.9","< 10 Tests",
"05","Arkansas","05089","Marion","2005","2014","0.1","< 10 Tests",
"05","Arkansas","05089","Marion","2006","2015","0.1","< 10 Tests",
"05","Arkansas","05089","Marion","2007","2016","0.1","< 10 Tests",
"05","Arkansas","05089","Marion","2008","2017","0.1","< 10 Tests",
"05","Arkansas","05091","Miller","2005","2014","3.1","< 10 Tests",
"05","Arkansas","05091","Miller","2006","2015","4.8","< 10 Tests",
"05","Arkansas","05091","Miller","2007","2016","4.8","< 10 Tests",
"05","Arkansas","05091","Miller","2008","2017","4.8","< 10 Tests",
"05","Arkansas","05093","Mississippi","2005","2014","7.0","< 10 Tests",
"05","Arkansas","05093","Mississippi","2006","2015","7.0","< 10 Tests",
"05","Arkansas","05093","Mississippi","2007","2016","7.0","< 10 Tests",
"05","Arkansas","05093","Mississippi","2008","2017","8.5","< 10 Tests",
"05","Arkansas","05095","Monroe","2005","2014","3.9","< 10 Tests",
"05","Arkansas","05095","Monroe","2006","2015","3.9","< 10 Tests",
"05","Arkansas","05095","Monroe","2007","2016","3.9","< 10 Tests",
"05","Arkansas","05095","Monroe","2008","2017","3.9","< 10 Tests",
"05","Arkansas","05097","Montgomery","2005","2014","1.6","< 10 Tests",
"05","Arkansas","05097","Montgomery","2006","2015","1.6","< 10 Tests",
"05","Arkansas","05097","Montgomery","2007","2016","0.6","< 10 Tests",
"05","Arkansas","05097","Montgomery","2008","2017","0.6","< 10 Tests",
"05","Arkansas","05099","Nevada","2005","2014","No Events","",
"05","Arkansas","05099","Nevada","2006","2015","No Events","",
"05","Arkansas","05099","Nevada","2007","2016","No Events","",
"05","Arkansas","05099","Nevada","2008","2017","No Events","",
"05","Arkansas","05101","Newton","2005","2014","3.0","< 10 Tests",
"05","Arkansas","05101","Newton","2006","2015","3.0","< 10 Tests",
"05","Arkansas","05101","Newton","2007","2016","3.0","< 10 Tests",
"05","Arkansas","05101","Newton","2008","2017","3.0","< 10 Tests",
"05","Arkansas","05103","Ouachita","2005","2014","No Events","",
"05","Arkansas","05103","Ouachita","2006","2015","No Events","",
"05","Arkansas","05103","Ouachita","2007","2016","No Events","",
"05","Arkansas","05103","Ouachita","2008","2017","0.5","< 10 Tests",
"05","Arkansas","05105","Perry","2005","2014","4.9","< 10 Tests",
"05","Arkansas","05105","Perry","2006","2015","4.9","< 10 Tests",
"05","Arkansas","05105","Perry","2007","2016","4.9","< 10 Tests",
"05","Arkansas","05105","Perry","2008","2017","No Events","",
"05","Arkansas","05107","Phillips","2005","2014","0.1","< 10 Tests",
"05","Arkansas","05107","Phillips","2006","2015","0.1","< 10 Tests",
"05","Arkansas","05107","Phillips","2007","2016","0.1","< 10 Tests",
"05","Arkansas","05107","Phillips","2008","2017","0.1","< 10 Tests",
"05","Arkansas","05109","Pike","2005","2014","No Events","",
"05","Arkansas","05109","Pike","2006","2015","No Events","",
"05","Arkansas","05109","Pike","2007","2016","No Events","",
"05","Arkansas","05109","Pike","2008","2017","No Events","",
"05","Arkansas","05111","Poinsett","2005","2014","No Events","",
"05","Arkansas","05111","Poinsett","2006","2015","No Events","",
"05","Arkansas","05111","Poinsett","2007","2016","No Events","",
"05","Arkansas","05111","Poinsett","2008","2017","No Events","",
"05","Arkansas","05113","Polk","2005","2014","2.2","< 10 Tests",
"05","Arkansas","05113","Polk","2006","2015","2.2","< 10 Tests",
"05","Arkansas","05113","Polk","2007","2016","2.2","< 10 Tests",
"05","Arkansas","05113","Polk","2008","2017","2.2","< 10 Tests",
"05","Arkansas","05115","Pope","2005","2014","2.8","< 10 Tests",
"05","Arkansas","05115","Pope","2006","2015","2.3","",
"05","Arkansas","05115","Pope","2007","2016","2.2","",
"05","Arkansas","05115","Pope","2008","2017","2.2","",
"05","Arkansas","05117","Prairie","2005","2014","4.5","< 10 Tests",
"05","Arkansas","05117","Prairie","2006","2015","4.5","< 10 Tests",
"05","Arkansas","05117","Prairie","2007","2016","4.5","< 10 Tests",
"05","Arkansas","05117","Prairie","2008","2017","4.5","< 10 Tests",
"05","Arkansas","05119","Pulaski","2005","2014","1.6","",
"05","Arkansas","05119","Pulaski","2006","2015","1.4","",
"05","Arkansas","05119","Pulaski","2007","2016","1.4","",
"05","Arkansas","05119","Pulaski","2008","2017","1.4","",
"05","Arkansas","05121","Randolph","2005","2014","4.9","< 10 Tests",
"05","Arkansas","05121","Randolph","2006","2015","4.9","< 10 Tests",
"05","Arkansas","05121","Randolph","2007","2016","4.9","< 10 Tests",
"05","Arkansas","05121","Randolph","2008","2017","3.2","< 10 Tests",
"05","Arkansas","05125","Saline","2005","2014","3.6","",
"05","Arkansas","05125","Saline","2006","2015","3.5","",
"05","Arkansas","05125","Saline","2007","2016","3.5","",
"05","Arkansas","05125","Saline","2008","2017","3.7","",
"05","Arkansas","05127","Scott","2005","2014","No Events","",
"05","Arkansas","05127","Scott","2006","2015","No Events","",
"05","Arkansas","05127","Scott","2007","2016","No Events","",
"05","Arkansas","05127","Scott","2008","2017","No Events","",
"05","Arkansas","05129","Searcy","2005","2014","3.4","< 10 Tests",
"05","Arkansas","05129","Searcy","2006","2015","3.4","< 10 Tests",
"05","Arkansas","05129","Searcy","2007","2016","3.4","< 10 Tests",
"05","Arkansas","05129","Searcy","2008","2017","3.4","< 10 Tests",
"05","Arkansas","05131","Sebastian","2005","2014","0.5","",
"05","Arkansas","05131","Sebastian","2006","2015","0.6","",
"05","Arkansas","05131","Sebastian","2007","2016","0.6","",
"05","Arkansas","05131","Sebastian","2008","2017","0.7","",
"05","Arkansas","05133","Sevier","2005","2014","1.1","< 10 Tests",
"05","Arkansas","05133","Sevier","2006","2015","1.1","< 10 Tests",
"05","Arkansas","05133","Sevier","2007","2016","1.1","< 10 Tests",
"05","Arkansas","05133","Sevier","2008","2017","1.1","< 10 Tests",
"05","Arkansas","05135","Sharp","2005","2014","4.7","< 10 Tests",
"05","Arkansas","05135","Sharp","2006","2015","4.0","< 10 Tests",
"05","Arkansas","05135","Sharp","2007","2016","4.0","< 10 Tests",
"05","Arkansas","05135","Sharp","2008","2017","2.6","< 10 Tests",
"05","Arkansas","05123","St. Francis","2005","2014","No Events","",
"05","Arkansas","05123","St. Francis","2006","2015","No Events","",
"05","Arkansas","05123","St. Francis","2007","2016","No Events","",
"05","Arkansas","05123","St. Francis","2008","2017","No Events","",
"05","Arkansas","05137","Stone","2005","2014","1.1","< 10 Tests",
"05","Arkansas","05137","Stone","2006","2015","1.4","< 10 Tests",
"05","Arkansas","05137","Stone","2007","2016","1.4","< 10 Tests",
"05","Arkansas","05137","Stone","2008","2017","1.4","< 10 Tests",
"05","Arkansas","05139","Union","2005","2014","0.1","< 10 Tests",
"05","Arkansas","05139","Union","2006","2015","0.1","< 10 Tests",
"05","Arkansas","05139","Union","2007","2016","0.1","< 10 Tests",
"05","Arkansas","05139","Union","2008","2017","0.1","< 10 Tests",
"05","Arkansas","05141","Van Buren","2005","2014","2.3","< 10 Tests",
"05","Arkansas","05141","Van Buren","2006","2015","2.3","< 10 Tests",
"05","Arkansas","05141","Van Buren","2007","2016","2.3","< 10 Tests",
"05","Arkansas","05141","Van Buren","2008","2017","2.1","< 10 Tests",
"05","Arkansas","05143","Washington","2005","2014","2.3","",
"05","Arkansas","05143","Washington","2006","2015","2.3","",
"05","Arkansas","05143","Washington","2007","2016","2.4","",
"05","Arkansas","05143","Washington","2008","2017","2.2","",
"05","Arkansas","05145","White","2005","2014","2.1","< 10 Tests",
"05","Arkansas","05145","White","2006","2015","2.1","< 10 Tests",
"05","Arkansas","05145","White","2007","2016","1.5","< 10 Tests",
"05","Arkansas","05145","White","2008","2017","1.4","< 10 Tests",
"05","Arkansas","05147","Woodruff","2005","2014","No Events","",
"05","Arkansas","05147","Woodruff","2006","2015","No Events","",
"05","Arkansas","05147","Woodruff","2007","2016","No Events","",
"05","Arkansas","05147","Woodruff","2008","2017","No Events","",
"05","Arkansas","05149","Yell","2005","2014","No Events","",
"05","Arkansas","05149","Yell","2006","2015","0.5","< 10 Tests",
"05","Arkansas","05149","Yell","2007","2016","0.5","< 10 Tests",
"05","Arkansas","05149","Yell","2008","2017","0.5","< 10 Tests",
"06","California","06001","Alameda","2005","2014","1.6","",
"06","California","06001","Alameda","2006","2015","1.7","",
"06","California","06001","Alameda","2007","2016","1.7","",
"06","California","06001","Alameda","2008","2017","1.6","",
"06","California","06003","Alpine","2005","2014","5.8","",
"06","California","06003","Alpine","2006","2015","6.0","",
"06","California","06003","Alpine","2007","2016","6.0","",
"06","California","06003","Alpine","2008","2017","6.5","",
"06","California","06005","Amador","2005","2014","4.6","",
"06","California","06005","Amador","2006","2015","6.9","",
"06","California","06005","Amador","2007","2016","6.8","",
"06","California","06005","Amador","2008","2017","6.8","",
"06","California","06007","Butte","2005","2014","2.0","",
"06","California","06007","Butte","2006","2015","1.6","",
"06","California","06007","Butte","2007","2016","1.6","",
"06","California","06007","Butte","2008","2017","1.7","",
"06","California","06009","Calaveras","2005","2014","2.7","",
"06","California","06009","Calaveras","2006","2015","2.8","",
"06","California","06009","Calaveras","2007","2016","3.1","",
"06","California","06009","Calaveras","2008","2017","3.1","",
"06","California","06011","Colusa","2005","2014","No Events","",
"06","California","06011","Colusa","2006","2015","No Events","",
"06","California","06011","Colusa","2007","2016","No Events","",
"06","California","06011","Colusa","2008","2017","0.2","< 10 Tests",
"06","California","06013","Contra Costa","2005","2014","1.2","",
"06","California","06013","Contra Costa","2006","2015","1.3","",
"06","California","06013","Contra Costa","2007","2016","1.4","",
"06","California","06013","Contra Costa","2008","2017","1.5","",
"06","California","06015","Del Norte","2005","2014","No Events","",
"06","California","06015","Del Norte","2006","2015","No Events","",
"06","California","06015","Del Norte","2007","2016","No Events","",
"06","California","06015","Del Norte","2008","2017","0.1","< 10 Tests",
"06","California","06017","El Dorado","2005","2014","4.5","",
"06","California","06017","El Dorado","2006","2015","4.4","",
"06","California","06017","El Dorado","2007","2016","4.5","",
"06","California","06017","El Dorado","2008","2017","4.1","",
"06","California","06019","Fresno","2005","2014","2.2","",
"06","California","06019","Fresno","2006","2015","2.2","",
"06","California","06019","Fresno","2007","2016","2.3","",
"06","California","06019","Fresno","2008","2017","2.2","",
"06","California","06021","Glenn","2005","2014","2.8","< 10 Tests",
"06","California","06021","Glenn","2006","2015","2.8","< 10 Tests",
"06","California","06021","Glenn","2007","2016","2.8","< 10 Tests",
"06","California","06021","Glenn","2008","2017","2.8","< 10 Tests",
"06","California","06023","Humboldt","2005","2014","5.4","",
"06","California","06023","Humboldt","2006","2015","5.4","",
"06","California","06023","Humboldt","2007","2016","4.8","",
"06","California","06023","Humboldt","2008","2017","5.2","",
"06","California","06025","Imperial","2005","2014","0.8","",
"06","California","06025","Imperial","2006","2015","0.8","",
"06","California","06025","Imperial","2007","2016","1.0","",
"06","California","06025","Imperial","2008","2017","1.1","< 10 Tests",
"06","California","06027","Inyo","2005","2014","5.2","",
"06","California","06027","Inyo","2006","2015","5.0","",
"06","California","06027","Inyo","2007","2016","4.8","",
"06","California","06027","Inyo","2008","2017","6.6","",
"06","California","06029","Kern","2005","2014","4.6","",
"06","California","06029","Kern","2006","2015","4.5","",
"06","California","06029","Kern","2007","2016","4.4","",
"06","California","06029","Kern","2008","2017","4.6","",
"06","California","06031","Kings","2005","2014","2.2","< 10 Tests",
"06","California","06031","Kings","2006","2015","2.2","< 10 Tests",
"06","California","06031","Kings","2007","2016","2.2","< 10 Tests",
"06","California","06031","Kings","2008","2017","1.7","< 10 Tests",
"06","California","06033","Lake","2005","2014","2.0","",
"06","California","06033","Lake","2006","2015","2.0","",
"06","California","06033","Lake","2007","2016","2.0","",
"06","California","06033","Lake","2008","2017","2.1","",
"06","California","06035","Lassen","2005","2014","1.8","< 10 Tests",
"06","California","06035","Lassen","2006","2015","1.8","< 10 Tests",
"06","California","06035","Lassen","2007","2016","1.1","< 10 Tests",
"06","California","06035","Lassen","2008","2017","0.9","< 10 Tests",
"06","California","06037","Los Angeles","2005","2014","1.8","",
"06","California","06037","Los Angeles","2006","2015","1.8","",
"06","California","06037","Los Angeles","2007","2016","1.8","",
"06","California","06037","Los Angeles","2008","2017","1.9","",
"06","California","06039","Madera","2005","2014","1.9","",
"06","California","06039","Madera","2006","2015","2.0","",
"06","California","06039","Madera","2007","2016","2.3","",
"06","California","06039","Madera","2008","2017","2.2","",
"06","California","06041","Marin","2005","2014","1.8","",
"06","California","06041","Marin","2006","2015","1.5","",
"06","California","06041","Marin","2007","2016","1.4","",
"06","California","06041","Marin","2008","2017","1.3","",
"06","California","06043","Mariposa","2005","2014","2.0","",
"06","California","06043","Mariposa","2006","2015","1.2","< 10 Tests",
"06","California","06043","Mariposa","2007","2016","1.9","< 10 Tests",
"06","California","06043","Mariposa","2008","2017","2.3","< 10 Tests",
"06","California","06045","Mendocino","2005","2014","0.9","",
"06","California","06045","Mendocino","2006","2015","0.9","",
"06","California","06045","Mendocino","2007","2016","0.9","",
"06","California","06045","Mendocino","2008","2017","0.9","",
"06","California","06047","Merced","2005","2014","2.1","< 10 Tests",
"06","California","06047","Merced","2006","2015","2.1","< 10 Tests",
"06","California","06047","Merced","2007","2016","2.1","< 10 Tests",
"06","California","06047","Merced","2008","2017","2.4","< 10 Tests",
"06","California","06049","Modoc","2005","2014","No Events","",
"06","California","06049","Modoc","2006","2015","No Events","",
"06","California","06049","Modoc","2007","2016","No Events","",
"06","California","06049","Modoc","2008","2017","No Events","",
"06","California","06051","Mono","2005","2014","9.0","",
"06","California","06051","Mono","2006","2015","9.2","",
"06","California","06051","Mono","2007","2016","8.1","",
"06","California","06051","Mono","2008","2017","7.8","",
"06","California","06053","Monterey","2005","2014","2.2","",
"06","California","06053","Monterey","2006","2015","2.2","",
"06","California","06053","Monterey","2007","2016","2.0","",
"06","California","06053","Monterey","2008","2017","1.9","",
"06","California","06055","Napa","2005","2014","2.7","",
"06","California","06055","Napa","2006","2015","2.1","",
"06","California","06055","Napa","2007","2016","1.9","",
"06","California","06055","Napa","2008","2017","2.1","",
"06","California","06057","Nevada","2005","2014","8.7","",
"06","California","06057","Nevada","2006","2015","8.3","",
"06","California","06057","Nevada","2007","2016","8.0","",
"06","California","06057","Nevada","2008","2017","7.4","",
"06","California","06059","Orange","2005","2014","1.5","",
"06","California","06059","Orange","2006","2015","1.5","",
"06","California","06059","Orange","2007","2016","1.5","",
"06","California","06059","Orange","2008","2017","1.5","",
"06","California","06061","Placer","2005","2014","1.7","",
"06","California","06061","Placer","2006","2015","1.7","",
"06","California","06061","Placer","2007","2016","1.7","",
"06","California","06061","Placer","2008","2017","1.6","",
"06","California","06063","Plumas","2005","2014","4.5","",
"06","California","06063","Plumas","2006","2015","4.5","",
"06","California","06063","Plumas","2007","2016","4.5","",
"06","California","06063","Plumas","2008","2017","4.8","",
"06","California","06065","Riverside","2005","2014","0.7","",
"06","California","06065","Riverside","2006","2015","0.7","",
"06","California","06065","Riverside","2007","2016","0.7","",
"06","California","06065","Riverside","2008","2017","0.8","",
"06","California","06067","Sacramento","2005","2014","1.7","",
"06","California","06067","Sacramento","2006","2015","1.8","",
"06","California","06067","Sacramento","2007","2016","1.5","",
"06","California","06067","Sacramento","2008","2017","1.5","",
"06","California","06069","San Benito","2005","2014","1.5","",
"06","California","06069","San Benito","2006","2015","1.5","",
"06","California","06069","San Benito","2007","2016","1.4","",
"06","California","06069","San Benito","2008","2017","1.0","",
"06","California","06071","San Bernardino","2005","2014","1.3","",
"06","California","06071","San Bernardino","2006","2015","1.4","",
"06","California","06071","San Bernardino","2007","2016","1.3","",
"06","California","06071","San Bernardino","2008","2017","1.2","",
"06","California","06073","San Diego","2005","2014","1.1","",
"06","California","06073","San Diego","2006","2015","1.1","",
"06","California","06073","San Diego","2007","2016","1.0","",
"06","California","06073","San Diego","2008","2017","0.9","",
"06","California","06075","San Francisco","2005","2014","0.9","",
"06","California","06075","San Francisco","2006","2015","0.9","",
"06","California","06075","San Francisco","2007","2016","1.0","",
"06","California","06075","San Francisco","2008","2017","1.0","",
"06","California","06077","San Joaquin","2005","2014","2.8","",
"06","California","06077","San Joaquin","2006","2015","2.8","",
"06","California","06077","San Joaquin","2007","2016","2.5","",
"06","California","06077","San Joaquin","2008","2017","2.5","",
"06","California","06079","San Luis Obispo","2005","2014","1.3","",
"06","California","06079","San Luis Obispo","2006","2015","1.7","",
"06","California","06079","San Luis Obispo","2007","2016","1.6","",
"06","California","06079","San Luis Obispo","2008","2017","1.8","",
"06","California","06081","San Mateo","2005","2014","1.9","",
"06","California","06081","San Mateo","2006","2015","2.0","",
"06","California","06081","San Mateo","2007","2016","2.0","",
"06","California","06081","San Mateo","2008","2017","2.0","",
"06","California","06083","Santa Barbara","2005","2014","2.5","",
"06","California","06083","Santa Barbara","2006","2015","3.2","",
"06","California","06083","Santa Barbara","2007","2016","4.3","",
"06","California","06083","Santa Barbara","2008","2017","4.1","",
"06","California","06085","Santa Clara","2005","2014","1.8","",
"06","California","06085","Santa Clara","2006","2015","2.0","",
"06","California","06085","Santa Clara","2007","2016","2.0","",
"06","California","06085","Santa Clara","2008","2017","2.0","",
"06","California","06087","Santa Cruz","2005","2014","2.7","",
"06","California","06087","Santa Cruz","2006","2015","2.7","",
"06","California","06087","Santa Cruz","2007","2016","2.8","",
"06","California","06087","Santa Cruz","2008","2017","2.5","",
"06","California","06089","Shasta","2005","2014","4.2","",
"06","California","06089","Shasta","2006","2015","5.1","",
"06","California","06089","Shasta","2007","2016","4.8","",
"06","California","06089","Shasta","2008","2017","3.6","",
"06","California","06091","Sierra","2005","2014","1.2","< 10 Tests",
"06","California","06091","Sierra","2006","2015","1.2","< 10 Tests",
"06","California","06091","Sierra","2007","2016","1.2","< 10 Tests",
"06","California","06091","Sierra","2008","2017","1.2","< 10 Tests",
"06","California","06093","Siskiyou","2005","2014","2.1","",
"06","California","06093","Siskiyou","2006","2015","2.2","",
"06","California","06093","Siskiyou","2007","2016","2.1","",
"06","California","06093","Siskiyou","2008","2017","2.2","< 10 Tests",
"06","California","06095","Solano","2005","2014","1.0","",
"06","California","06095","Solano","2006","2015","0.9","",
"06","California","06095","Solano","2007","2016","0.9","",
"06","California","06095","Solano","2008","2017","1.8","",
"06","California","06097","Sonoma","2005","2014","1.1","",
"06","California","06097","Sonoma","2006","2015","1.0","",
"06","California","06097","Sonoma","2007","2016","0.9","",
"06","California","06097","Sonoma","2008","2017","0.8","",
"06","California","06099","Stanislaus","2005","2014","2.1","",
"06","California","06099","Stanislaus","2006","2015","2.1","",
"06","California","06099","Stanislaus","2007","2016","2.1","",
"06","California","06099","Stanislaus","2008","2017","2.0","",
"06","California","06101","Sutter","2005","2014","3.6","< 10 Tests",
"06","California","06101","Sutter","2006","2015","2.9","< 10 Tests",
"06","California","06101","Sutter","2007","2016","2.9","< 10 Tests",
"06","California","06101","Sutter","2008","2017","3.1","< 10 Tests",
"06","California","06103","Tehama","2005","2014","1.4","",
"06","California","06103","Tehama","2006","2015","2.1","< 10 Tests",
"06","California","06103","Tehama","2007","2016","2.1","< 10 Tests",
"06","California","06103","Tehama","2008","2017","2.1","< 10 Tests",
"06","California","06105","Trinity","2005","2014","No Events","",
"06","California","06105","Trinity","2006","2015","No Events","",
"06","California","06105","Trinity","2007","2016","No Events","",
"06","California","06105","Trinity","2008","2017","No Events","",
"06","California","06107","Tulare","2005","2014","3.1","",
"06","California","06107","Tulare","2006","2015","2.9","",
"06","California","06107","Tulare","2007","2016","3.0","",
"06","California","06107","Tulare","2008","2017","3.0","",
"06","California","06109","Tuolumne","2005","2014","3.4","",
"06","California","06109","Tuolumne","2006","2015","3.5","",
"06","California","06109","Tuolumne","2007","2016","3.4","",
"06","California","06109","Tuolumne","2008","2017","3.1","",
"06","California","06111","Ventura","2005","2014","1.7","",
"06","California","06111","Ventura","2006","2015","1.8","",
"06","California","06111","Ventura","2007","2016","2.0","",
"06","California","06111","Ventura","2008","2017","1.9","",
"06","California","06113","Yolo","2005","2014","1.1","",
"06","California","06113","Yolo","2006","2015","1.1","",
"06","California","06113","Yolo","2007","2016","1.1","",
"06","California","06113","Yolo","2008","2017","1.1","",
"06","California","06115","Yuba","2005","2014","0.4","< 10 Tests",
"06","California","06115","Yuba","2006","2015","0.4","< 10 Tests",
"06","California","06115","Yuba","2007","2016","0.4","< 10 Tests",
"06","California","06115","Yuba","2008","2017","0.5","< 10 Tests",
"08","Colorado","08001","Adams","2005","2014","5.1","",
"08","Colorado","08001","Adams","2006","2015","5.0","",
"08","Colorado","08001","Adams","2007","2016","4.8","",
"08","Colorado","08001","Adams","2008","2017","4.8","",
"08","Colorado","08003","Alamosa","2005","2014","3.8","",
"08","Colorado","08003","Alamosa","2006","2015","3.7","",
"08","Colorado","08003","Alamosa","2007","2016","3.5","",
"08","Colorado","08003","Alamosa","2008","2017","3.3","",
"08","Colorado","08005","Arapahoe","2005","2014","5.9","",
"08","Colorado","08005","Arapahoe","2006","2015","5.7","",
"08","Colorado","08005","Arapahoe","2007","2016","5.6","",
"08","Colorado","08005","Arapahoe","2008","2017","5.6","",
"08","Colorado","08007","Archuleta","2005","2014","5.2","",
"08","Colorado","08007","Archuleta","2006","2015","5.0","",
"08","Colorado","08007","Archuleta","2007","2016","4.5","",
"08","Colorado","08007","Archuleta","2008","2017","4.5","",
"08","Colorado","08009","Baca","2005","2014","5.6","",
"08","Colorado","08009","Baca","2006","2015","5.7","",
"08","Colorado","08009","Baca","2007","2016","6.1","",
"08","Colorado","08009","Baca","2008","2017","5.9","",
"08","Colorado","08011","Bent","2005","2014","5.4","",
"08","Colorado","08011","Bent","2006","2015","5.9","",
"08","Colorado","08011","Bent","2007","2016","5.4","",
"08","Colorado","08011","Bent","2008","2017","5.2","",
"08","Colorado","08013","Boulder","2005","2014","5.5","",
"08","Colorado","08013","Boulder","2006","2015","5.4","",
"08","Colorado","08013","Boulder","2007","2016","5.3","",
"08","Colorado","08013","Boulder","2008","2017","5.1","",
"08","Colorado","08014","Broomfield","2005","2014","5.5","",
"08","Colorado","08014","Broomfield","2006","2015","5.5","",
"08","Colorado","08014","Broomfield","2007","2016","5.4","",
"08","Colorado","08014","Broomfield","2008","2017","5.1","",
"08","Colorado","08015","Chaffee","2005","2014","10.3","",
"08","Colorado","08015","Chaffee","2006","2015","9.8","",
"08","Colorado","08015","Chaffee","2007","2016","9.9","",
"08","Colorado","08015","Chaffee","2008","2017","9.8","",
"08","Colorado","08017","Cheyenne","2005","2014","2.5","< 10 Tests",
"08","Colorado","08017","Cheyenne","2006","2015","2.5","< 10 Tests",
"08","Colorado","08017","Cheyenne","2007","2016","3.2","< 10 Tests",
"08","Colorado","08017","Cheyenne","2008","2017","5.5","< 10 Tests",
"08","Colorado","08019","Clear Creek","2005","2014","8.9","",
"08","Colorado","08019","Clear Creek","2006","2015","9.0","",
"08","Colorado","08019","Clear Creek","2007","2016","8.7","",
"08","Colorado","08019","Clear Creek","2008","2017","9.9","",
"08","Colorado","08021","Conejos","2005","2014","2.3","",
"08","Colorado","08021","Conejos","2006","2015","2.3","",
"08","Colorado","08021","Conejos","2007","2016","2.2","",
"08","Colorado","08021","Conejos","2008","2017","2.7","",
"08","Colorado","08023","Costilla","2005","2014","7.8","< 10 Tests",
"08","Colorado","08023","Costilla","2006","2015","6.6","< 10 Tests",
"08","Colorado","08023","Costilla","2007","2016","6.2","",
"08","Colorado","08023","Costilla","2008","2017","5.6","",
"08","Colorado","08025","Crowley","2005","2014","6.7","< 10 Tests",
"08","Colorado","08025","Crowley","2006","2015","6.7","< 10 Tests",
"08","Colorado","08025","Crowley","2007","2016","6.0","< 10 Tests",
"08","Colorado","08025","Crowley","2008","2017","4.9","< 10 Tests",
"08","Colorado","08027","Custer","2005","2014","6.4","",
"08","Colorado","08027","Custer","2006","2015","6.2","",
"08","Colorado","08027","Custer","2007","2016","6.6","",
"08","Colorado","08027","Custer","2008","2017","7.0","",
"08","Colorado","08029","Delta","2005","2014","8.9","",
"08","Colorado","08029","Delta","2006","2015","8.9","",
"08","Colorado","08029","Delta","2007","2016","8.9","",
"08","Colorado","08029","Delta","2008","2017","8.2","",
"08","Colorado","08031","Denver","2005","2014","4.6","",
"08","Colorado","08031","Denver","2006","2015","4.5","",
"08","Colorado","08031","Denver","2007","2016","4.4","",
"08","Colorado","08031","Denver","2008","2017","4.5","",
"08","Colorado","08033","Dolores","2005","2014","4.8","< 10 Tests",
"08","Colorado","08033","Dolores","2006","2015","4.8","< 10 Tests",
"08","Colorado","08033","Dolores","2007","2016","4.8","< 10 Tests",
"08","Colorado","08033","Dolores","2008","2017","3.6","< 10 Tests",
"08","Colorado","08035","Douglas","2005","2014","4.4","",
"08","Colorado","08035","Douglas","2006","2015","4.5","",
"08","Colorado","08035","Douglas","2007","2016","4.5","",
"08","Colorado","08035","Douglas","2008","2017","4.5","",
"08","Colorado","08037","Eagle","2005","2014","7.1","",
"08","Colorado","08037","Eagle","2006","2015","7.0","",
"08","Colorado","08037","Eagle","2007","2016","7.2","",
"08","Colorado","08037","Eagle","2008","2017","7.0","",
"08","Colorado","08041","El Paso","2005","2014","5.8","",
"08","Colorado","08041","El Paso","2006","2015","5.8","",
"08","Colorado","08041","El Paso","2007","2016","5.7","",
"08","Colorado","08041","El Paso","2008","2017","5.4","",
"08","Colorado","08039","Elbert","2005","2014","4.8","",
"08","Colorado","08039","Elbert","2006","2015","4.6","",
"08","Colorado","08039","Elbert","2007","2016","4.5","",
"08","Colorado","08039","Elbert","2008","2017","4.6","",
"08","Colorado","08043","Fremont","2005","2014","7.4","",
"08","Colorado","08043","Fremont","2006","2015","7.4","",
"08","Colorado","08043","Fremont","2007","2016","7.1","",
"08","Colorado","08043","Fremont","2008","2017","7.0","",
"08","Colorado","08045","Garfield","2005","2014","5.4","",
"08","Colorado","08045","Garfield","2006","2015","5.4","",
"08","Colorado","08045","Garfield","2007","2016","5.3","",
"08","Colorado","08045","Garfield","2008","2017","5.3","",
"08","Colorado","08047","Gilpin","2005","2014","14.1","",
"08","Colorado","08047","Gilpin","2006","2015","13.8","",
"08","Colorado","08047","Gilpin","2007","2016","13.2","",
"08","Colorado","08047","Gilpin","2008","2017","11.8","",
"08","Colorado","08049","Grand","2005","2014","8.3","",
"08","Colorado","08049","Grand","2006","2015","7.1","",
"08","Colorado","08049","Grand","2007","2016","6.6","",
"08","Colorado","08049","Grand","2008","2017","7.8","",
"08","Colorado","08051","Gunnison","2005","2014","8.2","",
"08","Colorado","08051","Gunnison","2006","2015","7.3","",
"08","Colorado","08051","Gunnison","2007","2016","7.1","",
"08","Colorado","08051","Gunnison","2008","2017","6.3","",
"08","Colorado","08053","Hinsdale","2005","2014","33.0","< 10 Tests",
"08","Colorado","08053","Hinsdale","2006","2015","20.9","< 10 Tests",
"08","Colorado","08053","Hinsdale","2007","2016","23.3","< 10 Tests",
"08","Colorado","08053","Hinsdale","2008","2017","53.8","",
"08","Colorado","08055","Huerfano","2005","2014","6.4","",
"08","Colorado","08055","Huerfano","2006","2015","6.3","",
"08","Colorado","08055","Huerfano","2007","2016","6.4","",
"08","Colorado","08055","Huerfano","2008","2017","5.8","",
"08","Colorado","08057","Jackson","2005","2014","3.4","< 10 Tests",
"08","Colorado","08057","Jackson","2006","2015","3.4","< 10 Tests",
"08","Colorado","08057","Jackson","2007","2016","3.4","< 10 Tests",
"08","Colorado","08057","Jackson","2008","2017","19.4","< 10 Tests",
"08","Colorado","08059","Jefferson","2005","2014","5.7","",
"08","Colorado","08059","Jefferson","2006","2015","5.5","",
"08","Colorado","08059","Jefferson","2007","2016","5.4","",
"08","Colorado","08059","Jefferson","2008","2017","5.4","",
"08","Colorado","08061","Kiowa","2005","2014","5.9","",
"08","Colorado","08061","Kiowa","2006","2015","5.9","",
"08","Colorado","08061","Kiowa","2007","2016","6.3","",
"08","Colorado","08061","Kiowa","2008","2017","6.5","",
"08","Colorado","08063","Kit Carson","2005","2014","6.1","",
"08","Colorado","08063","Kit Carson","2006","2015","6.0","",
"08","Colorado","08063","Kit Carson","2007","2016","6.5","",
"08","Colorado","08063","Kit Carson","2008","2017","6.8","",
"08","Colorado","08067","La Plata","2005","2014","5.6","",
"08","Colorado","08067","La Plata","2006","2015","5.5","",
"08","Colorado","08067","La Plata","2007","2016","5.4","",
"08","Colorado","08067","La Plata","2008","2017","7.8","",
"08","Colorado","08065","Lake","2005","2014","8.2","",
"08","Colorado","08065","Lake","2006","2015","6.9","",
"08","Colorado","08065","Lake","2007","2016","6.1","",
"08","Colorado","08065","Lake","2008","2017","6.0","",
"08","Colorado","08069","Larimer","2005","2014","7.4","",
"08","Colorado","08069","Larimer","2006","2015","7.3","",
"08","Colorado","08069","Larimer","2007","2016","7.2","",
"08","Colorado","08069","Larimer","2008","2017","7.2","",
"08","Colorado","08071","Las Animas","2005","2014","7.3","",
"08","Colorado","08071","Las Animas","2006","2015","7.3","",
"08","Colorado","08071","Las Animas","2007","2016","7.0","",
"08","Colorado","08071","Las Animas","2008","2017","7.1","",
"08","Colorado","08073","Lincoln","2005","2014","4.2","",
"08","Colorado","08073","Lincoln","2006","2015","4.5","",
"08","Colorado","08073","Lincoln","2007","2016","5.5","",
"08","Colorado","08073","Lincoln","2008","2017","5.3","< 10 Tests",
"08","Colorado","08075","Logan","2005","2014","4.6","",
"08","Colorado","08075","Logan","2006","2015","4.7","",
"08","Colorado","08075","Logan","2007","2016","4.7","",
"08","Colorado","08075","Logan","2008","2017","5.5","",
"08","Colorado","08077","Mesa","2005","2014","4.9","",
"08","Colorado","08077","Mesa","2006","2015","4.6","",
"08","Colorado","08077","Mesa","2007","2016","4.5","",
"08","Colorado","08077","Mesa","2008","2017","4.3","",
"08","Colorado","08079","Mineral","2005","2014","29.3","",
"08","Colorado","08079","Mineral","2006","2015","29.3","",
"08","Colorado","08079","Mineral","2007","2016","29.3","",
"08","Colorado","08079","Mineral","2008","2017","29.2","",
"08","Colorado","08081","Moffat","2005","2014","5.8","",
"08","Colorado","08081","Moffat","2006","2015","6.0","",
"08","Colorado","08081","Moffat","2007","2016","6.4","",
"08","Colorado","08081","Moffat","2008","2017","5.5","",
"08","Colorado","08083","Montezuma","2005","2014","8.7","",
"08","Colorado","08083","Montezuma","2006","2015","8.5","",
"08","Colorado","08083","Montezuma","2007","2016","9.5","",
"08","Colorado","08083","Montezuma","2008","2017","9.9","",
"08","Colorado","08085","Montrose","2005","2014","8.2","",
"08","Colorado","08085","Montrose","2006","2015","8.1","",
"08","Colorado","08085","Montrose","2007","2016","7.9","",
"08","Colorado","08085","Montrose","2008","2017","7.9","",
"08","Colorado","08087","Morgan","2005","2014","6.2","",
"08","Colorado","08087","Morgan","2006","2015","6.3","",
"08","Colorado","08087","Morgan","2007","2016","6.1","",
"08","Colorado","08087","Morgan","2008","2017","6.0","",
"08","Colorado","08089","Otero","2005","2014","5.1","",
"08","Colorado","08089","Otero","2006","2015","5.1","",
"08","Colorado","08089","Otero","2007","2016","5.2","",
"08","Colorado","08089","Otero","2008","2017","5.2","",
"08","Colorado","08091","Ouray","2005","2014","7.4","",
"08","Colorado","08091","Ouray","2006","2015","7.2","",
"08","Colorado","08091","Ouray","2007","2016","7.3","",
"08","Colorado","08091","Ouray","2008","2017","6.9","",
"08","Colorado","08093","Park","2005","2014","9.1","",
"08","Colorado","08093","Park","2006","2015","10.0","",
"08","Colorado","08093","Park","2007","2016","9.8","",
"08","Colorado","08093","Park","2008","2017","9.7","",
"08","Colorado","08095","Phillips","2005","2014","5.1","",
"08","Colorado","08095","Phillips","2006","2015","5.1","",
"08","Colorado","08095","Phillips","2007","2016","5.0","",
"08","Colorado","08095","Phillips","2008","2017","4.4","",
"08","Colorado","08097","Pitkin","2005","2014","8.7","",
"08","Colorado","08097","Pitkin","2006","2015","8.3","",
"08","Colorado","08097","Pitkin","2007","2016","7.8","",
"08","Colorado","08097","Pitkin","2008","2017","7.6","",
"08","Colorado","08099","Prowers","2005","2014","3.4","",
"08","Colorado","08099","Prowers","2006","2015","3.5","",
"08","Colorado","08099","Prowers","2007","2016","3.6","",
"08","Colorado","08099","Prowers","2008","2017","3.6","",
"08","Colorado","08101","Pueblo","2005","2014","10.0","",
"08","Colorado","08101","Pueblo","2006","2015","10.0","",
"08","Colorado","08101","Pueblo","2007","2016","10.0","",
"08","Colorado","08101","Pueblo","2008","2017","10.0","",
"08","Colorado","08103","Rio Blanco","2005","2014","6.2","",
"08","Colorado","08103","Rio Blanco","2006","2015","6.5","",
"08","Colorado","08103","Rio Blanco","2007","2016","6.5","",
"08","Colorado","08103","Rio Blanco","2008","2017","6.3","",
"08","Colorado","08105","Rio Grande","2005","2014","5.1","",
"08","Colorado","08105","Rio Grande","2006","2015","4.9","",
"08","Colorado","08105","Rio Grande","2007","2016","4.8","",
"08","Colorado","08105","Rio Grande","2008","2017","4.8","",
"08","Colorado","08107","Routt","2005","2014","6.3","",
"08","Colorado","08107","Routt","2006","2015","6.1","",
"08","Colorado","08107","Routt","2007","2016","6.2","",
"08","Colorado","08107","Routt","2008","2017","6.1","",
"08","Colorado","08109","Saguache","2005","2014","6.7","",
"08","Colorado","08109","Saguache","2006","2015","5.6","",
"08","Colorado","08109","Saguache","2007","2016","6.1","",
"08","Colorado","08109","Saguache","2008","2017","6.1","",
"08","Colorado","08111","San Juan","2005","2014","No Events","",
"08","Colorado","08111","San Juan","2006","2015","No Events","",
"08","Colorado","08111","San Juan","2007","2016","No Events","",
"08","Colorado","08111","San Juan","2008","2017","No Events","",
"08","Colorado","08113","San Miguel","2005","2014","9.9","",
"08","Colorado","08113","San Miguel","2006","2015","9.2","",
"08","Colorado","08113","San Miguel","2007","2016","9.2","",
"08","Colorado","08113","San Miguel","2008","2017","8.9","",
"08","Colorado","08115","Sedgwick","2005","2014","4.3","",
"08","Colorado","08115","Sedgwick","2006","2015","4.4","",
"08","Colorado","08115","Sedgwick","2007","2016","4.4","",
"08","Colorado","08115","Sedgwick","2008","2017","4.4","",
"08","Colorado","08117","Summit","2005","2014","9.5","",
"08","Colorado","08117","Summit","2006","2015","9.0","",
"08","Colorado","08117","Summit","2007","2016","8.9","",
"08","Colorado","08117","Summit","2008","2017","8.6","",
"08","Colorado","08119","Teller","2005","2014","15.7","",
"08","Colorado","08119","Teller","2006","2015","14.6","",
"08","Colorado","08119","Teller","2007","2016","13.9","",
"08","Colorado","08119","Teller","2008","2017","13.8","",
"08","Colorado","08121","Washington","2005","2014","7.0","",
"08","Colorado","08121","Washington","2006","2015","7.0","",
"08","Colorado","08121","Washington","2007","2016","7.1","",
"08","Colorado","08121","Washington","2008","2017","7.1","",
"08","Colorado","08123","Weld","2005","2014","5.5","",
"08","Colorado","08123","Weld","2006","2015","5.4","",
"08","Colorado","08123","Weld","2007","2016","5.5","",
"08","Colorado","08123","Weld","2008","2017","5.4","",
"08","Colorado","08125","Yuma","2005","2014","4.7","",
"08","Colorado","08125","Yuma","2006","2015","4.6","",
"08","Colorado","08125","Yuma","2007","2016","4.7","",
"08","Colorado","08125","Yuma","2008","2017","4.7","",
"09","Connecticut","09001","Fairfield","2005","2014","3.6","",
"09","Connecticut","09001","Fairfield","2006","2015","3.6","",
"09","Connecticut","09001","Fairfield","2007","2016","3.6","",
"09","Connecticut","09001","Fairfield","2008","2017","3.5","",
"09","Connecticut","09003","Hartford","2005","2014","3.0","",
"09","Connecticut","09003","Hartford","2006","2015","3.1","",
"09","Connecticut","09003","Hartford","2007","2016","3.1","",
"09","Connecticut","09003","Hartford","2008","2017","3.1","",
"09","Connecticut","09005","Litchfield","2005","2014","7.4","",
"09","Connecticut","09005","Litchfield","2006","2015","7.1","",
"09","Connecticut","09005","Litchfield","2007","2016","6.9","",
"09","Connecticut","09005","Litchfield","2008","2017","6.9","",
"09","Connecticut","09007","Middlesex","2005","2014","4.3","",
"09","Connecticut","09007","Middlesex","2006","2015","4.5","",
"09","Connecticut","09007","Middlesex","2007","2016","4.3","",
"09","Connecticut","09007","Middlesex","2008","2017","4.3","",
"09","Connecticut","09009","New Haven","2005","2014","4.1","",
"09","Connecticut","09009","New Haven","2006","2015","4.1","",
"09","Connecticut","09009","New Haven","2007","2016","3.9","",
"09","Connecticut","09009","New Haven","2008","2017","3.8","",
"09","Connecticut","09011","New London","2005","2014","3.9","",
"09","Connecticut","09011","New London","2006","2015","4.1","",
"09","Connecticut","09011","New London","2007","2016","4.0","",
"09","Connecticut","09011","New London","2008","2017","4.0","",
"09","Connecticut","09013","Tolland","2005","2014","3.7","",
"09","Connecticut","09013","Tolland","2006","2015","3.7","",
"09","Connecticut","09013","Tolland","2007","2016","3.7","",
"09","Connecticut","09013","Tolland","2008","2017","3.7","",
"09","Connecticut","09015","Windham","2005","2014","4.5","",
"09","Connecticut","09015","Windham","2006","2015","4.6","",
"09","Connecticut","09015","Windham","2007","2016","4.7","",
"09","Connecticut","09015","Windham","2008","2017","4.7","",
"10","Delaware","10001","Kent","2005","2014","2.2","",
"10","Delaware","10001","Kent","2006","2015","2.2","",
"10","Delaware","10001","Kent","2007","2016","2.3","",
"10","Delaware","10001","Kent","2008","2017","2.3","",
"10","Delaware","10003","New Castle","2005","2014","2.7","",
"10","Delaware","10003","New Castle","2006","2015","2.7","",
"10","Delaware","10003","New Castle","2007","2016","2.6","",
"10","Delaware","10003","New Castle","2008","2017","2.5","",
"10","Delaware","10005","Sussex","2005","2014","1.7","",
"10","Delaware","10005","Sussex","2006","2015","1.8","",
"10","Delaware","10005","Sussex","2007","2016","1.8","",
"10","Delaware","10005","Sussex","2008","2017","1.8","",
"11","District of Columbia","11001","District of Columbia","2005","2014","1.8","",
"11","District of Columbia","11001","District of Columbia","2006","2015","1.9","",
"11","District of Columbia","11001","District of Columbia","2007","2016","1.9","",
"11","District of Columbia","11001","District of Columbia","2008","2017","1.9","",
"12","Florida","12001","Alachua","2005","2014","5.6","",
"12","Florida","12001","Alachua","2006","2015","5.5","",
"12","Florida","12001","Alachua","2007","2016","5.5","",
"12","Florida","12001","Alachua","2008","2017","5.2","",
"12","Florida","12003","Baker","2005","2014","1.0","< 10 Tests",
"12","Florida","12003","Baker","2006","2015","1.0","< 10 Tests",
"12","Florida","12003","Baker","2007","2016","1.0","< 10 Tests",
"12","Florida","12003","Baker","2008","2017","1.0","< 10 Tests",
"12","Florida","12005","Bay","2005","2014","1.3","",
"12","Florida","12005","Bay","2006","2015","1.5","",
"12","Florida","12005","Bay","2007","2016","1.5","",
"12","Florida","12005","Bay","2008","2017","1.8","",
"12","Florida","12007","Bradford","2005","2014","1.7","< 10 Tests",
"12","Florida","12007","Bradford","2006","2015","1.7","< 10 Tests",
"12","Florida","12007","Bradford","2007","2016","1.7","< 10 Tests",
"12","Florida","12007","Bradford","2008","2017","1.7","< 10 Tests",
"12","Florida","12009","Brevard","2005","2014","1.2","",
"12","Florida","12009","Brevard","2006","2015","1.3","",
"12","Florida","12009","Brevard","2007","2016","1.3","",
"12","Florida","12009","Brevard","2008","2017","1.1","",
"12","Florida","12011","Broward","2005","2014","1.7","",
"12","Florida","12011","Broward","2006","2015","1.7","",
"12","Florida","12011","Broward","2007","2016","1.7","",
"12","Florida","12011","Broward","2008","2017","1.7","",
"12","Florida","12013","Calhoun","2005","2014","No Events","",
"12","Florida","12013","Calhoun","2006","2015","No Events","",
"12","Florida","12013","Calhoun","2007","2016","No Events","",
"12","Florida","12013","Calhoun","2008","2017","No Events","",
"12","Florida","12015","Charlotte","2005","2014","2.5","",
"12","Florida","12015","Charlotte","2006","2015","2.6","",
"12","Florida","12015","Charlotte","2007","2016","2.7","",
"12","Florida","12015","Charlotte","2008","2017","3.0","",
"12","Florida","12017","Citrus","2005","2014","2.4","",
"12","Florida","12017","Citrus","2006","2015","2.8","",
"12","Florida","12017","Citrus","2007","2016","2.7","",
"12","Florida","12017","Citrus","2008","2017","2.6","",
"12","Florida","12019","Clay","2005","2014","1.5","",
"12","Florida","12019","Clay","2006","2015","1.4","",
"12","Florida","12019","Clay","2007","2016","1.5","",
"12","Florida","12019","Clay","2008","2017","1.6","",
"12","Florida","12021","Collier","2005","2014","3.7","",
"12","Florida","12021","Collier","2006","2015","3.7","",
"12","Florida","12021","Collier","2007","2016","3.6","",
"12","Florida","12021","Collier","2008","2017","3.5","",
"12","Florida","12023","Columbia","2005","2014","1.2","",
"12","Florida","12023","Columbia","2006","2015","1.1","",
"12","Florida","12023","Columbia","2007","2016","1.1","",
"12","Florida","12023","Columbia","2008","2017","1.5","",
"12","Florida","12027","DeSoto","2005","2014","0.9","",
"12","Florida","12027","DeSoto","2006","2015","0.9","",
"12","Florida","12027","DeSoto","2007","2016","0.8","",
"12","Florida","12027","DeSoto","2008","2017","0.9","",
"12","Florida","12029","Dixie","2005","2014","5.4","< 10 Tests",
"12","Florida","12029","Dixie","2006","2015","5.4","< 10 Tests",
"12","Florida","12029","Dixie","2007","2016","5.4","< 10 Tests",
"12","Florida","12029","Dixie","2008","2017","5.4","< 10 Tests",
"12","Florida","12031","Duval","2005","2014","2.1","",
"12","Florida","12031","Duval","2006","2015","2.0","",
"12","Florida","12031","Duval","2007","2016","1.4","",
"12","Florida","12031","Duval","2008","2017","1.3","",
"12","Florida","12033","Escambia","2005","2014","0.7","",
"12","Florida","12033","Escambia","2006","2015","0.7","",
"12","Florida","12033","Escambia","2007","2016","0.8","",
"12","Florida","12033","Escambia","2008","2017","1.0","",
"12","Florida","12035","Flagler","2005","2014","1.5","",
"12","Florida","12035","Flagler","2006","2015","1.5","",
"12","Florida","12035","Flagler","2007","2016","1.5","",
"12","Florida","12035","Flagler","2008","2017","1.5","",
"12","Florida","12037","Franklin","2005","2014","0.5","< 10 Tests",
"12","Florida","12037","Franklin","2006","2015","0.5","< 10 Tests",
"12","Florida","12037","Franklin","2007","2016","0.5","< 10 Tests",
"12","Florida","12037","Franklin","2008","2017","0.3","< 10 Tests",
"12","Florida","12039","Gadsden","2005","2014","1.2","",
"12","Florida","12039","Gadsden","2006","2015","1.4","",
"12","Florida","12039","Gadsden","2007","2016","1.5","",
"12","Florida","12039","Gadsden","2008","2017","1.5","",
"12","Florida","12041","Gilchrist","2005","2014","0.8","",
"12","Florida","12041","Gilchrist","2006","2015","0.8","",
"12","Florida","12041","Gilchrist","2007","2016","0.6","",
"12","Florida","12041","Gilchrist","2008","2017","0.6","< 10 Tests",
"12","Florida","12043","Glades","2005","2014","1.4","< 10 Tests",
"12","Florida","12043","Glades","2006","2015","1.4","< 10 Tests",
"12","Florida","12043","Glades","2007","2016","1.4","< 10 Tests",
"12","Florida","12043","Glades","2008","2017","1.4","< 10 Tests",
"12","Florida","12045","Gulf","2005","2014","No Events","",
"12","Florida","12045","Gulf","2006","2015","No Events","",
"12","Florida","12045","Gulf","2007","2016","No Events","",
"12","Florida","12045","Gulf","2008","2017","No Events","",
"12","Florida","12047","Hamilton","2005","2014","No Events","",
"12","Florida","12047","Hamilton","2006","2015","No Events","",
"12","Florida","12047","Hamilton","2007","2016","No Events","",
"12","Florida","12047","Hamilton","2008","2017","No Events","",
"12","Florida","12049","Hardee","2005","2014","0.7","< 10 Tests",
"12","Florida","12049","Hardee","2006","2015","1.9","< 10 Tests",
"12","Florida","12049","Hardee","2007","2016","1.9","< 10 Tests",
"12","Florida","12049","Hardee","2008","2017","1.9","< 10 Tests",
"12","Florida","12051","Hendry","2005","2014","1.4","< 10 Tests",
"12","Florida","12051","Hendry","2006","2015","1.4","< 10 Tests",
"12","Florida","12051","Hendry","2007","2016","1.5","< 10 Tests",
"12","Florida","12051","Hendry","2008","2017","1.3","",
"12","Florida","12053","Hernando","2005","2014","0.9","",
"12","Florida","12053","Hernando","2006","2015","1.0","",
"12","Florida","12053","Hernando","2007","2016","1.0","",
"12","Florida","12053","Hernando","2008","2017","1.0","",
"12","Florida","12055","Highlands","2005","2014","1.7","",
"12","Florida","12055","Highlands","2006","2015","0.7","",
"12","Florida","12055","Highlands","2007","2016","0.7","",
"12","Florida","12055","Highlands","2008","2017","0.7","",
"12","Florida","12057","Hillsborough","2005","2014","2.3","",
"12","Florida","12057","Hillsborough","2006","2015","2.4","",
"12","Florida","12057","Hillsborough","2007","2016","2.5","",
"12","Florida","12057","Hillsborough","2008","2017","2.5","",
"12","Florida","12059","Holmes","2005","2014","0.4","< 10 Tests",
"12","Florida","12059","Holmes","2006","2015","0.4","< 10 Tests",
"12","Florida","12059","Holmes","2007","2016","0.5","< 10 Tests",
"12","Florida","12059","Holmes","2008","2017","0.6","< 10 Tests",
"12","Florida","12061","Indian River","2005","2014","0.7","",
"12","Florida","12061","Indian River","2006","2015","0.8","",
"12","Florida","12061","Indian River","2007","2016","0.9","",
"12","Florida","12061","Indian River","2008","2017","1.0","",
"12","Florida","12063","Jackson","2005","2014","0.7","",
"12","Florida","12063","Jackson","2006","2015","1.1","",
"12","Florida","12063","Jackson","2007","2016","1.1","",
"12","Florida","12063","Jackson","2008","2017","1.1","",
"12","Florida","12065","Jefferson","2005","2014","1.6","",
"12","Florida","12065","Jefferson","2006","2015","1.7","",
"12","Florida","12065","Jefferson","2007","2016","1.5","",
"12","Florida","12065","Jefferson","2008","2017","1.7","",
"12","Florida","12067","Lafayette","2005","2014","No Events","",
"12","Florida","12067","Lafayette","2006","2015","No Events","",
"12","Florida","12067","Lafayette","2007","2016","No Events","",
"12","Florida","12067","Lafayette","2008","2017","No Events","",
"12","Florida","12069","Lake","2005","2014","1.2","",
"12","Florida","12069","Lake","2006","2015","1.1","",
"12","Florida","12069","Lake","2007","2016","1.1","",
"12","Florida","12069","Lake","2008","2017","1.1","",
"12","Florida","12071","Lee","2005","2014","3.7","",
"12","Florida","12071","Lee","2006","2015","3.7","",
"12","Florida","12071","Lee","2007","2016","3.7","",
"12","Florida","12071","Lee","2008","2017","3.6","",
"12","Florida","12073","Leon","2005","2014","3.5","",
"12","Florida","12073","Leon","2006","2015","3.4","",
"12","Florida","12073","Leon","2007","2016","3.6","",
"12","Florida","12073","Leon","2008","2017","3.4","",
"12","Florida","12075","Levy","2005","2014","2.3","",
"12","Florida","12075","Levy","2006","2015","1.9","",
"12","Florida","12075","Levy","2007","2016","2.0","",
"12","Florida","12075","Levy","2008","2017","2.1","",
"12","Florida","12077","Liberty","2005","2014","No Events","",
"12","Florida","12077","Liberty","2006","2015","No Events","",
"12","Florida","12077","Liberty","2007","2016","No Events","",
"12","Florida","12077","Liberty","2008","2017","No Events","",
"12","Florida","12079","Madison","2005","2014","1.7","",
"12","Florida","12079","Madison","2006","2015","1.7","",
"12","Florida","12079","Madison","2007","2016","1.1","< 10 Tests",
"12","Florida","12079","Madison","2008","2017","1.1","< 10 Tests",
"12","Florida","12081","Manatee","2005","2014","1.8","",
"12","Florida","12081","Manatee","2006","2015","2.0","",
"12","Florida","12081","Manatee","2007","2016","2.0","",
"12","Florida","12081","Manatee","2008","2017","2.1","",
"12","Florida","12083","Marion","2005","2014","5.7","",
"12","Florida","12083","Marion","2006","2015","6.0","",
"12","Florida","12083","Marion","2007","2016","6.4","",
"12","Florida","12083","Marion","2008","2017","6.4","",
"12","Florida","12085","Martin","2005","2014","1.1","",
"12","Florida","12085","Martin","2006","2015","1.2","",
"12","Florida","12085","Martin","2007","2016","1.6","",
"12","Florida","12085","Martin","2008","2017","1.5","",
"12","Florida","12086","Miami-Dade","2005","2014","2.7","",
"12","Florida","12086","Miami-Dade","2006","2015","2.6","",
"12","Florida","12086","Miami-Dade","2007","2016","2.6","",
"12","Florida","12086","Miami-Dade","2008","2017","2.7","",
"12","Florida","12087","Monroe","2005","2014","3.8","",
"12","Florida","12087","Monroe","2006","2015","3.6","",
"12","Florida","12087","Monroe","2007","2016","3.2","",
"12","Florida","12087","Monroe","2008","2017","3.2","",
"12","Florida","12089","Nassau","2005","2014","1.7","",
"12","Florida","12089","Nassau","2006","2015","1.6","",
"12","Florida","12089","Nassau","2007","2016","1.1","",
"12","Florida","12089","Nassau","2008","2017","0.9","",
"12","Florida","12091","Okaloosa","2005","2014","1.1","",
"12","Florida","12091","Okaloosa","2006","2015","1.1","",
"12","Florida","12091","Okaloosa","2007","2016","1.1","",
"12","Florida","12091","Okaloosa","2008","2017","1.0","",
"12","Florida","12093","Okeechobee","2005","2014","1.4","< 10 Tests",
"12","Florida","12093","Okeechobee","2006","2015","1.8","< 10 Tests",
"12","Florida","12093","Okeechobee","2007","2016","1.8","< 10 Tests",
"12","Florida","12093","Okeechobee","2008","2017","1.8","< 10 Tests",
"12","Florida","12095","Orange","2005","2014","1.7","",
"12","Florida","12095","Orange","2006","2015","1.7","",
"12","Florida","12095","Orange","2007","2016","1.7","",
"12","Florida","12095","Orange","2008","2017","1.6","",
"12","Florida","12097","Osceola","2005","2014","0.9","",
"12","Florida","12097","Osceola","2006","2015","0.9","",
"12","Florida","12097","Osceola","2007","2016","0.8","",
"12","Florida","12097","Osceola","2008","2017","0.8","",
"12","Florida","12099","Palm Beach","2005","2014","1.7","",
"12","Florida","12099","Palm Beach","2006","2015","1.7","",
"12","Florida","12099","Palm Beach","2007","2016","1.7","",
"12","Florida","12099","Palm Beach","2008","2017","1.7","",
"12","Florida","12101","Pasco","2005","2014","1.9","",
"12","Florida","12101","Pasco","2006","2015","1.8","",
"12","Florida","12101","Pasco","2007","2016","1.9","",
"12","Florida","12101","Pasco","2008","2017","1.8","",
"12","Florida","12103","Pinellas","2005","2014","1.8","",
"12","Florida","12103","Pinellas","2006","2015","1.9","",
"12","Florida","12103","Pinellas","2007","2016","1.7","",
"12","Florida","12103","Pinellas","2008","2017","1.6","",
"12","Florida","12105","Polk","2005","2014","4.1","",
"12","Florida","12105","Polk","2006","2015","4.5","",
"12","Florida","12105","Polk","2007","2016","4.5","",
"12","Florida","12105","Polk","2008","2017","4.1","",
"12","Florida","12107","Putnam","2005","2014","0.6","",
"12","Florida","12107","Putnam","2006","2015","0.6","",
"12","Florida","12107","Putnam","2007","2016","0.6","",
"12","Florida","12107","Putnam","2008","2017","0.6","",
"12","Florida","12113","Santa Rosa","2005","2014","1.3","",
"12","Florida","12113","Santa Rosa","2006","2015","1.3","",
"12","Florida","12113","Santa Rosa","2007","2016","1.2","",
"12","Florida","12113","Santa Rosa","2008","2017","1.2","",
"12","Florida","12115","Sarasota","2005","2014","2.0","",
"12","Florida","12115","Sarasota","2006","2015","2.3","",
"12","Florida","12115","Sarasota","2007","2016","2.4","",
"12","Florida","12115","Sarasota","2008","2017","2.6","",
"12","Florida","12117","Seminole","2005","2014","1.5","",
"12","Florida","12117","Seminole","2006","2015","1.5","",
"12","Florida","12117","Seminole","2007","2016","1.5","",
"12","Florida","12117","Seminole","2008","2017","1.5","",
"12","Florida","12109","St. Johns","2005","2014","1.5","",
"12","Florida","12109","St. Johns","2006","2015","1.5","",
"12","Florida","12109","St. Johns","2007","2016","1.5","",
"12","Florida","12109","St. Johns","2008","2017","1.3","",
"12","Florida","12111","St. Lucie","2005","2014","0.7","",
"12","Florida","12111","St. Lucie","2006","2015","0.7","",
"12","Florida","12111","St. Lucie","2007","2016","0.7","",
"12","Florida","12111","St. Lucie","2008","2017","0.7","",
"12","Florida","12119","Sumter","2005","2014","2.7","",
"12","Florida","12119","Sumter","2006","2015","3.2","",
"12","Florida","12119","Sumter","2007","2016","3.1","",
"12","Florida","12119","Sumter","2008","2017","2.9","",
"12","Florida","12121","Suwannee","2005","2014","1.0","",
"12","Florida","12121","Suwannee","2006","2015","1.0","",
"12","Florida","12121","Suwannee","2007","2016","1.0","",
"12","Florida","12121","Suwannee","2008","2017","1.0","",
"12","Florida","12123","Taylor","2005","2014","2.2","< 10 Tests",
"12","Florida","12123","Taylor","2006","2015","2.2","< 10 Tests",
"12","Florida","12123","Taylor","2007","2016","1.6","< 10 Tests",
"12","Florida","12123","Taylor","2008","2017","1.8","< 10 Tests",
"12","Florida","12125","Union","2005","2014","6.3","< 10 Tests",
"12","Florida","12125","Union","2006","2015","8.5","< 10 Tests",
"12","Florida","12125","Union","2007","2016","8.5","< 10 Tests",
"12","Florida","12125","Union","2008","2017","5.9","< 10 Tests",
"12","Florida","12127","Volusia","2005","2014","0.9","",
"12","Florida","12127","Volusia","2006","2015","0.9","",
"12","Florida","12127","Volusia","2007","2016","1.0","",
"12","Florida","12127","Volusia","2008","2017","1.0","",
"12","Florida","12129","Wakulla","2005","2014","2.1","",
"12","Florida","12129","Wakulla","2006","2015","2.3","",
"12","Florida","12129","Wakulla","2007","2016","2.3","",
"12","Florida","12129","Wakulla","2008","2017","2.2","",
"12","Florida","12131","Walton","2005","2014","2.0","",
"12","Florida","12131","Walton","2006","2015","1.8","",
"12","Florida","12131","Walton","2007","2016","1.8","",
"12","Florida","12131","Walton","2008","2017","2.3","",
"12","Florida","12133","Washington","2005","2014","0.9","< 10 Tests",
"12","Florida","12133","Washington","2006","2015","0.9","< 10 Tests",
"12","Florida","12133","Washington","2007","2016","0.9","< 10 Tests",
"12","Florida","12133","Washington","2008","2017","0.9","< 10 Tests",
"13","Georgia","13001","Appling","2005","2014","No Events","",
"13","Georgia","13001","Appling","2006","2015","No Events","",
"13","Georgia","13001","Appling","2007","2016","No Events","",
"13","Georgia","13001","Appling","2008","2017","No Events","",
"13","Georgia","13003","Atkinson","2005","2014","No Events","",
"13","Georgia","13003","Atkinson","2006","2015","No Events","",
"13","Georgia","13003","Atkinson","2007","2016","No Events","",
"13","Georgia","13003","Atkinson","2008","2017","No Events","",
"13","Georgia","13005","Bacon","2005","2014","No Events","",
"13","Georgia","13005","Bacon","2006","2015","No Events","",
"13","Georgia","13005","Bacon","2007","2016","No Events","",
"13","Georgia","13005","Bacon","2008","2017","No Events","",
"13","Georgia","13007","Baker","2005","2014","No Events","",
"13","Georgia","13007","Baker","2006","2015","No Events","",
"13","Georgia","13007","Baker","2007","2016","No Events","",
"13","Georgia","13007","Baker","2008","2017","No Events","",
"13","Georgia","13009","Baldwin","2005","2014","2.9","",
"13","Georgia","13009","Baldwin","2006","2015","2.1","",
"13","Georgia","13009","Baldwin","2007","2016","2.1","",
"13","Georgia","13009","Baldwin","2008","2017","2.2","",
"13","Georgia","13011","Banks","2005","2014","3.7","",
"13","Georgia","13011","Banks","2006","2015","3.8","",
"13","Georgia","13011","Banks","2007","2016","3.7","",
"13","Georgia","13011","Banks","2008","2017","3.9","",
"13","Georgia","13013","Barrow","2005","2014","5.4","",
"13","Georgia","13013","Barrow","2006","2015","5.5","",
"13","Georgia","13013","Barrow","2007","2016","5.5","",
"13","Georgia","13013","Barrow","2008","2017","5.6","",
"13","Georgia","13015","Bartow","2005","2014","2.8","",
"13","Georgia","13015","Bartow","2006","2015","2.8","",
"13","Georgia","13015","Bartow","2007","2016","2.7","",
"13","Georgia","13015","Bartow","2008","2017","3.0","",
"13","Georgia","13017","Ben Hill","2005","2014","0.5","< 10 Tests",
"13","Georgia","13017","Ben Hill","2006","2015","0.5","< 10 Tests",
"13","Georgia","13017","Ben Hill","2007","2016","0.5","< 10 Tests",
"13","Georgia","13017","Ben Hill","2008","2017","0.5","< 10 Tests",
"13","Georgia","13019","Berrien","2005","2014","1.1","< 10 Tests",
"13","Georgia","13019","Berrien","2006","2015","1.1","< 10 Tests",
"13","Georgia","13019","Berrien","2007","2016","1.1","< 10 Tests",
"13","Georgia","13019","Berrien","2008","2017","1.1","< 10 Tests",
"13","Georgia","13021","Bibb","2005","2014","1.0","",
"13","Georgia","13021","Bibb","2006","2015","1.1","",
"13","Georgia","13021","Bibb","2007","2016","1.2","",
"13","Georgia","13021","Bibb","2008","2017","1.1","",
"13","Georgia","13023","Bleckley","2005","2014","1.1","< 10 Tests",
"13","Georgia","13023","Bleckley","2006","2015","1.1","< 10 Tests",
"13","Georgia","13023","Bleckley","2007","2016","1.1","< 10 Tests",
"13","Georgia","13023","Bleckley","2008","2017","1.1","< 10 Tests",
"13","Georgia","13025","Brantley","2005","2014","No Events","",
"13","Georgia","13025","Brantley","2006","2015","No Events","",
"13","Georgia","13025","Brantley","2007","2016","No Events","",
"13","Georgia","13025","Brantley","2008","2017","No Events","",
"13","Georgia","13027","Brooks","2005","2014","1.6","< 10 Tests",
"13","Georgia","13027","Brooks","2006","2015","1.6","< 10 Tests",
"13","Georgia","13027","Brooks","2007","2016","1.7","< 10 Tests",
"13","Georgia","13027","Brooks","2008","2017","1.7","< 10 Tests",
"13","Georgia","13029","Bryan","2005","2014","2.1","< 10 Tests",
"13","Georgia","13029","Bryan","2006","2015","2.1","< 10 Tests",
"13","Georgia","13029","Bryan","2007","2016","2.1","< 10 Tests",
"13","Georgia","13029","Bryan","2008","2017","2.1","< 10 Tests",
"13","Georgia","13031","Bulloch","2005","2014","0.9","",
"13","Georgia","13031","Bulloch","2006","2015","1.0","",
"13","Georgia","13031","Bulloch","2007","2016","0.9","",
"13","Georgia","13031","Bulloch","2008","2017","0.9","",
"13","Georgia","13033","Burke","2005","2014","0.9","< 10 Tests",
"13","Georgia","13033","Burke","2006","2015","0.9","< 10 Tests",
"13","Georgia","13033","Burke","2007","2016","0.9","< 10 Tests",
"13","Georgia","13033","Burke","2008","2017","0.9","< 10 Tests",
"13","Georgia","13035","Butts","2005","2014","2.3","",
"13","Georgia","13035","Butts","2006","2015","2.4","",
"13","Georgia","13035","Butts","2007","2016","2.3","",
"13","Georgia","13035","Butts","2008","2017","2.6","",
"13","Georgia","13037","Calhoun","2005","2014","No Events","",
"13","Georgia","13037","Calhoun","2006","2015","1.1","< 10 Tests",
"13","Georgia","13037","Calhoun","2007","2016","1.1","< 10 Tests",
"13","Georgia","13037","Calhoun","2008","2017","1.1","< 10 Tests",
"13","Georgia","13039","Camden","2005","2014","0.6","",
"13","Georgia","13039","Camden","2006","2015","0.7","",
"13","Georgia","13039","Camden","2007","2016","0.7","",
"13","Georgia","13039","Camden","2008","2017","0.7","",
"13","Georgia","13043","Candler","2005","2014","No Events","",
"13","Georgia","13043","Candler","2006","2015","No Events","",
"13","Georgia","13043","Candler","2007","2016","No Events","",
"13","Georgia","13043","Candler","2008","2017","No Events","",
"13","Georgia","13045","Carroll","2005","2014","4.1","",
"13","Georgia","13045","Carroll","2006","2015","4.1","",
"13","Georgia","13045","Carroll","2007","2016","4.3","",
"13","Georgia","13045","Carroll","2008","2017","4.6","",
"13","Georgia","13047","Catoosa","2005","2014","3.6","",
"13","Georgia","13047","Catoosa","2006","2015","3.4","",
"13","Georgia","13047","Catoosa","2007","2016","3.1","",
"13","Georgia","13047","Catoosa","2008","2017","3.1","",
"13","Georgia","13049","Charlton","2005","2014","0.1","< 10 Tests",
"13","Georgia","13049","Charlton","2006","2015","0.1","< 10 Tests",
"13","Georgia","13049","Charlton","2007","2016","0.1","< 10 Tests",
"13","Georgia","13049","Charlton","2008","2017","0.1","< 10 Tests",
"13","Georgia","13051","Chatham","2005","2014","0.6","",
"13","Georgia","13051","Chatham","2006","2015","0.6","",
"13","Georgia","13051","Chatham","2007","2016","0.7","",
"13","Georgia","13051","Chatham","2008","2017","0.7","",
"13","Georgia","13053","Chattahoochee","2005","2014","0.7","< 10 Tests",
"13","Georgia","13053","Chattahoochee","2006","2015","0.7","< 10 Tests",
"13","Georgia","13053","Chattahoochee","2007","2016","0.9","< 10 Tests",
"13","Georgia","13053","Chattahoochee","2008","2017","No Events","",
"13","Georgia","13055","Chattooga","2005","2014","4.7","",
"13","Georgia","13055","Chattooga","2006","2015","5.7","",
"13","Georgia","13055","Chattooga","2007","2016","5.7","",
"13","Georgia","13055","Chattooga","2008","2017","6.3","",
"13","Georgia","13057","Cherokee","2005","2014","2.6","",
"13","Georgia","13057","Cherokee","2006","2015","2.7","",
"13","Georgia","13057","Cherokee","2007","2016","2.7","",
"13","Georgia","13057","Cherokee","2008","2017","2.7","",
"13","Georgia","13059","Clarke","2005","2014","2.1","",
"13","Georgia","13059","Clarke","2006","2015","2.1","",
"13","Georgia","13059","Clarke","2007","2016","2.1","",
"13","Georgia","13059","Clarke","2008","2017","2.2","",
"13","Georgia","13061","Clay","2005","2014","0.1","< 10 Tests",
"13","Georgia","13061","Clay","2006","2015","0.1","< 10 Tests",
"13","Georgia","13061","Clay","2007","2016","0.1","< 10 Tests",
"13","Georgia","13061","Clay","2008","2017","No Events","",
"13","Georgia","13063","Clayton","2005","2014","2.9","",
"13","Georgia","13063","Clayton","2006","2015","2.8","",
"13","Georgia","13063","Clayton","2007","2016","2.4","",
"13","Georgia","13063","Clayton","2008","2017","2.5","",
"13","Georgia","13065","Clinch","2005","2014","0.7","< 10 Tests",
"13","Georgia","13065","Clinch","2006","2015","0.7","< 10 Tests",
"13","Georgia","13065","Clinch","2007","2016","0.7","< 10 Tests",
"13","Georgia","13065","Clinch","2008","2017","0.7","< 10 Tests",
"13","Georgia","13067","Cobb","2005","2014","2.3","",
"13","Georgia","13067","Cobb","2006","2015","2.3","",
"13","Georgia","13067","Cobb","2007","2016","2.4","",
"13","Georgia","13067","Cobb","2008","2017","2.4","",
"13","Georgia","13069","Coffee","2005","2014","1.2","< 10 Tests",
"13","Georgia","13069","Coffee","2006","2015","1.2","< 10 Tests",
"13","Georgia","13069","Coffee","2007","2016","1.2","< 10 Tests",
"13","Georgia","13069","Coffee","2008","2017","1.2","< 10 Tests",
"13","Georgia","13071","Colquitt","2005","2014","No Events","",
"13","Georgia","13071","Colquitt","2006","2015","0.5","< 10 Tests",
"13","Georgia","13071","Colquitt","2007","2016","0.5","< 10 Tests",
"13","Georgia","13071","Colquitt","2008","2017","0.5","< 10 Tests",
"13","Georgia","13073","Columbia","2005","2014","1.2","",
"13","Georgia","13073","Columbia","2006","2015","1.3","",
"13","Georgia","13073","Columbia","2007","2016","1.3","",
"13","Georgia","13073","Columbia","2008","2017","1.4","",
"13","Georgia","13075","Cook","2005","2014","3.9","< 10 Tests",
"13","Georgia","13075","Cook","2006","2015","3.9","< 10 Tests",
"13","Georgia","13075","Cook","2007","2016","3.9","< 10 Tests",
"13","Georgia","13075","Cook","2008","2017","3.9","< 10 Tests",
"13","Georgia","13077","Coweta","2005","2014","2.7","",
"13","Georgia","13077","Coweta","2006","2015","2.8","",
"13","Georgia","13077","Coweta","2007","2016","2.7","",
"13","Georgia","13077","Coweta","2008","2017","2.9","",
"13","Georgia","13079","Crawford","2005","2014","0.8","< 10 Tests",
"13","Georgia","13079","Crawford","2006","2015","1.3","< 10 Tests",
"13","Georgia","13079","Crawford","2007","2016","1.3","< 10 Tests",
"13","Georgia","13079","Crawford","2008","2017","2.2","< 10 Tests",
"13","Georgia","13081","Crisp","2005","2014","4.3","< 10 Tests",
"13","Georgia","13081","Crisp","2006","2015","4.3","< 10 Tests",
"13","Georgia","13081","Crisp","2007","2016","4.3","< 10 Tests",
"13","Georgia","13081","Crisp","2008","2017","0.1","< 10 Tests",
"13","Georgia","13083","Dade","2005","2014","3.1","",
"13","Georgia","13083","Dade","2006","2015","2.8","",
"13","Georgia","13083","Dade","2007","2016","2.8","",
"13","Georgia","13083","Dade","2008","2017","2.7","",
"13","Georgia","13085","Dawson","2005","2014","2.3","",
"13","Georgia","13085","Dawson","2006","2015","2.3","",
"13","Georgia","13085","Dawson","2007","2016","2.5","",
"13","Georgia","13085","Dawson","2008","2017","2.7","",
"13","Georgia","13087","Decatur","2005","2014","1.4","< 10 Tests",
"13","Georgia","13087","Decatur","2006","2015","1.7","< 10 Tests",
"13","Georgia","13087","Decatur","2007","2016","1.7","< 10 Tests",
"13","Georgia","13087","Decatur","2008","2017","1.7","< 10 Tests",
"13","Georgia","13089","DeKalb","2005","2014","2.6","",
"13","Georgia","13089","DeKalb","2006","2015","2.5","",
"13","Georgia","13089","DeKalb","2007","2016","2.5","",
"13","Georgia","13089","DeKalb","2008","2017","2.6","",
"13","Georgia","13091","Dodge","2005","2014","0.7","< 10 Tests",
"13","Georgia","13091","Dodge","2006","2015","0.7","< 10 Tests",
"13","Georgia","13091","Dodge","2007","2016","0.7","< 10 Tests",
"13","Georgia","13091","Dodge","2008","2017","0.7","< 10 Tests",
"13","Georgia","13093","Dooly","2005","2014","0.5","< 10 Tests",
"13","Georgia","13093","Dooly","2006","2015","0.5","< 10 Tests",
"13","Georgia","13093","Dooly","2007","2016","0.5","< 10 Tests",
"13","Georgia","13093","Dooly","2008","2017","No Events","",
"13","Georgia","13095","Dougherty","2005","2014","0.8","",
"13","Georgia","13095","Dougherty","2006","2015","0.8","",
"13","Georgia","13095","Dougherty","2007","2016","0.8","",
"13","Georgia","13095","Dougherty","2008","2017","0.8","",
"13","Georgia","13097","Douglas","2005","2014","5.0","",
"13","Georgia","13097","Douglas","2006","2015","4.9","",
"13","Georgia","13097","Douglas","2007","2016","4.9","",
"13","Georgia","13097","Douglas","2008","2017","5.2","",
"13","Georgia","13099","Early","2005","2014","1.9","< 10 Tests",
"13","Georgia","13099","Early","2006","2015","1.9","< 10 Tests",
"13","Georgia","13099","Early","2007","2016","1.9","< 10 Tests",
"13","Georgia","13099","Early","2008","2017","2.8","< 10 Tests",
"13","Georgia","13101","Echols","2005","2014","No Events","",
"13","Georgia","13101","Echols","2006","2015","No Events","",
"13","Georgia","13101","Echols","2007","2016","No Events","",
"13","Georgia","13101","Echols","2008","2017","No Events","",
"13","Georgia","13103","Effingham","2005","2014","1.1","< 10 Tests",
"13","Georgia","13103","Effingham","2006","2015","1.2","< 10 Tests",
"13","Georgia","13103","Effingham","2007","2016","1.2","< 10 Tests",
"13","Georgia","13103","Effingham","2008","2017","1.3","< 10 Tests",
"13","Georgia","13105","Elbert","2005","2014","2.5","",
"13","Georgia","13105","Elbert","2006","2015","2.3","",
"13","Georgia","13105","Elbert","2007","2016","2.5","",
"13","Georgia","13105","Elbert","2008","2017","2.6","",
"13","Georgia","13107","Emanuel","2005","2014","0.7","< 10 Tests",
"13","Georgia","13107","Emanuel","2006","2015","0.7","< 10 Tests",
"13","Georgia","13107","Emanuel","2007","2016","0.7","< 10 Tests",
"13","Georgia","13107","Emanuel","2008","2017","0.7","< 10 Tests",
"13","Georgia","13109","Evans","2005","2014","1.2","< 10 Tests",
"13","Georgia","13109","Evans","2006","2015","1.2","< 10 Tests",
"13","Georgia","13109","Evans","2007","2016","1.2","< 10 Tests",
"13","Georgia","13109","Evans","2008","2017","No Events","",
"13","Georgia","13111","Fannin","2005","2014","4.7","",
"13","Georgia","13111","Fannin","2006","2015","5.0","",
"13","Georgia","13111","Fannin","2007","2016","5.3","",
"13","Georgia","13111","Fannin","2008","2017","5.5","",
"13","Georgia","13113","Fayette","2005","2014","3.5","",
"13","Georgia","13113","Fayette","2006","2015","3.5","",
"13","Georgia","13113","Fayette","2007","2016","3.4","",
"13","Georgia","13113","Fayette","2008","2017","3.4","",
"13","Georgia","13115","Floyd","2005","2014","1.9","",
"13","Georgia","13115","Floyd","2006","2015","2.1","",
"13","Georgia","13115","Floyd","2007","2016","2.2","",
"13","Georgia","13115","Floyd","2008","2017","2.4","",
"13","Georgia","13117","Forsyth","2005","2014","2.2","",
"13","Georgia","13117","Forsyth","2006","2015","2.3","",
"13","Georgia","13117","Forsyth","2007","2016","2.3","",
"13","Georgia","13117","Forsyth","2008","2017","2.4","",
"13","Georgia","13119","Franklin","2005","2014","2.5","",
"13","Georgia","13119","Franklin","2006","2015","3.9","",
"13","Georgia","13119","Franklin","2007","2016","3.7","",
"13","Georgia","13119","Franklin","2008","2017","4.1","",
"13","Georgia","13121","Fulton","2005","2014","2.8","",
"13","Georgia","13121","Fulton","2006","2015","2.9","",
"13","Georgia","13121","Fulton","2007","2016","2.9","",
"13","Georgia","13121","Fulton","2008","2017","2.9","",
"13","Georgia","13123","Gilmer","2005","2014","4.6","",
"13","Georgia","13123","Gilmer","2006","2015","4.9","",
"13","Georgia","13123","Gilmer","2007","2016","4.8","",
"13","Georgia","13123","Gilmer","2008","2017","5.2","",
"13","Georgia","13125","Glascock","2005","2014","2.3","< 10 Tests",
"13","Georgia","13125","Glascock","2006","2015","No Events","",
"13","Georgia","13125","Glascock","2007","2016","No Events","",
"13","Georgia","13125","Glascock","2008","2017","No Events","",
"13","Georgia","13127","Glynn","2005","2014","0.7","",
"13","Georgia","13127","Glynn","2006","2015","0.7","",
"13","Georgia","13127","Glynn","2007","2016","0.6","",
"13","Georgia","13127","Glynn","2008","2017","0.5","",
"13","Georgia","13129","Gordon","2005","2014","4.5","",
"13","Georgia","13129","Gordon","2006","2015","3.1","",
"13","Georgia","13129","Gordon","2007","2016","3.0","",
"13","Georgia","13129","Gordon","2008","2017","2.9","",
"13","Georgia","13131","Grady","2005","2014","0.1","< 10 Tests",
"13","Georgia","13131","Grady","2006","2015","No Events","",
"13","Georgia","13131","Grady","2007","2016","No Events","",
"13","Georgia","13131","Grady","2008","2017","No Events","< 10 Tests",
"13","Georgia","13133","Greene","2005","2014","1.8","",
"13","Georgia","13133","Greene","2006","2015","2.0","",
"13","Georgia","13133","Greene","2007","2016","2.3","",
"13","Georgia","13133","Greene","2008","2017","2.5","",
"13","Georgia","13135","Gwinnett","2005","2014","3.8","",
"13","Georgia","13135","Gwinnett","2006","2015","3.8","",
"13","Georgia","13135","Gwinnett","2007","2016","3.8","",
"13","Georgia","13135","Gwinnett","2008","2017","3.9","",
"13","Georgia","13137","Habersham","2005","2014","4.1","",
"13","Georgia","13137","Habersham","2006","2015","4.2","",
"13","Georgia","13137","Habersham","2007","2016","4.2","",
"13","Georgia","13137","Habersham","2008","2017","4.5","",
"13","Georgia","13139","Hall","2005","2014","3.8","",
"13","Georgia","13139","Hall","2006","2015","3.9","",
"13","Georgia","13139","Hall","2007","2016","4.1","",
"13","Georgia","13139","Hall","2008","2017","4.2","",
"13","Georgia","13141","Hancock","2005","2014","2.7","< 10 Tests",
"13","Georgia","13141","Hancock","2006","2015","3.1","< 10 Tests",
"13","Georgia","13141","Hancock","2007","2016","1.7","< 10 Tests",
"13","Georgia","13141","Hancock","2008","2017","2.3","< 10 Tests",
"13","Georgia","13143","Haralson","2005","2014","3.8","",
"13","Georgia","13143","Haralson","2006","2015","3.3","",
"13","Georgia","13143","Haralson","2007","2016","2.9","",
"13","Georgia","13143","Haralson","2008","2017","3.2","",
"13","Georgia","13145","Harris","2005","2014","2.2","",
"13","Georgia","13145","Harris","2006","2015","2.3","",
"13","Georgia","13145","Harris","2007","2016","2.3","",
"13","Georgia","13145","Harris","2008","2017","2.4","",
"13","Georgia","13147","Hart","2005","2014","5.5","",
"13","Georgia","13147","Hart","2006","2015","5.6","",
"13","Georgia","13147","Hart","2007","2016","5.5","",
"13","Georgia","13147","Hart","2008","2017","5.0","",
"13","Georgia","13149","Heard","2005","2014","2.1","",
"13","Georgia","13149","Heard","2006","2015","2.1","",
"13","Georgia","13149","Heard","2007","2016","2.1","",
"13","Georgia","13149","Heard","2008","2017","3.4","",
"13","Georgia","13151","Henry","2005","2014","3.5","",
"13","Georgia","13151","Henry","2006","2015","3.4","",
"13","Georgia","13151","Henry","2007","2016","3.3","",
"13","Georgia","13151","Henry","2008","2017","3.4","",
"13","Georgia","13153","Houston","2005","2014","1.7","",
"13","Georgia","13153","Houston","2006","2015","2.2","",
"13","Georgia","13153","Houston","2007","2016","2.0","",
"13","Georgia","13153","Houston","2008","2017","2.2","",
"13","Georgia","13155","Irwin","2005","2014","No Events","",
"13","Georgia","13155","Irwin","2006","2015","0.1","< 10 Tests",
"13","Georgia","13155","Irwin","2007","2016","0.1","< 10 Tests",
"13","Georgia","13155","Irwin","2008","2017","0.1","< 10 Tests",
"13","Georgia","13157","Jackson","2005","2014","3.7","",
"13","Georgia","13157","Jackson","2006","2015","3.8","",
"13","Georgia","13157","Jackson","2007","2016","4.0","",
"13","Georgia","13157","Jackson","2008","2017","4.1","",
"13","Georgia","13159","Jasper","2005","2014","4.5","",
"13","Georgia","13159","Jasper","2006","2015","4.1","",
"13","Georgia","13159","Jasper","2007","2016","4.1","",
"13","Georgia","13159","Jasper","2008","2017","4.5","",
"13","Georgia","13161","Jeff Davis","2005","2014","No Events","",
"13","Georgia","13161","Jeff Davis","2006","2015","No Events","",
"13","Georgia","13161","Jeff Davis","2007","2016","No Events","",
"13","Georgia","13161","Jeff Davis","2008","2017","No Events","",
"13","Georgia","13163","Jefferson","2005","2014","1.4","< 10 Tests",
"13","Georgia","13163","Jefferson","2006","2015","1.1","< 10 Tests",
"13","Georgia","13163","Jefferson","2007","2016","1.1","< 10 Tests",
"13","Georgia","13163","Jefferson","2008","2017","1.1","< 10 Tests",
"13","Georgia","13165","Jenkins","2005","2014","0.1","< 10 Tests",
"13","Georgia","13165","Jenkins","2006","2015","0.1","< 10 Tests",
"13","Georgia","13165","Jenkins","2007","2016","0.1","< 10 Tests",
"13","Georgia","13165","Jenkins","2008","2017","0.1","< 10 Tests",
"13","Georgia","13167","Johnson","2005","2014","2.2","< 10 Tests",
"13","Georgia","13167","Johnson","2006","2015","2.2","< 10 Tests",
"13","Georgia","13167","Johnson","2007","2016","2.2","< 10 Tests",
"13","Georgia","13167","Johnson","2008","2017","2.2","< 10 Tests",
"13","Georgia","13169","Jones","2005","2014","2.1","",
"13","Georgia","13169","Jones","2006","2015","3.2","",
"13","Georgia","13169","Jones","2007","2016","3.4","",
"13","Georgia","13169","Jones","2008","2017","3.6","",
"13","Georgia","13171","Lamar","2005","2014","7.7","< 10 Tests",
"13","Georgia","13171","Lamar","2006","2015","7.0","",
"13","Georgia","13171","Lamar","2007","2016","7.0","",
"13","Georgia","13171","Lamar","2008","2017","5.3","",
"13","Georgia","13173","Lanier","2005","2014","No Events","",
"13","Georgia","13173","Lanier","2006","2015","No Events","",
"13","Georgia","13173","Lanier","2007","2016","No Events","",
"13","Georgia","13173","Lanier","2008","2017","No Events","",
"13","Georgia","13175","Laurens","2005","2014","2.1","",
"13","Georgia","13175","Laurens","2006","2015","2.2","",
"13","Georgia","13175","Laurens","2007","2016","1.8","",
"13","Georgia","13175","Laurens","2008","2017","1.9","",
"13","Georgia","13177","Lee","2005","2014","1.1","< 10 Tests",
"13","Georgia","13177","Lee","2006","2015","1.1","< 10 Tests",
"13","Georgia","13177","Lee","2007","2016","1.1","< 10 Tests",
"13","Georgia","13177","Lee","2008","2017","1.1","< 10 Tests",
"13","Georgia","13179","Liberty","2005","2014","0.6","< 10 Tests",
"13","Georgia","13179","Liberty","2006","2015","0.9","",
"13","Georgia","13179","Liberty","2007","2016","1.0","",
"13","Georgia","13179","Liberty","2008","2017","1.0","< 10 Tests",
"13","Georgia","13181","Lincoln","2005","2014","0.6","< 10 Tests",
"13","Georgia","13181","Lincoln","2006","2015","0.8","< 10 Tests",
"13","Georgia","13181","Lincoln","2007","2016","0.8","< 10 Tests",
"13","Georgia","13181","Lincoln","2008","2017","0.1","< 10 Tests",
"13","Georgia","13183","Long","2005","2014","No Events","",
"13","Georgia","13183","Long","2006","2015","No Events","",
"13","Georgia","13183","Long","2007","2016","No Events","",
"13","Georgia","13183","Long","2008","2017","No Events","",
"13","Georgia","13185","Lowndes","2005","2014","0.7","",
"13","Georgia","13185","Lowndes","2006","2015","0.7","",
"13","Georgia","13185","Lowndes","2007","2016","0.8","",
"13","Georgia","13185","Lowndes","2008","2017","1.4","< 10 Tests",
"13","Georgia","13187","Lumpkin","2005","2014","3.6","",
"13","Georgia","13187","Lumpkin","2006","2015","3.7","",
"13","Georgia","13187","Lumpkin","2007","2016","4.1","",
"13","Georgia","13187","Lumpkin","2008","2017","4.9","",
"13","Georgia","13193","Macon","2005","2014","1.3","< 10 Tests",
"13","Georgia","13193","Macon","2006","2015","1.0","< 10 Tests",
"13","Georgia","13193","Macon","2007","2016","1.0","< 10 Tests",
"13","Georgia","13193","Macon","2008","2017","2.5","< 10 Tests",
"13","Georgia","13195","Madison","2005","2014","2.3","",
"13","Georgia","13195","Madison","2006","2015","3.0","",
"13","Georgia","13195","Madison","2007","2016","3.5","",
"13","Georgia","13195","Madison","2008","2017","3.6","",
"13","Georgia","13197","Marion","2005","2014","0.8","< 10 Tests",
"13","Georgia","13197","Marion","2006","2015","0.8","< 10 Tests",
"13","Georgia","13197","Marion","2007","2016","1.0","< 10 Tests",
"13","Georgia","13197","Marion","2008","2017","1.0","< 10 Tests",
"13","Georgia","13189","McDuffie","2005","2014","4.1","",
"13","Georgia","13189","McDuffie","2006","2015","4.4","",
"13","Georgia","13189","McDuffie","2007","2016","4.4","",
"13","Georgia","13189","McDuffie","2008","2017","4.1","< 10 Tests",
"13","Georgia","13191","McIntosh","2005","2014","0.8","< 10 Tests",
"13","Georgia","13191","McIntosh","2006","2015","0.8","< 10 Tests",
"13","Georgia","13191","McIntosh","2007","2016","0.8","< 10 Tests",
"13","Georgia","13191","McIntosh","2008","2017","0.8","< 10 Tests",
"13","Georgia","13199","Meriwether","2005","2014","1.8","",
"13","Georgia","13199","Meriwether","2006","2015","1.9","",
"13","Georgia","13199","Meriwether","2007","2016","1.9","",
"13","Georgia","13199","Meriwether","2008","2017","2.2","",
"13","Georgia","13201","Miller","2005","2014","No Events","",
"13","Georgia","13201","Miller","2006","2015","No Events","",
"13","Georgia","13201","Miller","2007","2016","No Events","",
"13","Georgia","13201","Miller","2008","2017","No Events","",
"13","Georgia","13205","Mitchell","2005","2014","1.3","< 10 Tests",
"13","Georgia","13205","Mitchell","2006","2015","1.3","< 10 Tests",
"13","Georgia","13205","Mitchell","2007","2016","1.3","< 10 Tests",
"13","Georgia","13205","Mitchell","2008","2017","No Events","",
"13","Georgia","13207","Monroe","2005","2014","3.5","",
"13","Georgia","13207","Monroe","2006","2015","3.4","",
"13","Georgia","13207","Monroe","2007","2016","3.2","",
"13","Georgia","13207","Monroe","2008","2017","3.1","",
"13","Georgia","13209","Montgomery","2005","2014","No Events","",
"13","Georgia","13209","Montgomery","2006","2015","No Events","",
"13","Georgia","13209","Montgomery","2007","2016","No Events","",
"13","Georgia","13209","Montgomery","2008","2017","No Events","",
"13","Georgia","13211","Morgan","2005","2014","1.4","",
"13","Georgia","13211","Morgan","2006","2015","1.5","",
"13","Georgia","13211","Morgan","2007","2016","1.8","",
"13","Georgia","13211","Morgan","2008","2017","2.0","",
"13","Georgia","13213","Murray","2005","2014","2.3","",
"13","Georgia","13213","Murray","2006","2015","2.2","",
"13","Georgia","13213","Murray","2007","2016","2.2","",
"13","Georgia","13213","Murray","2008","2017","2.1","",
"13","Georgia","13215","Muscogee","2005","2014","1.2","",
"13","Georgia","13215","Muscogee","2006","2015","1.2","",
"13","Georgia","13215","Muscogee","2007","2016","1.3","",
"13","Georgia","13215","Muscogee","2008","2017","1.4","",
"13","Georgia","13217","Newton","2005","2014","2.9","",
"13","Georgia","13217","Newton","2006","2015","3.0","",
"13","Georgia","13217","Newton","2007","2016","3.1","",
"13","Georgia","13217","Newton","2008","2017","3.1","",
"13","Georgia","13219","Oconee","2005","2014","2.5","",
"13","Georgia","13219","Oconee","2006","2015","2.6","",
"13","Georgia","13219","Oconee","2007","2016","2.8","",
"13","Georgia","13219","Oconee","2008","2017","2.9","",
"13","Georgia","13221","Oglethorpe","2005","2014","2.9","",
"13","Georgia","13221","Oglethorpe","2006","2015","3.4","",
"13","Georgia","13221","Oglethorpe","2007","2016","3.4","",
"13","Georgia","13221","Oglethorpe","2008","2017","3.5","",
"13","Georgia","13223","Paulding","2005","2014","2.7","",
"13","Georgia","13223","Paulding","2006","2015","2.8","",
"13","Georgia","13223","Paulding","2007","2016","2.9","",
"13","Georgia","13223","Paulding","2008","2017","2.9","",
"13","Georgia","13225","Peach","2005","2014","0.7","< 10 Tests",
"13","Georgia","13225","Peach","2006","2015","0.7","< 10 Tests",
"13","Georgia","13225","Peach","2007","2016","4.4","< 10 Tests",
"13","Georgia","13225","Peach","2008","2017","3.5","< 10 Tests",
"13","Georgia","13227","Pickens","2005","2014","4.4","",
"13","Georgia","13227","Pickens","2006","2015","4.4","",
"13","Georgia","13227","Pickens","2007","2016","4.3","",
"13","Georgia","13227","Pickens","2008","2017","4.4","",
"13","Georgia","13229","Pierce","2005","2014","0.3","",
"13","Georgia","13229","Pierce","2006","2015","0.3","",
"13","Georgia","13229","Pierce","2007","2016","0.2","",
"13","Georgia","13229","Pierce","2008","2017","0.2","< 10 Tests",
"13","Georgia","13231","Pike","2005","2014","4.1","",
"13","Georgia","13231","Pike","2006","2015","3.8","",
"13","Georgia","13231","Pike","2007","2016","3.9","",
"13","Georgia","13231","Pike","2008","2017","3.9","",
"13","Georgia","13233","Polk","2005","2014","4.5","",
"13","Georgia","13233","Polk","2006","2015","4.3","",
"13","Georgia","13233","Polk","2007","2016","4.4","",
"13","Georgia","13233","Polk","2008","2017","5.0","",
"13","Georgia","13235","Pulaski","2005","2014","No Events","",
"13","Georgia","13235","Pulaski","2006","2015","No Events","",
"13","Georgia","13235","Pulaski","2007","2016","0.6","",
"13","Georgia","13235","Pulaski","2008","2017","0.6","",
"13","Georgia","13237","Putnam","2005","2014","4.3","",
"13","Georgia","13237","Putnam","2006","2015","4.1","",
"13","Georgia","13237","Putnam","2007","2016","3.9","",
"13","Georgia","13237","Putnam","2008","2017","3.0","",
"13","Georgia","13239","Quitman","2005","2014","No Events","",
"13","Georgia","13239","Quitman","2006","2015","No Events","",
"13","Georgia","13239","Quitman","2007","2016","No Events","",
"13","Georgia","13239","Quitman","2008","2017","No Events","",
"13","Georgia","13241","Rabun","2005","2014","2.8","",
"13","Georgia","13241","Rabun","2006","2015","2.5","",
"13","Georgia","13241","Rabun","2007","2016","2.9","",
"13","Georgia","13241","Rabun","2008","2017","3.3","",
"13","Georgia","13243","Randolph","2005","2014","2.4","< 10 Tests",
"13","Georgia","13243","Randolph","2006","2015","2.4","< 10 Tests",
"13","Georgia","13243","Randolph","2007","2016","2.4","< 10 Tests",
"13","Georgia","13243","Randolph","2008","2017","2.4","< 10 Tests",
"13","Georgia","13245","Richmond","2005","2014","1.2","",
"13","Georgia","13245","Richmond","2006","2015","1.2","",
"13","Georgia","13245","Richmond","2007","2016","1.3","",
"13","Georgia","13245","Richmond","2008","2017","1.3","",
"13","Georgia","13247","Rockdale","2005","2014","4.4","",
"13","Georgia","13247","Rockdale","2006","2015","4.1","",
"13","Georgia","13247","Rockdale","2007","2016","4.1","",
"13","Georgia","13247","Rockdale","2008","2017","4.1","",
"13","Georgia","13249","Schley","2005","2014","No Events","",
"13","Georgia","13249","Schley","2006","2015","0.6","< 10 Tests",
"13","Georgia","13249","Schley","2007","2016","0.6","< 10 Tests",
"13","Georgia","13249","Schley","2008","2017","0.6","< 10 Tests",
"13","Georgia","13251","Screven","2005","2014","0.7","< 10 Tests",
"13","Georgia","13251","Screven","2006","2015","0.6","< 10 Tests",
"13","Georgia","13251","Screven","2007","2016","0.6","< 10 Tests",
"13","Georgia","13251","Screven","2008","2017","0.8","< 10 Tests",
"13","Georgia","13253","Seminole","2005","2014","No Events","",
"13","Georgia","13253","Seminole","2006","2015","No Events","",
"13","Georgia","13253","Seminole","2007","2016","No Events","",
"13","Georgia","13253","Seminole","2008","2017","No Events","",
"13","Georgia","13255","Spalding","2005","2014","5.0","",
"13","Georgia","13255","Spalding","2006","2015","4.6","",
"13","Georgia","13255","Spalding","2007","2016","4.7","",
"13","Georgia","13255","Spalding","2008","2017","4.8","",
"13","Georgia","13257","Stephens","2005","2014","2.7","",
"13","Georgia","13257","Stephens","2006","2015","2.7","",
"13","Georgia","13257","Stephens","2007","2016","3.0","",
"13","Georgia","13257","Stephens","2008","2017","3.0","",
"13","Georgia","13259","Stewart","2005","2014","No Events","",
"13","Georgia","13259","Stewart","2006","2015","No Events","",
"13","Georgia","13259","Stewart","2007","2016","No Events","",
"13","Georgia","13259","Stewart","2008","2017","No Events","",
"13","Georgia","13261","Sumter","2005","2014","2.2","< 10 Tests",
"13","Georgia","13261","Sumter","2006","2015","2.5","< 10 Tests",
"13","Georgia","13261","Sumter","2007","2016","3.0","< 10 Tests",
"13","Georgia","13261","Sumter","2008","2017","3.0","< 10 Tests",
"13","Georgia","13263","Talbot","2005","2014","0.1","< 10 Tests",
"13","Georgia","13263","Talbot","2006","2015","0.1","< 10 Tests",
"13","Georgia","13263","Talbot","2007","2016","0.1","< 10 Tests",
"13","Georgia","13263","Talbot","2008","2017","0.1","< 10 Tests",
"13","Georgia","13265","Taliaferro","2005","2014","0.4","< 10 Tests",
"13","Georgia","13265","Taliaferro","2006","2015","0.4","< 10 Tests",
"13","Georgia","13265","Taliaferro","2007","2016","0.4","< 10 Tests",
"13","Georgia","13265","Taliaferro","2008","2017","No Events","",
"13","Georgia","13267","Tattnall","2005","2014","No Events","",
"13","Georgia","13267","Tattnall","2006","2015","No Events","",
"13","Georgia","13267","Tattnall","2007","2016","No Events","",
"13","Georgia","13267","Tattnall","2008","2017","No Events","",
"13","Georgia","13269","Taylor","2005","2014","No Events","",
"13","Georgia","13269","Taylor","2006","2015","No Events","",
"13","Georgia","13269","Taylor","2007","2016","No Events","",
"13","Georgia","13269","Taylor","2008","2017","No Events","",
"13","Georgia","13271","Telfair","2005","2014","No Events","",
"13","Georgia","13271","Telfair","2006","2015","No Events","",
"13","Georgia","13271","Telfair","2007","2016","2.3","< 10 Tests",
"13","Georgia","13271","Telfair","2008","2017","1.6","< 10 Tests",
"13","Georgia","13273","Terrell","2005","2014","No Events","",
"13","Georgia","13273","Terrell","2006","2015","No Events","",
"13","Georgia","13273","Terrell","2007","2016","No Events","",
"13","Georgia","13273","Terrell","2008","2017","No Events","",
"13","Georgia","13275","Thomas","2005","2014","2.3","",
"13","Georgia","13275","Thomas","2006","2015","2.1","",
"13","Georgia","13275","Thomas","2007","2016","2.3","",
"13","Georgia","13275","Thomas","2008","2017","2.2","",
"13","Georgia","13277","Tift","2005","2014","1.3","",
"13","Georgia","13277","Tift","2006","2015","1.3","",
"13","Georgia","13277","Tift","2007","2016","1.3","",
"13","Georgia","13277","Tift","2008","2017","1.4","< 10 Tests",
"13","Georgia","13279","Toombs","2005","2014","0.8","< 10 Tests",
"13","Georgia","13279","Toombs","2006","2015","0.8","< 10 Tests",
"13","Georgia","13279","Toombs","2007","2016","0.8","< 10 Tests",
"13","Georgia","13279","Toombs","2008","2017","0.8","< 10 Tests",
"13","Georgia","13281","Towns","2005","2014","3.7","",
"13","Georgia","13281","Towns","2006","2015","3.8","",
"13","Georgia","13281","Towns","2007","2016","3.8","",
"13","Georgia","13281","Towns","2008","2017","4.0","",
"13","Georgia","13283","Treutlen","2005","2014","0.2","< 10 Tests",
"13","Georgia","13283","Treutlen","2006","2015","0.2","< 10 Tests",
"13","Georgia","13283","Treutlen","2007","2016","0.2","< 10 Tests",
"13","Georgia","13283","Treutlen","2008","2017","No Events","",
"13","Georgia","13285","Troup","2005","2014","3.5","",
"13","Georgia","13285","Troup","2006","2015","4.0","",
"13","Georgia","13285","Troup","2007","2016","4.2","",
"13","Georgia","13285","Troup","2008","2017","4.8","",
"13","Georgia","13287","Turner","2005","2014","0.9","< 10 Tests",
"13","Georgia","13287","Turner","2006","2015","0.9","< 10 Tests",
"13","Georgia","13287","Turner","2007","2016","0.9","< 10 Tests",
"13","Georgia","13287","Turner","2008","2017","No Events","",
"13","Georgia","13289","Twiggs","2005","2014","0.8","< 10 Tests",
"13","Georgia","13289","Twiggs","2006","2015","0.5","< 10 Tests",
"13","Georgia","13289","Twiggs","2007","2016","0.5","< 10 Tests",
"13","Georgia","13289","Twiggs","2008","2017","2.4","< 10 Tests",
"13","Georgia","13291","Union","2005","2014","5.6","",
"13","Georgia","13291","Union","2006","2015","5.3","",
"13","Georgia","13291","Union","2007","2016","5.2","",
"13","Georgia","13291","Union","2008","2017","5.3","",
"13","Georgia","13293","Upson","2005","2014","2.4","< 10 Tests",
"13","Georgia","13293","Upson","2006","2015","2.9","",
"13","Georgia","13293","Upson","2007","2016","2.3","",
"13","Georgia","13293","Upson","2008","2017","2.3","",
"13","Georgia","13295","Walker","2005","2014","2.7","",
"13","Georgia","13295","Walker","2006","2015","2.7","",
"13","Georgia","13295","Walker","2007","2016","3.0","",
"13","Georgia","13295","Walker","2008","2017","3.1","",
"13","Georgia","13297","Walton","2005","2014","4.1","",
"13","Georgia","13297","Walton","2006","2015","4.2","",
"13","Georgia","13297","Walton","2007","2016","4.2","",
"13","Georgia","13297","Walton","2008","2017","4.4","",
"13","Georgia","13299","Ware","2005","2014","0.5","",
"13","Georgia","13299","Ware","2006","2015","0.5","",
"13","Georgia","13299","Ware","2007","2016","0.5","",
"13","Georgia","13299","Ware","2008","2017","0.5","< 10 Tests",
"13","Georgia","13301","Warren","2005","2014","1.6","< 10 Tests",
"13","Georgia","13301","Warren","2006","2015","1.4","< 10 Tests",
"13","Georgia","13301","Warren","2007","2016","0.8","< 10 Tests",
"13","Georgia","13301","Warren","2008","2017","0.5","< 10 Tests",
"13","Georgia","13303","Washington","2005","2014","0.5","< 10 Tests",
"13","Georgia","13303","Washington","2006","2015","0.1","< 10 Tests",
"13","Georgia","13303","Washington","2007","2016","0.1","< 10 Tests",
"13","Georgia","13303","Washington","2008","2017","0.1","< 10 Tests",
"13","Georgia","13305","Wayne","2005","2014","0.5","< 10 Tests",
"13","Georgia","13305","Wayne","2006","2015","0.5","< 10 Tests",
"13","Georgia","13305","Wayne","2007","2016","0.5","< 10 Tests",
"13","Georgia","13305","Wayne","2008","2017","0.5","< 10 Tests",
"13","Georgia","13307","Webster","2005","2014","No Events","",
"13","Georgia","13307","Webster","2006","2015","No Events","",
"13","Georgia","13307","Webster","2007","2016","No Events","",
"13","Georgia","13307","Webster","2008","2017","No Events","",
"13","Georgia","13309","Wheeler","2005","2014","0.5","< 10 Tests",
"13","Georgia","13309","Wheeler","2006","2015","0.5","< 10 Tests",
"13","Georgia","13309","Wheeler","2007","2016","0.5","< 10 Tests",
"13","Georgia","13309","Wheeler","2008","2017","0.5","< 10 Tests",
"13","Georgia","13311","White","2005","2014","3.3","",
"13","Georgia","13311","White","2006","2015","3.4","",
"13","Georgia","13311","White","2007","2016","3.5","",
"13","Georgia","13311","White","2008","2017","3.7","",
"13","Georgia","13313","Whitfield","2005","2014","2.0","",
"13","Georgia","13313","Whitfield","2006","2015","2.1","",
"13","Georgia","13313","Whitfield","2007","2016","2.0","",
"13","Georgia","13313","Whitfield","2008","2017","2.2","",
"13","Georgia","13315","Wilcox","2005","2014","0.5","< 10 Tests",
"13","Georgia","13315","Wilcox","2006","2015","0.5","< 10 Tests",
"13","Georgia","13315","Wilcox","2007","2016","0.5","< 10 Tests",
"13","Georgia","13315","Wilcox","2008","2017","0.5","< 10 Tests",
"13","Georgia","13317","Wilkes","2005","2014","1.1","",
"13","Georgia","13317","Wilkes","2006","2015","1.7","< 10 Tests",
"13","Georgia","13317","Wilkes","2007","2016","2.1","< 10 Tests",
"13","Georgia","13317","Wilkes","2008","2017","2.3","< 10 Tests",
"13","Georgia","13319","Wilkinson","2005","2014","0.1","< 10 Tests",
"13","Georgia","13319","Wilkinson","2006","2015","0.1","< 10 Tests",
"13","Georgia","13319","Wilkinson","2007","2016","0.1","< 10 Tests",
"13","Georgia","13319","Wilkinson","2008","2017","0.1","< 10 Tests",
"13","Georgia","13321","Worth","2005","2014","No Events","",
"13","Georgia","13321","Worth","2006","2015","No Events","",
"13","Georgia","13321","Worth","2007","2016","No Events","",
"13","Georgia","13321","Worth","2008","2017","No Events","",
"16","Idaho","16001","Ada","2005","2014","3.1","",
"16","Idaho","16001","Ada","2006","2015","3.1","",
"16","Idaho","16001","Ada","2007","2016","3.2","",
"16","Idaho","16001","Ada","2008","2017","3.2","",
"16","Idaho","16003","Adams","2005","2014","8.0","",
"16","Idaho","16003","Adams","2006","2015","8.0","",
"16","Idaho","16003","Adams","2007","2016","7.9","",
"16","Idaho","16003","Adams","2008","2017","9.3","",
"16","Idaho","16005","Bannock","2005","2014","5.7","",
"16","Idaho","16005","Bannock","2006","2015","5.7","",
"16","Idaho","16005","Bannock","2007","2016","6.0","",
"16","Idaho","16005","Bannock","2008","2017","6.0","",
"16","Idaho","16007","Bear Lake","2005","2014","6.9","",
"16","Idaho","16007","Bear Lake","2006","2015","7.0","",
"16","Idaho","16007","Bear Lake","2007","2016","8.3","",
"16","Idaho","16007","Bear Lake","2008","2017","9.1","",
"16","Idaho","16009","Benewah","2005","2014","2.7","",
"16","Idaho","16009","Benewah","2006","2015","2.7","",
"16","Idaho","16009","Benewah","2007","2016","2.8","",
"16","Idaho","16009","Benewah","2008","2017","3.4","",
"16","Idaho","16011","Bingham","2005","2014","5.9","",
"16","Idaho","16011","Bingham","2006","2015","6.0","",
"16","Idaho","16011","Bingham","2007","2016","6.1","",
"16","Idaho","16011","Bingham","2008","2017","6.2","",
"16","Idaho","16013","Blaine","2005","2014","8.5","",
"16","Idaho","16013","Blaine","2006","2015","8.6","",
"16","Idaho","16013","Blaine","2007","2016","8.7","",
"16","Idaho","16013","Blaine","2008","2017","9.4","",
"16","Idaho","16015","Boise","2005","2014","3.6","",
"16","Idaho","16015","Boise","2006","2015","3.6","",
"16","Idaho","16015","Boise","2007","2016","3.5","",
"16","Idaho","16015","Boise","2008","2017","3.4","",
"16","Idaho","16017","Bonner","2005","2014","3.8","",
"16","Idaho","16017","Bonner","2006","2015","3.9","",
"16","Idaho","16017","Bonner","2007","2016","4.0","",
"16","Idaho","16017","Bonner","2008","2017","5.0","",
"16","Idaho","16019","Bonneville","2005","2014","4.2","",
"16","Idaho","16019","Bonneville","2006","2015","4.2","",
"16","Idaho","16019","Bonneville","2007","2016","4.3","",
"16","Idaho","16019","Bonneville","2008","2017","4.3","",
"16","Idaho","16021","Boundary","2005","2014","3.5","",
"16","Idaho","16021","Boundary","2006","2015","3.4","",
"16","Idaho","16021","Boundary","2007","2016","3.3","",
"16","Idaho","16021","Boundary","2008","2017","3.4","",
"16","Idaho","16023","Butte","2005","2014","26.5","",
"16","Idaho","16023","Butte","2006","2015","25.9","",
"16","Idaho","16023","Butte","2007","2016","23.7","",
"16","Idaho","16023","Butte","2008","2017","21.8","",
"16","Idaho","16025","Camas","2005","2014","2.3","< 10 Tests",
"16","Idaho","16025","Camas","2006","2015","2.3","< 10 Tests",
"16","Idaho","16025","Camas","2007","2016","2.4","< 10 Tests",
"16","Idaho","16025","Camas","2008","2017","3.3","< 10 Tests",
"16","Idaho","16027","Canyon","2005","2014","2.1","",
"16","Idaho","16027","Canyon","2006","2015","2.1","",
"16","Idaho","16027","Canyon","2007","2016","2.2","",
"16","Idaho","16027","Canyon","2008","2017","2.2","",
"16","Idaho","16029","Caribou","2005","2014","4.5","",
"16","Idaho","16029","Caribou","2006","2015","4.5","",
"16","Idaho","16029","Caribou","2007","2016","5.0","",
"16","Idaho","16029","Caribou","2008","2017","4.9","",
"16","Idaho","16031","Cassia","2005","2014","6.8","",
"16","Idaho","16031","Cassia","2006","2015","8.0","",
"16","Idaho","16031","Cassia","2007","2016","8.1","",
"16","Idaho","16031","Cassia","2008","2017","8.0","",
"16","Idaho","16033","Clark","2005","2014","13.9","< 10 Tests",
"16","Idaho","16033","Clark","2006","2015","13.9","< 10 Tests",
"16","Idaho","16033","Clark","2007","2016","13.9","< 10 Tests",
"16","Idaho","16033","Clark","2008","2017","13.9","< 10 Tests",
"16","Idaho","16035","Clearwater","2005","2014","3.0","",
"16","Idaho","16035","Clearwater","2006","2015","2.2","",
"16","Idaho","16035","Clearwater","2007","2016","2.4","",
"16","Idaho","16035","Clearwater","2008","2017","2.8","",
"16","Idaho","16037","Custer","2005","2014","10.5","",
"16","Idaho","16037","Custer","2006","2015","10.0","",
"16","Idaho","16037","Custer","2007","2016","9.9","",
"16","Idaho","16037","Custer","2008","2017","9.0","",
"16","Idaho","16039","Elmore","2005","2014","9.6","",
"16","Idaho","16039","Elmore","2006","2015","9.3","",
"16","Idaho","16039","Elmore","2007","2016","8.3","",
"16","Idaho","16039","Elmore","2008","2017","8.5","",
"16","Idaho","16041","Franklin","2005","2014","3.8","",
"16","Idaho","16041","Franklin","2006","2015","4.1","",
"16","Idaho","16041","Franklin","2007","2016","4.3","",
"16","Idaho","16041","Franklin","2008","2017","4.5","",
"16","Idaho","16043","Fremont","2005","2014","9.0","",
"16","Idaho","16043","Fremont","2006","2015","9.0","",
"16","Idaho","16043","Fremont","2007","2016","7.9","",
"16","Idaho","16043","Fremont","2008","2017","7.6","",
"16","Idaho","16045","Gem","2005","2014","2.4","",
"16","Idaho","16045","Gem","2006","2015","2.7","",
"16","Idaho","16045","Gem","2007","2016","2.7","",
"16","Idaho","16045","Gem","2008","2017","2.7","",
"16","Idaho","16047","Gooding","2005","2014","3.6","",
"16","Idaho","16047","Gooding","2006","2015","3.7","",
"16","Idaho","16047","Gooding","2007","2016","3.6","",
"16","Idaho","16047","Gooding","2008","2017","3.8","",
"16","Idaho","16049","Idaho","2005","2014","6.8","",
"16","Idaho","16049","Idaho","2006","2015","6.9","",
"16","Idaho","16049","Idaho","2007","2016","6.9","",
"16","Idaho","16049","Idaho","2008","2017","6.6","",
"16","Idaho","16051","Jefferson","2005","2014","7.5","",
"16","Idaho","16051","Jefferson","2006","2015","7.4","",
"16","Idaho","16051","Jefferson","2007","2016","7.6","",
"16","Idaho","16051","Jefferson","2008","2017","8.4","",
"16","Idaho","16053","Jerome","2005","2014","2.3","",
"16","Idaho","16053","Jerome","2006","2015","2.2","",
"16","Idaho","16053","Jerome","2007","2016","2.2","",
"16","Idaho","16053","Jerome","2008","2017","2.3","",
"16","Idaho","16055","Kootenai","2005","2014","12.9","",
"16","Idaho","16055","Kootenai","2006","2015","12.8","",
"16","Idaho","16055","Kootenai","2007","2016","13.0","",
"16","Idaho","16055","Kootenai","2008","2017","13.4","",
"16","Idaho","16057","Latah","2005","2014","3.7","",
"16","Idaho","16057","Latah","2006","2015","3.6","",
"16","Idaho","16057","Latah","2007","2016","3.6","",
"16","Idaho","16057","Latah","2008","2017","3.3","",
"16","Idaho","16059","Lemhi","2005","2014","7.4","",
"16","Idaho","16059","Lemhi","2006","2015","7.7","",
"16","Idaho","16059","Lemhi","2007","2016","7.9","",
"16","Idaho","16059","Lemhi","2008","2017","8.0","",
"16","Idaho","16061","Lewis","2005","2014","2.2","< 10 Tests",
"16","Idaho","16061","Lewis","2006","2015","2.5","",
"16","Idaho","16061","Lewis","2007","2016","2.7","< 10 Tests",
"16","Idaho","16061","Lewis","2008","2017","3.7","< 10 Tests",
"16","Idaho","16063","Lincoln","2005","2014","3.4","",
"16","Idaho","16063","Lincoln","2006","2015","3.4","",
"16","Idaho","16063","Lincoln","2007","2016","3.4","",
"16","Idaho","16063","Lincoln","2008","2017","7.5","",
"16","Idaho","16065","Madison","2005","2014","11.4","",
"16","Idaho","16065","Madison","2006","2015","11.3","",
"16","Idaho","16065","Madison","2007","2016","11.3","",
"16","Idaho","16065","Madison","2008","2017","11.0","",
"16","Idaho","16067","Minidoka","2005","2014","2.7","",
"16","Idaho","16067","Minidoka","2006","2015","2.8","",
"16","Idaho","16067","Minidoka","2007","2016","2.8","",
"16","Idaho","16067","Minidoka","2008","2017","2.6","",
"16","Idaho","16069","Nez Perce","2005","2014","3.9","",
"16","Idaho","16069","Nez Perce","2006","2015","4.2","",
"16","Idaho","16069","Nez Perce","2007","2016","4.2","",
"16","Idaho","16069","Nez Perce","2008","2017","4.5","",
"16","Idaho","16071","Oneida","2005","2014","6.9","",
"16","Idaho","16071","Oneida","2006","2015","6.9","",
"16","Idaho","16071","Oneida","2007","2016","7.1","",
"16","Idaho","16071","Oneida","2008","2017","7.5","",
"16","Idaho","16073","Owyhee","2005","2014","2.5","",
"16","Idaho","16073","Owyhee","2006","2015","2.5","",
"16","Idaho","16073","Owyhee","2007","2016","2.4","",
"16","Idaho","16073","Owyhee","2008","2017","2.8","",
"16","Idaho","16075","Payette","2005","2014","1.7","",
"16","Idaho","16075","Payette","2006","2015","1.7","",
"16","Idaho","16075","Payette","2007","2016","1.8","",
"16","Idaho","16075","Payette","2008","2017","1.9","",
"16","Idaho","16077","Power","2005","2014","6.6","",
"16","Idaho","16077","Power","2006","2015","6.9","",
"16","Idaho","16077","Power","2007","2016","6.8","",
"16","Idaho","16077","Power","2008","2017","6.5","",
"16","Idaho","16079","Shoshone","2005","2014","9.2","",
"16","Idaho","16079","Shoshone","2006","2015","9.4","",
"16","Idaho","16079","Shoshone","2007","2016","9.4","",
"16","Idaho","16079","Shoshone","2008","2017","10.6","",
"16","Idaho","16081","Teton","2005","2014","16.1","",
"16","Idaho","16081","Teton","2006","2015","13.9","",
"16","Idaho","16081","Teton","2007","2016","12.8","",
"16","Idaho","16081","Teton","2008","2017","12.2","",
"16","Idaho","16083","Twin Falls","2005","2014","3.1","",
"16","Idaho","16083","Twin Falls","2006","2015","3.1","",
"16","Idaho","16083","Twin Falls","2007","2016","3.0","",
"16","Idaho","16083","Twin Falls","2008","2017","3.1","",
"16","Idaho","16085","Valley","2005","2014","3.0","",
"16","Idaho","16085","Valley","2006","2015","3.1","",
"16","Idaho","16085","Valley","2007","2016","3.3","",
"16","Idaho","16085","Valley","2008","2017","4.5","",
"16","Idaho","16087","Washington","2005","2014","2.5","",
"16","Idaho","16087","Washington","2006","2015","3.3","",
"16","Idaho","16087","Washington","2007","2016","3.3","",
"16","Idaho","16087","Washington","2008","2017","3.3","",
"17","Illinois","17001","Adams","2005","2014","7.1","",
"17","Illinois","17001","Adams","2006","2015","7.0","",
"17","Illinois","17001","Adams","2007","2016","6.7","",
"17","Illinois","17001","Adams","2008","2017","6.5","",
"17","Illinois","17003","Alexander","2005","2014","2.8","",
"17","Illinois","17003","Alexander","2006","2015","2.8","",
"17","Illinois","17003","Alexander","2007","2016","3.1","",
"17","Illinois","17003","Alexander","2008","2017","3.0","< 10 Tests",
"17","Illinois","17005","Bond","2005","2014","4.5","",
"17","Illinois","17005","Bond","2006","2015","4.4","",
"17","Illinois","17005","Bond","2007","2016","4.9","",
"17","Illinois","17005","Bond","2008","2017","5.0","",
"17","Illinois","17007","Boone","2005","2014","5.5","",
"17","Illinois","17007","Boone","2006","2015","5.6","",
"17","Illinois","17007","Boone","2007","2016","5.6","",
"17","Illinois","17007","Boone","2008","2017","5.6","",
"17","Illinois","17009","Brown","2005","2014","5.5","",
"17","Illinois","17009","Brown","2006","2015","5.6","",
"17","Illinois","17009","Brown","2007","2016","5.6","",
"17","Illinois","17009","Brown","2008","2017","5.4","",
"17","Illinois","17011","Bureau","2005","2014","7.4","",
"17","Illinois","17011","Bureau","2006","2015","7.1","",
"17","Illinois","17011","Bureau","2007","2016","6.8","",
"17","Illinois","17011","Bureau","2008","2017","7.2","",
"17","Illinois","17013","Calhoun","2005","2014","4.1","",
"17","Illinois","17013","Calhoun","2006","2015","4.1","",
"17","Illinois","17013","Calhoun","2007","2016","4.8","",
"17","Illinois","17013","Calhoun","2008","2017","5.4","< 10 Tests",
"17","Illinois","17015","Carroll","2005","2014","8.4","",
"17","Illinois","17015","Carroll","2006","2015","8.3","",
"17","Illinois","17015","Carroll","2007","2016","8.4","",
"17","Illinois","17015","Carroll","2008","2017","8.2","",
"17","Illinois","17017","Cass","2005","2014","4.5","",
"17","Illinois","17017","Cass","2006","2015","4.6","",
"17","Illinois","17017","Cass","2007","2016","4.7","",
"17","Illinois","17017","Cass","2008","2017","4.5","",
"17","Illinois","17019","Champaign","2005","2014","5.5","",
"17","Illinois","17019","Champaign","2006","2015","5.4","",
"17","Illinois","17019","Champaign","2007","2016","5.3","",
"17","Illinois","17019","Champaign","2008","2017","5.2","",
"17","Illinois","17021","Christian","2005","2014","7.0","",
"17","Illinois","17021","Christian","2006","2015","7.0","",
"17","Illinois","17021","Christian","2007","2016","6.7","",
"17","Illinois","17021","Christian","2008","2017","6.4","",
"17","Illinois","17023","Clark","2005","2014","2.8","",
"17","Illinois","17023","Clark","2006","2015","2.8","",
"17","Illinois","17023","Clark","2007","2016","2.3","",
"17","Illinois","17023","Clark","2008","2017","2.8","",
"17","Illinois","17025","Clay","2005","2014","2.6","",
"17","Illinois","17025","Clay","2006","2015","2.7","",
"17","Illinois","17025","Clay","2007","2016","2.6","",
"17","Illinois","17025","Clay","2008","2017","2.2","",
"17","Illinois","17027","Clinton","2005","2014","4.5","",
"17","Illinois","17027","Clinton","2006","2015","4.4","",
"17","Illinois","17027","Clinton","2007","2016","4.4","",
"17","Illinois","17027","Clinton","2008","2017","4.3","",
"17","Illinois","17029","Coles","2005","2014","4.2","",
"17","Illinois","17029","Coles","2006","2015","4.2","",
"17","Illinois","17029","Coles","2007","2016","4.1","",
"17","Illinois","17029","Coles","2008","2017","4.2","",
"17","Illinois","17031","Cook","2005","2014","2.8","",
"17","Illinois","17031","Cook","2006","2015","2.9","",
"17","Illinois","17031","Cook","2007","2016","2.9","",
"17","Illinois","17031","Cook","2008","2017","2.8","",
"17","Illinois","17033","Crawford","2005","2014","2.5","",
"17","Illinois","17033","Crawford","2006","2015","2.6","",
"17","Illinois","17033","Crawford","2007","2016","2.6","",
"17","Illinois","17033","Crawford","2008","2017","2.6","",
"17","Illinois","17035","Cumberland","2005","2014","2.5","",
"17","Illinois","17035","Cumberland","2006","2015","2.4","",
"17","Illinois","17035","Cumberland","2007","2016","2.4","",
"17","Illinois","17035","Cumberland","2008","2017","2.6","",
"17","Illinois","17039","De Witt","2005","2014","6.5","",
"17","Illinois","17039","De Witt","2006","2015","6.8","",
"17","Illinois","17039","De Witt","2007","2016","7.5","",
"17","Illinois","17039","De Witt","2008","2017","7.2","",
"17","Illinois","17037","DeKalb","2005","2014","5.2","",
"17","Illinois","17037","DeKalb","2006","2015","5.3","",
"17","Illinois","17037","DeKalb","2007","2016","5.2","",
"17","Illinois","17037","DeKalb","2008","2017","5.2","",
"17","Illinois","17041","Douglas","2005","2014","5.3","",
"17","Illinois","17041","Douglas","2006","2015","5.2","",
"17","Illinois","17041","Douglas","2007","2016","5.0","",
"17","Illinois","17041","Douglas","2008","2017","5.3","",
"17","Illinois","17043","DuPage","2005","2014","4.8","",
"17","Illinois","17043","DuPage","2006","2015","4.8","",
"17","Illinois","17043","DuPage","2007","2016","4.8","",
"17","Illinois","17043","DuPage","2008","2017","4.7","",
"17","Illinois","17045","Edgar","2005","2014","4.8","",
"17","Illinois","17045","Edgar","2006","2015","4.8","",
"17","Illinois","17045","Edgar","2007","2016","4.5","",
"17","Illinois","17045","Edgar","2008","2017","4.5","",
"17","Illinois","17047","Edwards","2005","2014","3.0","",
"17","Illinois","17047","Edwards","2006","2015","3.0","",
"17","Illinois","17047","Edwards","2007","2016","3.0","",
"17","Illinois","17047","Edwards","2008","2017","3.1","",
"17","Illinois","17049","Effingham","2005","2014","4.7","",
"17","Illinois","17049","Effingham","2006","2015","4.5","",
"17","Illinois","17049","Effingham","2007","2016","4.3","",
"17","Illinois","17049","Effingham","2008","2017","4.1","",
"17","Illinois","17051","Fayette","2005","2014","3.7","",
"17","Illinois","17051","Fayette","2006","2015","3.8","",
"17","Illinois","17051","Fayette","2007","2016","3.8","",
"17","Illinois","17051","Fayette","2008","2017","3.7","",
"17","Illinois","17053","Ford","2005","2014","5.8","",
"17","Illinois","17053","Ford","2006","2015","5.6","",
"17","Illinois","17053","Ford","2007","2016","5.6","",
"17","Illinois","17053","Ford","2008","2017","5.7","",
"17","Illinois","17055","Franklin","2005","2014","2.5","",
"17","Illinois","17055","Franklin","2006","2015","2.6","",
"17","Illinois","17055","Franklin","2007","2016","2.6","",
"17","Illinois","17055","Franklin","2008","2017","2.6","",
"17","Illinois","17057","Fulton","2005","2014","7.0","",
"17","Illinois","17057","Fulton","2006","2015","6.7","",
"17","Illinois","17057","Fulton","2007","2016","6.8","",
"17","Illinois","17057","Fulton","2008","2017","7.0","",
"17","Illinois","17059","Gallatin","2005","2014","1.6","< 10 Tests",
"17","Illinois","17059","Gallatin","2006","2015","1.6","< 10 Tests",
"17","Illinois","17059","Gallatin","2007","2016","1.6","< 10 Tests",
"17","Illinois","17059","Gallatin","2008","2017","3.7","< 10 Tests",
"17","Illinois","17061","Greene","2005","2014","5.4","",
"17","Illinois","17061","Greene","2006","2015","5.2","",
"17","Illinois","17061","Greene","2007","2016","5.2","",
"17","Illinois","17061","Greene","2008","2017","5.0","",
"17","Illinois","17063","Grundy","2005","2014","4.8","",
"17","Illinois","17063","Grundy","2006","2015","4.9","",
"17","Illinois","17063","Grundy","2007","2016","4.8","",
"17","Illinois","17063","Grundy","2008","2017","4.6","",
"17","Illinois","17065","Hamilton","2005","2014","2.7","",
"17","Illinois","17065","Hamilton","2006","2015","2.7","",
"17","Illinois","17065","Hamilton","2007","2016","2.7","",
"17","Illinois","17065","Hamilton","2008","2017","2.7","",
"17","Illinois","17067","Hancock","2005","2014","6.1","",
"17","Illinois","17067","Hancock","2006","2015","6.0","",
"17","Illinois","17067","Hancock","2007","2016","6.0","",
"17","Illinois","17067","Hancock","2008","2017","6.2","",
"17","Illinois","17069","Hardin","2005","2014","3.2","",
"17","Illinois","17069","Hardin","2006","2015","3.2","",
"17","Illinois","17069","Hardin","2007","2016","3.0","",
"17","Illinois","17069","Hardin","2008","2017","2.6","< 10 Tests",
"17","Illinois","17071","Henderson","2005","2014","9.6","",
"17","Illinois","17071","Henderson","2006","2015","9.0","",
"17","Illinois","17071","Henderson","2007","2016","8.7","",
"17","Illinois","17071","Henderson","2008","2017","7.2","",
"17","Illinois","17073","Henry","2005","2014","7.5","",
"17","Illinois","17073","Henry","2006","2015","7.4","",
"17","Illinois","17073","Henry","2007","2016","7.3","",
"17","Illinois","17073","Henry","2008","2017","7.1","",
"17","Illinois","17075","Iroquois","2005","2014","3.7","",
"17","Illinois","17075","Iroquois","2006","2015","3.9","",
"17","Illinois","17075","Iroquois","2007","2016","3.6","",
"17","Illinois","17075","Iroquois","2008","2017","3.6","",
"17","Illinois","17077","Jackson","2005","2014","3.8","",
"17","Illinois","17077","Jackson","2006","2015","3.7","",
"17","Illinois","17077","Jackson","2007","2016","3.7","",
"17","Illinois","17077","Jackson","2008","2017","3.6","",
"17","Illinois","17079","Jasper","2005","2014","2.9","",
"17","Illinois","17079","Jasper","2006","2015","2.9","",
"17","Illinois","17079","Jasper","2007","2016","2.9","",
"17","Illinois","17079","Jasper","2008","2017","3.1","",
"17","Illinois","17081","Jefferson","2005","2014","2.6","",
"17","Illinois","17081","Jefferson","2006","2015","2.7","",
"17","Illinois","17081","Jefferson","2007","2016","2.7","",
"17","Illinois","17081","Jefferson","2008","2017","2.6","",
"17","Illinois","17083","Jersey","2005","2014","4.7","",
"17","Illinois","17083","Jersey","2006","2015","4.9","",
"17","Illinois","17083","Jersey","2007","2016","4.9","",
"17","Illinois","17083","Jersey","2008","2017","4.8","",
"17","Illinois","17085","Jo Daviess","2005","2014","8.3","",
"17","Illinois","17085","Jo Daviess","2006","2015","8.3","",
"17","Illinois","17085","Jo Daviess","2007","2016","8.4","",
"17","Illinois","17085","Jo Daviess","2008","2017","8.2","",
"17","Illinois","17087","Johnson","2005","2014","2.6","",
"17","Illinois","17087","Johnson","2006","2015","2.5","",
"17","Illinois","17087","Johnson","2007","2016","2.5","",
"17","Illinois","17087","Johnson","2008","2017","2.6","",
"17","Illinois","17089","Kane","2005","2014","5.1","",
"17","Illinois","17089","Kane","2006","2015","5.2","",
"17","Illinois","17089","Kane","2007","2016","5.1","",
"17","Illinois","17089","Kane","2008","2017","5.0","",
"17","Illinois","17091","Kankakee","2005","2014","5.1","",
"17","Illinois","17091","Kankakee","2006","2015","5.1","",
"17","Illinois","17091","Kankakee","2007","2016","5.5","",
"17","Illinois","17091","Kankakee","2008","2017","5.0","",
"17","Illinois","17093","Kendall","2005","2014","6.1","",
"17","Illinois","17093","Kendall","2006","2015","6.1","",
"17","Illinois","17093","Kendall","2007","2016","6.0","",
"17","Illinois","17093","Kendall","2008","2017","5.9","",
"17","Illinois","17095","Knox","2005","2014","7.5","",
"17","Illinois","17095","Knox","2006","2015","7.8","",
"17","Illinois","17095","Knox","2007","2016","7.9","",
"17","Illinois","17095","Knox","2008","2017","8.0","",
"17","Illinois","17099","La Salle","2005","2014","7.2","",
"17","Illinois","17099","La Salle","2006","2015","7.2","",
"17","Illinois","17099","La Salle","2007","2016","6.8","",
"17","Illinois","17099","La Salle","2008","2017","6.7","",
"17","Illinois","17097","Lake","2005","2014","3.6","",
"17","Illinois","17097","Lake","2006","2015","3.7","",
"17","Illinois","17097","Lake","2007","2016","3.7","",
"17","Illinois","17097","Lake","2008","2017","3.6","",
"17","Illinois","17101","Lawrence","2005","2014","3.2","",
"17","Illinois","17101","Lawrence","2006","2015","3.0","",
"17","Illinois","17101","Lawrence","2007","2016","2.9","",
"17","Illinois","17101","Lawrence","2008","2017","3.2","",
"17","Illinois","17103","Lee","2005","2014","5.0","",
"17","Illinois","17103","Lee","2006","2015","5.1","",
"17","Illinois","17103","Lee","2007","2016","5.0","",
"17","Illinois","17103","Lee","2008","2017","5.0","",
"17","Illinois","17105","Livingston","2005","2014","8.6","",
"17","Illinois","17105","Livingston","2006","2015","8.6","",
"17","Illinois","17105","Livingston","2007","2016","8.4","",
"17","Illinois","17105","Livingston","2008","2017","8.9","",
"17","Illinois","17107","Logan","2005","2014","6.4","",
"17","Illinois","17107","Logan","2006","2015","6.4","",
"17","Illinois","17107","Logan","2007","2016","6.4","",
"17","Illinois","17107","Logan","2008","2017","6.3","",
"17","Illinois","17115","Macon","2005","2014","4.8","",
"17","Illinois","17115","Macon","2006","2015","5.1","",
"17","Illinois","17115","Macon","2007","2016","5.0","",
"17","Illinois","17115","Macon","2008","2017","5.0","",
"17","Illinois","17117","Macoupin","2005","2014","4.0","",
"17","Illinois","17117","Macoupin","2006","2015","4.0","",
"17","Illinois","17117","Macoupin","2007","2016","3.8","",
"17","Illinois","17117","Macoupin","2008","2017","3.6","",
"17","Illinois","17119","Madison","2005","2014","4.3","",
"17","Illinois","17119","Madison","2006","2015","4.3","",
"17","Illinois","17119","Madison","2007","2016","4.3","",
"17","Illinois","17119","Madison","2008","2017","4.2","",
"17","Illinois","17121","Marion","2005","2014","2.7","",
"17","Illinois","17121","Marion","2006","2015","2.7","",
"17","Illinois","17121","Marion","2007","2016","2.7","",
"17","Illinois","17121","Marion","2008","2017","2.7","",
"17","Illinois","17123","Marshall","2005","2014","10.6","",
"17","Illinois","17123","Marshall","2006","2015","10.2","",
"17","Illinois","17123","Marshall","2007","2016","10.1","",
"17","Illinois","17123","Marshall","2008","2017","9.0","",
"17","Illinois","17125","Mason","2005","2014","4.3","",
"17","Illinois","17125","Mason","2006","2015","4.4","",
"17","Illinois","17125","Mason","2007","2016","4.3","",
"17","Illinois","17125","Mason","2008","2017","4.4","",
"17","Illinois","17127","Massac","2005","2014","2.3","",
"17","Illinois","17127","Massac","2006","2015","2.4","",
"17","Illinois","17127","Massac","2007","2016","2.5","",
"17","Illinois","17127","Massac","2008","2017","2.5","",
"17","Illinois","17109","McDonough","2005","2014","6.4","",
"17","Illinois","17109","McDonough","2006","2015","6.5","",
"17","Illinois","17109","McDonough","2007","2016","6.2","",
"17","Illinois","17109","McDonough","2008","2017","6.2","",
"17","Illinois","17111","McHenry","2005","2014","4.7","",
"17","Illinois","17111","McHenry","2006","2015","4.7","",
"17","Illinois","17111","McHenry","2007","2016","4.7","",
"17","Illinois","17111","McHenry","2008","2017","4.7","",
"17","Illinois","17113","McLean","2005","2014","5.8","",
"17","Illinois","17113","McLean","2006","2015","5.8","",
"17","Illinois","17113","McLean","2007","2016","5.8","",
"17","Illinois","17113","McLean","2008","2017","5.8","",
"17","Illinois","17129","Menard","2005","2014","6.7","",
"17","Illinois","17129","Menard","2006","2015","6.8","",
"17","Illinois","17129","Menard","2007","2016","7.2","",
"17","Illinois","17129","Menard","2008","2017","7.0","",
"17","Illinois","17131","Mercer","2005","2014","9.8","",
"17","Illinois","17131","Mercer","2006","2015","9.8","",
"17","Illinois","17131","Mercer","2007","2016","9.2","",
"17","Illinois","17131","Mercer","2008","2017","8.9","",
"17","Illinois","17133","Monroe","2005","2014","5.2","",
"17","Illinois","17133","Monroe","2006","2015","5.2","",
"17","Illinois","17133","Monroe","2007","2016","5.2","",
"17","Illinois","17133","Monroe","2008","2017","5.2","",
"17","Illinois","17135","Montgomery","2005","2014","4.4","",
"17","Illinois","17135","Montgomery","2006","2015","4.3","",
"17","Illinois","17135","Montgomery","2007","2016","4.0","",
"17","Illinois","17135","Montgomery","2008","2017","4.2","",
"17","Illinois","17137","Morgan","2005","2014","7.5","",
"17","Illinois","17137","Morgan","2006","2015","7.5","",
"17","Illinois","17137","Morgan","2007","2016","7.1","",
"17","Illinois","17137","Morgan","2008","2017","6.5","",
"17","Illinois","17139","Moultrie","2005","2014","6.4","",
"17","Illinois","17139","Moultrie","2006","2015","6.3","",
"17","Illinois","17139","Moultrie","2007","2016","6.3","",
"17","Illinois","17139","Moultrie","2008","2017","5.2","",
"17","Illinois","17141","Ogle","2005","2014","7.5","",
"17","Illinois","17141","Ogle","2006","2015","7.8","",
"17","Illinois","17141","Ogle","2007","2016","7.7","",
"17","Illinois","17141","Ogle","2008","2017","7.8","",
"17","Illinois","17143","Peoria","2005","2014","5.9","",
"17","Illinois","17143","Peoria","2006","2015","5.8","",
"17","Illinois","17143","Peoria","2007","2016","5.7","",
"17","Illinois","17143","Peoria","2008","2017","5.6","",
"17","Illinois","17145","Perry","2005","2014","3.3","",
"17","Illinois","17145","Perry","2006","2015","3.3","",
"17","Illinois","17145","Perry","2007","2016","3.4","",
"17","Illinois","17145","Perry","2008","2017","3.6","",
"17","Illinois","17147","Piatt","2005","2014","6.0","",
"17","Illinois","17147","Piatt","2006","2015","5.9","",
"17","Illinois","17147","Piatt","2007","2016","5.7","",
"17","Illinois","17147","Piatt","2008","2017","5.7","",
"17","Illinois","17149","Pike","2005","2014","5.9","",
"17","Illinois","17149","Pike","2006","2015","5.9","",
"17","Illinois","17149","Pike","2007","2016","5.7","",
"17","Illinois","17149","Pike","2008","2017","5.5","",
"17","Illinois","17151","Pope","2005","2014","1.5","< 10 Tests",
"17","Illinois","17151","Pope","2006","2015","1.5","< 10 Tests",
"17","Illinois","17151","Pope","2007","2016","1.5","< 10 Tests",
"17","Illinois","17151","Pope","2008","2017","1.7","< 10 Tests",
"17","Illinois","17153","Pulaski","2005","2014","1.8","",
"17","Illinois","17153","Pulaski","2006","2015","1.5","",
"17","Illinois","17153","Pulaski","2007","2016","1.6","",
"17","Illinois","17153","Pulaski","2008","2017","2.0","< 10 Tests",
"17","Illinois","17155","Putnam","2005","2014","8.6","",
"17","Illinois","17155","Putnam","2006","2015","8.7","",
"17","Illinois","17155","Putnam","2007","2016","9.9","",
"17","Illinois","17155","Putnam","2008","2017","10.7","",
"17","Illinois","17157","Randolph","2005","2014","5.4","",
"17","Illinois","17157","Randolph","2006","2015","5.4","",
"17","Illinois","17157","Randolph","2007","2016","5.4","",
"17","Illinois","17157","Randolph","2008","2017","5.4","",
"17","Illinois","17159","Richland","2005","2014","2.7","",
"17","Illinois","17159","Richland","2006","2015","2.6","",
"17","Illinois","17159","Richland","2007","2016","2.7","",
"17","Illinois","17159","Richland","2008","2017","2.7","",
"17","Illinois","17161","Rock Island","2005","2014","6.2","",
"17","Illinois","17161","Rock Island","2006","2015","5.9","",
"17","Illinois","17161","Rock Island","2007","2016","5.5","",
"17","Illinois","17161","Rock Island","2008","2017","5.3","",
"17","Illinois","17165","Saline","2005","2014","2.3","",
"17","Illinois","17165","Saline","2006","2015","2.3","",
"17","Illinois","17165","Saline","2007","2016","2.1","",
"17","Illinois","17165","Saline","2008","2017","2.2","",
"17","Illinois","17167","Sangamon","2005","2014","5.8","",
"17","Illinois","17167","Sangamon","2006","2015","5.9","",
"17","Illinois","17167","Sangamon","2007","2016","5.8","",
"17","Illinois","17167","Sangamon","2008","2017","5.5","",
"17","Illinois","17169","Schuyler","2005","2014","5.6","",
"17","Illinois","17169","Schuyler","2006","2015","5.6","",
"17","Illinois","17169","Schuyler","2007","2016","6.1","",
"17","Illinois","17169","Schuyler","2008","2017","5.6","",
"17","Illinois","17171","Scott","2005","2014","7.3","",
"17","Illinois","17171","Scott","2006","2015","7.3","",
"17","Illinois","17171","Scott","2007","2016","6.9","",
"17","Illinois","17171","Scott","2008","2017","5.6","< 10 Tests",
"17","Illinois","17173","Shelby","2005","2014","6.2","",
"17","Illinois","17173","Shelby","2006","2015","6.0","",
"17","Illinois","17173","Shelby","2007","2016","5.8","",
"17","Illinois","17173","Shelby","2008","2017","5.8","",
"17","Illinois","17163","St. Clair","2005","2014","4.9","",
"17","Illinois","17163","St. Clair","2006","2015","4.9","",
"17","Illinois","17163","St. Clair","2007","2016","4.9","",
"17","Illinois","17163","St. Clair","2008","2017","4.9","",
"17","Illinois","17175","Stark","2005","2014","12.0","",
"17","Illinois","17175","Stark","2006","2015","11.6","",
"17","Illinois","17175","Stark","2007","2016","10.8","",
"17","Illinois","17175","Stark","2008","2017","11.9","",
"17","Illinois","17177","Stephenson","2005","2014","7.1","",
"17","Illinois","17177","Stephenson","2006","2015","7.1","",
"17","Illinois","17177","Stephenson","2007","2016","7.1","",
"17","Illinois","17177","Stephenson","2008","2017","7.0","",
"17","Illinois","17179","Tazewell","2005","2014","6.7","",
"17","Illinois","17179","Tazewell","2006","2015","6.8","",
"17","Illinois","17179","Tazewell","2007","2016","6.7","",
"17","Illinois","17179","Tazewell","2008","2017","6.8","",
"17","Illinois","17181","Union","2005","2014","3.1","",
"17","Illinois","17181","Union","2006","2015","3.1","",
"17","Illinois","17181","Union","2007","2016","2.9","",
"17","Illinois","17181","Union","2008","2017","3.0","",
"17","Illinois","17183","Vermilion","2005","2014","5.7","",
"17","Illinois","17183","Vermilion","2006","2015","5.9","",
"17","Illinois","17183","Vermilion","2007","2016","5.8","",
"17","Illinois","17183","Vermilion","2008","2017","5.4","",
"17","Illinois","17185","Wabash","2005","2014","3.1","",
"17","Illinois","17185","Wabash","2006","2015","3.1","",
"17","Illinois","17185","Wabash","2007","2016","3.4","",
"17","Illinois","17185","Wabash","2008","2017","3.4","",
"17","Illinois","17187","Warren","2005","2014","9.8","",
"17","Illinois","17187","Warren","2006","2015","9.9","",
"17","Illinois","17187","Warren","2007","2016","9.8","",
"17","Illinois","17187","Warren","2008","2017","9.6","",
"17","Illinois","17189","Washington","2005","2014","3.0","",
"17","Illinois","17189","Washington","2006","2015","3.0","",
"17","Illinois","17189","Washington","2007","2016","3.2","",
"17","Illinois","17189","Washington","2008","2017","3.3","",
"17","Illinois","17191","Wayne","2005","2014","2.2","",
"17","Illinois","17191","Wayne","2006","2015","2.2","",
"17","Illinois","17191","Wayne","2007","2016","2.2","",
"17","Illinois","17191","Wayne","2008","2017","2.2","",
"17","Illinois","17193","White","2005","2014","2.8","",
"17","Illinois","17193","White","2006","2015","2.8","",
"17","Illinois","17193","White","2007","2016","2.8","",
"17","Illinois","17193","White","2008","2017","3.0","",
"17","Illinois","17195","Whiteside","2005","2014","5.1","",
"17","Illinois","17195","Whiteside","2006","2015","5.1","",
"17","Illinois","17195","Whiteside","2007","2016","4.8","",
"17","Illinois","17195","Whiteside","2008","2017","4.7","",
"17","Illinois","17197","Will","2005","2014","5.8","",
"17","Illinois","17197","Will","2006","2015","5.8","",
"17","Illinois","17197","Will","2007","2016","5.7","",
"17","Illinois","17197","Will","2008","2017","5.5","",
"17","Illinois","17199","Williamson","2005","2014","2.3","",
"17","Illinois","17199","Williamson","2006","2015","2.3","",
"17","Illinois","17199","Williamson","2007","2016","2.3","",
"17","Illinois","17199","Williamson","2008","2017","2.3","",
"17","Illinois","17201","Winnebago","2005","2014","5.0","",
"17","Illinois","17201","Winnebago","2006","2015","4.8","",
"17","Illinois","17201","Winnebago","2007","2016","4.7","",
"17","Illinois","17201","Winnebago","2008","2017","4.8","",
"17","Illinois","17203","Woodford","2005","2014","7.1","",
"17","Illinois","17203","Woodford","2006","2015","7.0","",
"17","Illinois","17203","Woodford","2007","2016","6.9","",
"17","Illinois","17203","Woodford","2008","2017","7.0","",
"18","Indiana","18001","Adams","2005","2014","7.7","",
"18","Indiana","18001","Adams","2006","2015","7.3","",
"18","Indiana","18001","Adams","2007","2016","7.2","",
"18","Indiana","18001","Adams","2008","2017","6.8","",
"18","Indiana","18003","Allen","2005","2014","4.9","",
"18","Indiana","18003","Allen","2006","2015","5.0","",
"18","Indiana","18003","Allen","2007","2016","5.0","",
"18","Indiana","18003","Allen","2008","2017","5.0","",
"18","Indiana","18005","Bartholomew","2005","2014","5.9","",
"18","Indiana","18005","Bartholomew","2006","2015","5.8","",
"18","Indiana","18005","Bartholomew","2007","2016","5.7","",
"18","Indiana","18005","Bartholomew","2008","2017","5.6","",
"18","Indiana","18007","Benton","2005","2014","8.4","",
"18","Indiana","18007","Benton","2006","2015","8.5","",
"18","Indiana","18007","Benton","2007","2016","8.4","",
"18","Indiana","18007","Benton","2008","2017","8.5","",
"18","Indiana","18009","Blackford","2005","2014","3.9","",
"18","Indiana","18009","Blackford","2006","2015","3.9","",
"18","Indiana","18009","Blackford","2007","2016","3.9","",
"18","Indiana","18009","Blackford","2008","2017","3.6","",
"18","Indiana","18011","Boone","2005","2014","4.2","",
"18","Indiana","18011","Boone","2006","2015","4.3","",
"18","Indiana","18011","Boone","2007","2016","4.4","",
"18","Indiana","18011","Boone","2008","2017","4.4","",
"18","Indiana","18013","Brown","2005","2014","3.2","",
"18","Indiana","18013","Brown","2006","2015","3.7","",
"18","Indiana","18013","Brown","2007","2016","3.6","",
"18","Indiana","18013","Brown","2008","2017","3.6","",
"18","Indiana","18015","Carroll","2005","2014","7.4","",
"18","Indiana","18015","Carroll","2006","2015","7.1","",
"18","Indiana","18015","Carroll","2007","2016","7.8","",
"18","Indiana","18015","Carroll","2008","2017","8.4","",
"18","Indiana","18017","Cass","2005","2014","6.4","",
"18","Indiana","18017","Cass","2006","2015","5.8","",
"18","Indiana","18017","Cass","2007","2016","5.2","",
"18","Indiana","18017","Cass","2008","2017","4.9","",
"18","Indiana","18019","Clark","2005","2014","10.8","",
"18","Indiana","18019","Clark","2006","2015","10.1","",
"18","Indiana","18019","Clark","2007","2016","9.7","",
"18","Indiana","18019","Clark","2008","2017","9.2","",
"18","Indiana","18021","Clay","2005","2014","5.0","",
"18","Indiana","18021","Clay","2006","2015","4.6","",
"18","Indiana","18021","Clay","2007","2016","4.6","",
"18","Indiana","18021","Clay","2008","2017","4.2","",
"18","Indiana","18023","Clinton","2005","2014","4.3","",
"18","Indiana","18023","Clinton","2006","2015","4.5","",
"18","Indiana","18023","Clinton","2007","2016","4.8","",
"18","Indiana","18023","Clinton","2008","2017","5.1","",
"18","Indiana","18025","Crawford","2005","2014","3.3","< 10 Tests",
"18","Indiana","18025","Crawford","2006","2015","3.3","< 10 Tests",
"18","Indiana","18025","Crawford","2007","2016","3.1","< 10 Tests",
"18","Indiana","18025","Crawford","2008","2017","4.1","< 10 Tests",
"18","Indiana","18027","Daviess","2005","2014","4.4","",
"18","Indiana","18027","Daviess","2006","2015","4.4","",
"18","Indiana","18027","Daviess","2007","2016","4.3","",
"18","Indiana","18027","Daviess","2008","2017","4.2","",
"18","Indiana","18029","Dearborn","2005","2014","3.2","",
"18","Indiana","18029","Dearborn","2006","2015","3.5","",
"18","Indiana","18029","Dearborn","2007","2016","3.7","",
"18","Indiana","18029","Dearborn","2008","2017","3.7","",
"18","Indiana","18031","Decatur","2005","2014","8.3","",
"18","Indiana","18031","Decatur","2006","2015","5.4","",
"18","Indiana","18031","Decatur","2007","2016","4.4","",
"18","Indiana","18031","Decatur","2008","2017","4.4","",
"18","Indiana","18033","DeKalb","2005","2014","6.6","",
"18","Indiana","18033","DeKalb","2006","2015","6.7","",
"18","Indiana","18033","DeKalb","2007","2016","6.5","",
"18","Indiana","18033","DeKalb","2008","2017","6.0","",
"18","Indiana","18035","Delaware","2005","2014","5.7","",
"18","Indiana","18035","Delaware","2006","2015","6.2","",
"18","Indiana","18035","Delaware","2007","2016","5.8","",
"18","Indiana","18035","Delaware","2008","2017","6.4","",
"18","Indiana","18037","Dubois","2005","2014","4.5","",
"18","Indiana","18037","Dubois","2006","2015","4.5","",
"18","Indiana","18037","Dubois","2007","2016","4.6","",
"18","Indiana","18037","Dubois","2008","2017","4.4","",
"18","Indiana","18039","Elkhart","2005","2014","5.3","",
"18","Indiana","18039","Elkhart","2006","2015","5.2","",
"18","Indiana","18039","Elkhart","2007","2016","5.1","",
"18","Indiana","18039","Elkhart","2008","2017","5.1","",
"18","Indiana","18041","Fayette","2005","2014","7.9","",
"18","Indiana","18041","Fayette","2006","2015","7.9","",
"18","Indiana","18041","Fayette","2007","2016","9.2","",
"18","Indiana","18041","Fayette","2008","2017","8.9","",
"18","Indiana","18043","Floyd","2005","2014","6.2","",
"18","Indiana","18043","Floyd","2006","2015","6.2","",
"18","Indiana","18043","Floyd","2007","2016","5.9","",
"18","Indiana","18043","Floyd","2008","2017","5.6","",
"18","Indiana","18045","Fountain","2005","2014","11.1","",
"18","Indiana","18045","Fountain","2006","2015","9.6","",
"18","Indiana","18045","Fountain","2007","2016","7.5","",
"18","Indiana","18045","Fountain","2008","2017","7.7","",
"18","Indiana","18047","Franklin","2005","2014","4.0","",
"18","Indiana","18047","Franklin","2006","2015","3.7","",
"18","Indiana","18047","Franklin","2007","2016","4.0","",
"18","Indiana","18047","Franklin","2008","2017","3.6","",
"18","Indiana","18049","Fulton","2005","2014","7.3","",
"18","Indiana","18049","Fulton","2006","2015","7.8","",
"18","Indiana","18049","Fulton","2007","2016","7.3","",
"18","Indiana","18049","Fulton","2008","2017","6.0","",
"18","Indiana","18051","Gibson","2005","2014","4.6","",
"18","Indiana","18051","Gibson","2006","2015","4.5","",
"18","Indiana","18051","Gibson","2007","2016","4.9","",
"18","Indiana","18051","Gibson","2008","2017","4.9","",
"18","Indiana","18053","Grant","2005","2014","7.8","",
"18","Indiana","18053","Grant","2006","2015","8.1","",
"18","Indiana","18053","Grant","2007","2016","7.7","",
"18","Indiana","18053","Grant","2008","2017","7.7","",
"18","Indiana","18055","Greene","2005","2014","3.5","",
"18","Indiana","18055","Greene","2006","2015","3.7","",
"18","Indiana","18055","Greene","2007","2016","3.8","",
"18","Indiana","18055","Greene","2008","2017","3.6","",
"18","Indiana","18057","Hamilton","2005","2014","4.3","",
"18","Indiana","18057","Hamilton","2006","2015","4.4","",
"18","Indiana","18057","Hamilton","2007","2016","4.5","",
"18","Indiana","18057","Hamilton","2008","2017","4.5","",
"18","Indiana","18059","Hancock","2005","2014","4.2","",
"18","Indiana","18059","Hancock","2006","2015","4.0","",
"18","Indiana","18059","Hancock","2007","2016","4.0","",
"18","Indiana","18059","Hancock","2008","2017","3.9","",
"18","Indiana","18061","Harrison","2005","2014","11.3","",
"18","Indiana","18061","Harrison","2006","2015","10.9","",
"18","Indiana","18061","Harrison","2007","2016","10.9","",
"18","Indiana","18061","Harrison","2008","2017","10.2","",
"18","Indiana","18063","Hendricks","2005","2014","4.6","",
"18","Indiana","18063","Hendricks","2006","2015","4.7","",
"18","Indiana","18063","Hendricks","2007","2016","4.8","",
"18","Indiana","18063","Hendricks","2008","2017","4.8","",
"18","Indiana","18065","Henry","2005","2014","6.4","",
"18","Indiana","18065","Henry","2006","2015","6.5","",
"18","Indiana","18065","Henry","2007","2016","6.4","",
"18","Indiana","18065","Henry","2008","2017","6.7","",
"18","Indiana","18067","Howard","2005","2014","5.9","",
"18","Indiana","18067","Howard","2006","2015","6.2","",
"18","Indiana","18067","Howard","2007","2016","5.3","",
"18","Indiana","18067","Howard","2008","2017","5.4","",
"18","Indiana","18069","Huntington","2005","2014","4.7","",
"18","Indiana","18069","Huntington","2006","2015","4.6","",
"18","Indiana","18069","Huntington","2007","2016","4.6","",
"18","Indiana","18069","Huntington","2008","2017","4.6","",
"18","Indiana","18071","Jackson","2005","2014","4.0","",
"18","Indiana","18071","Jackson","2006","2015","3.7","",
"18","Indiana","18071","Jackson","2007","2016","3.6","",
"18","Indiana","18071","Jackson","2008","2017","3.5","",
"18","Indiana","18073","Jasper","2005","2014","3.5","",
"18","Indiana","18073","Jasper","2006","2015","3.6","",
"18","Indiana","18073","Jasper","2007","2016","2.2","",
"18","Indiana","18073","Jasper","2008","2017","2.2","",
"18","Indiana","18075","Jay","2005","2014","2.8","< 10 Tests",
"18","Indiana","18075","Jay","2006","2015","3.1","< 10 Tests",
"18","Indiana","18075","Jay","2007","2016","3.1","",
"18","Indiana","18075","Jay","2008","2017","3.5","< 10 Tests",
"18","Indiana","18077","Jefferson","2005","2014","6.0","",
"18","Indiana","18077","Jefferson","2006","2015","5.7","",
"18","Indiana","18077","Jefferson","2007","2016","5.6","",
"18","Indiana","18077","Jefferson","2008","2017","5.5","",
"18","Indiana","18079","Jennings","2005","2014","4.7","",
"18","Indiana","18079","Jennings","2006","2015","4.7","",
"18","Indiana","18079","Jennings","2007","2016","4.2","",
"18","Indiana","18079","Jennings","2008","2017","4.2","",
"18","Indiana","18081","Johnson","2005","2014","4.3","",
"18","Indiana","18081","Johnson","2006","2015","4.3","",
"18","Indiana","18081","Johnson","2007","2016","4.4","",
"18","Indiana","18081","Johnson","2008","2017","4.5","",
"18","Indiana","18083","Knox","2005","2014","4.6","",
"18","Indiana","18083","Knox","2006","2015","4.5","",
"18","Indiana","18083","Knox","2007","2016","4.4","",
"18","Indiana","18083","Knox","2008","2017","4.1","",
"18","Indiana","18085","Kosciusko","2005","2014","6.3","",
"18","Indiana","18085","Kosciusko","2006","2015","6.2","",
"18","Indiana","18085","Kosciusko","2007","2016","6.2","",
"18","Indiana","18085","Kosciusko","2008","2017","6.0","",
"18","Indiana","18087","LaGrange","2005","2014","4.8","",
"18","Indiana","18087","LaGrange","2006","2015","4.9","",
"18","Indiana","18087","LaGrange","2007","2016","4.9","",
"18","Indiana","18087","LaGrange","2008","2017","4.7","",
"18","Indiana","18089","Lake","2005","2014","2.6","",
"18","Indiana","18089","Lake","2006","2015","2.8","",
"18","Indiana","18089","Lake","2007","2016","2.8","",
"18","Indiana","18089","Lake","2008","2017","2.9","",
"18","Indiana","18091","LaPorte","2005","2014","8.4","",
"18","Indiana","18091","LaPorte","2006","2015","8.6","",
"18","Indiana","18091","LaPorte","2007","2016","8.6","",
"18","Indiana","18091","LaPorte","2008","2017","8.8","",
"18","Indiana","18093","Lawrence","2005","2014","6.2","",
"18","Indiana","18093","Lawrence","2006","2015","6.3","",
"18","Indiana","18093","Lawrence","2007","2016","6.3","",
"18","Indiana","18093","Lawrence","2008","2017","5.6","",
"18","Indiana","18095","Madison","2005","2014","5.4","",
"18","Indiana","18095","Madison","2006","2015","5.4","",
"18","Indiana","18095","Madison","2007","2016","6.3","",
"18","Indiana","18095","Madison","2008","2017","6.3","",
"18","Indiana","18097","Marion","2005","2014","4.7","",
"18","Indiana","18097","Marion","2006","2015","4.7","",
"18","Indiana","18097","Marion","2007","2016","4.6","",
"18","Indiana","18097","Marion","2008","2017","4.6","",
"18","Indiana","18099","Marshall","2005","2014","4.8","",
"18","Indiana","18099","Marshall","2006","2015","4.7","",
"18","Indiana","18099","Marshall","2007","2016","4.7","",
"18","Indiana","18099","Marshall","2008","2017","4.7","",
"18","Indiana","18101","Martin","2005","2014","2.9","< 10 Tests",
"18","Indiana","18101","Martin","2006","2015","2.9","< 10 Tests",
"18","Indiana","18101","Martin","2007","2016","6.6","< 10 Tests",
"18","Indiana","18101","Martin","2008","2017","5.7","< 10 Tests",
"18","Indiana","18103","Miami","2005","2014","8.2","",
"18","Indiana","18103","Miami","2006","2015","8.1","",
"18","Indiana","18103","Miami","2007","2016","8.2","",
"18","Indiana","18103","Miami","2008","2017","8.0","",
"18","Indiana","18105","Monroe","2005","2014","4.5","",
"18","Indiana","18105","Monroe","2006","2015","4.6","",
"18","Indiana","18105","Monroe","2007","2016","4.4","",
"18","Indiana","18105","Monroe","2008","2017","4.4","",
"18","Indiana","18107","Montgomery","2005","2014","6.4","",
"18","Indiana","18107","Montgomery","2006","2015","6.0","",
"18","Indiana","18107","Montgomery","2007","2016","5.5","",
"18","Indiana","18107","Montgomery","2008","2017","5.5","",
"18","Indiana","18109","Morgan","2005","2014","5.1","",
"18","Indiana","18109","Morgan","2006","2015","5.2","",
"18","Indiana","18109","Morgan","2007","2016","5.1","",
"18","Indiana","18109","Morgan","2008","2017","5.1","",
"18","Indiana","18111","Newton","2005","2014","1.7","< 10 Tests",
"18","Indiana","18111","Newton","2006","2015","1.8","",
"18","Indiana","18111","Newton","2007","2016","1.8","",
"18","Indiana","18111","Newton","2008","2017","2.2","",
"18","Indiana","18113","Noble","2005","2014","9.7","",
"18","Indiana","18113","Noble","2006","2015","9.7","",
"18","Indiana","18113","Noble","2007","2016","9.0","",
"18","Indiana","18113","Noble","2008","2017","8.4","",
"18","Indiana","18115","Ohio","2005","2014","4.5","",
"18","Indiana","18115","Ohio","2006","2015","5.0","",
"18","Indiana","18115","Ohio","2007","2016","5.0","",
"18","Indiana","18115","Ohio","2008","2017","4.8","",
"18","Indiana","18117","Orange","2005","2014","5.9","",
"18","Indiana","18117","Orange","2006","2015","5.9","",
"18","Indiana","18117","Orange","2007","2016","5.9","",
"18","Indiana","18117","Orange","2008","2017","6.2","",
"18","Indiana","18119","Owen","2005","2014","4.6","",
"18","Indiana","18119","Owen","2006","2015","4.4","",
"18","Indiana","18119","Owen","2007","2016","4.3","",
"18","Indiana","18119","Owen","2008","2017","4.4","",
"18","Indiana","18121","Parke","2005","2014","6.1","",
"18","Indiana","18121","Parke","2006","2015","6.4","",
"18","Indiana","18121","Parke","2007","2016","7.0","",
"18","Indiana","18121","Parke","2008","2017","5.8","",
"18","Indiana","18123","Perry","2005","2014","2.8","",
"18","Indiana","18123","Perry","2006","2015","2.9","",
"18","Indiana","18123","Perry","2007","2016","3.6","",
"18","Indiana","18123","Perry","2008","2017","3.4","",
"18","Indiana","18125","Pike","2005","2014","3.5","< 10 Tests",
"18","Indiana","18125","Pike","2006","2015","3.5","< 10 Tests",
"18","Indiana","18125","Pike","2007","2016","3.5","< 10 Tests",
"18","Indiana","18125","Pike","2008","2017","4.0","< 10 Tests",
"18","Indiana","18127","Porter","2005","2014","6.7","",
"18","Indiana","18127","Porter","2006","2015","6.7","",
"18","Indiana","18127","Porter","2007","2016","7.1","",
"18","Indiana","18127","Porter","2008","2017","7.0","",
"18","Indiana","18129","Posey","2005","2014","4.0","",
"18","Indiana","18129","Posey","2006","2015","4.0","",
"18","Indiana","18129","Posey","2007","2016","4.0","",
"18","Indiana","18129","Posey","2008","2017","4.1","",
"18","Indiana","18131","Pulaski","2005","2014","2.0","< 10 Tests",
"18","Indiana","18131","Pulaski","2006","2015","1.6","< 10 Tests",
"18","Indiana","18131","Pulaski","2007","2016","2.9","",
"18","Indiana","18131","Pulaski","2008","2017","4.1","",
"18","Indiana","18133","Putnam","2005","2014","5.3","",
"18","Indiana","18133","Putnam","2006","2015","5.3","",
"18","Indiana","18133","Putnam","2007","2016","4.7","",
"18","Indiana","18133","Putnam","2008","2017","4.6","",
"18","Indiana","18135","Randolph","2005","2014","5.8","",
"18","Indiana","18135","Randolph","2006","2015","6.0","",
"18","Indiana","18135","Randolph","2007","2016","6.0","",
"18","Indiana","18135","Randolph","2008","2017","6.5","",
"18","Indiana","18137","Ripley","2005","2014","3.9","",
"18","Indiana","18137","Ripley","2006","2015","4.0","",
"18","Indiana","18137","Ripley","2007","2016","3.9","",
"18","Indiana","18137","Ripley","2008","2017","3.6","",
"18","Indiana","18139","Rush","2005","2014","12.2","",
"18","Indiana","18139","Rush","2006","2015","14.9","",
"18","Indiana","18139","Rush","2007","2016","16.5","",
"18","Indiana","18139","Rush","2008","2017","14.6","",
"18","Indiana","18143","Scott","2005","2014","2.8","< 10 Tests",
"18","Indiana","18143","Scott","2006","2015","4.2","",
"18","Indiana","18143","Scott","2007","2016","5.0","",
"18","Indiana","18143","Scott","2008","2017","3.7","",
"18","Indiana","18145","Shelby","2005","2014","4.8","",
"18","Indiana","18145","Shelby","2006","2015","5.0","",
"18","Indiana","18145","Shelby","2007","2016","5.8","",
"18","Indiana","18145","Shelby","2008","2017","5.6","",
"18","Indiana","18147","Spencer","2005","2014","4.8","",
"18","Indiana","18147","Spencer","2006","2015","4.4","",
"18","Indiana","18147","Spencer","2007","2016","4.9","",
"18","Indiana","18147","Spencer","2008","2017","5.3","",
"18","Indiana","18141","St. Joseph","2005","2014","3.9","",
"18","Indiana","18141","St. Joseph","2006","2015","3.9","",
"18","Indiana","18141","St. Joseph","2007","2016","3.9","",
"18","Indiana","18141","St. Joseph","2008","2017","3.8","",
"18","Indiana","18149","Starke","2005","2014","1.6","",
"18","Indiana","18149","Starke","2006","2015","1.7","",
"18","Indiana","18149","Starke","2007","2016","1.9","",
"18","Indiana","18149","Starke","2008","2017","1.9","",
"18","Indiana","18151","Steuben","2005","2014","5.0","",
"18","Indiana","18151","Steuben","2006","2015","4.9","",
"18","Indiana","18151","Steuben","2007","2016","5.4","",
"18","Indiana","18151","Steuben","2008","2017","5.9","",
"18","Indiana","18153","Sullivan","2005","2014","3.0","",
"18","Indiana","18153","Sullivan","2006","2015","3.8","",
"18","Indiana","18153","Sullivan","2007","2016","3.6","",
"18","Indiana","18153","Sullivan","2008","2017","3.5","",
"18","Indiana","18155","Switzerland","2005","2014","5.0","",
"18","Indiana","18155","Switzerland","2006","2015","5.1","",
"18","Indiana","18155","Switzerland","2007","2016","4.8","",
"18","Indiana","18155","Switzerland","2008","2017","4.3","",
"18","Indiana","18157","Tippecanoe","2005","2014","4.8","",
"18","Indiana","18157","Tippecanoe","2006","2015","4.9","",
"18","Indiana","18157","Tippecanoe","2007","2016","5.0","",
"18","Indiana","18157","Tippecanoe","2008","2017","5.0","",
"18","Indiana","18159","Tipton","2005","2014","4.1","",
"18","Indiana","18159","Tipton","2006","2015","4.4","",
"18","Indiana","18159","Tipton","2007","2016","4.8","",
"18","Indiana","18159","Tipton","2008","2017","4.7","",
"18","Indiana","18161","Union","2005","2014","5.0","< 10 Tests",
"18","Indiana","18161","Union","2006","2015","4.8","< 10 Tests",
"18","Indiana","18161","Union","2007","2016","4.8","< 10 Tests",
"18","Indiana","18161","Union","2008","2017","6.0","< 10 Tests",
"18","Indiana","18163","Vanderburgh","2005","2014","3.2","",
"18","Indiana","18163","Vanderburgh","2006","2015","3.1","",
"18","Indiana","18163","Vanderburgh","2007","2016","3.1","",
"18","Indiana","18163","Vanderburgh","2008","2017","3.1","",
"18","Indiana","18165","Vermillion","2005","2014","3.1","",
"18","Indiana","18165","Vermillion","2006","2015","3.8","",
"18","Indiana","18165","Vermillion","2007","2016","5.5","",
"18","Indiana","18165","Vermillion","2008","2017","6.1","",
"18","Indiana","18167","Vigo","2005","2014","5.4","",
"18","Indiana","18167","Vigo","2006","2015","5.5","",
"18","Indiana","18167","Vigo","2007","2016","5.1","",
"18","Indiana","18167","Vigo","2008","2017","5.1","",
"18","Indiana","18169","Wabash","2005","2014","6.4","",
"18","Indiana","18169","Wabash","2006","2015","7.2","",
"18","Indiana","18169","Wabash","2007","2016","8.0","",
"18","Indiana","18169","Wabash","2008","2017","7.6","",
"18","Indiana","18171","Warren","2005","2014","4.5","",
"18","Indiana","18171","Warren","2006","2015","3.9","",
"18","Indiana","18171","Warren","2007","2016","4.0","",
"18","Indiana","18171","Warren","2008","2017","4.0","",
"18","Indiana","18173","Warrick","2005","2014","2.9","",
"18","Indiana","18173","Warrick","2006","2015","2.7","",
"18","Indiana","18173","Warrick","2007","2016","2.7","",
"18","Indiana","18173","Warrick","2008","2017","2.7","",
"18","Indiana","18175","Washington","2005","2014","6.4","",
"18","Indiana","18175","Washington","2006","2015","6.1","",
"18","Indiana","18175","Washington","2007","2016","6.1","",
"18","Indiana","18175","Washington","2008","2017","5.4","",
"18","Indiana","18177","Wayne","2005","2014","6.3","",
"18","Indiana","18177","Wayne","2006","2015","6.6","",
"18","Indiana","18177","Wayne","2007","2016","6.5","",
"18","Indiana","18177","Wayne","2008","2017","6.5","",
"18","Indiana","18179","Wells","2005","2014","6.0","",
"18","Indiana","18179","Wells","2006","2015","5.8","",
"18","Indiana","18179","Wells","2007","2016","6.1","",
"18","Indiana","18179","Wells","2008","2017","5.8","",
"18","Indiana","18181","White","2005","2014","5.0","",
"18","Indiana","18181","White","2006","2015","3.5","",
"18","Indiana","18181","White","2007","2016","3.5","",
"18","Indiana","18181","White","2008","2017","3.6","",
"18","Indiana","18183","Whitley","2005","2014","6.6","",
"18","Indiana","18183","Whitley","2006","2015","6.8","",
"18","Indiana","18183","Whitley","2007","2016","6.6","",
"18","Indiana","18183","Whitley","2008","2017","6.2","",
"19","Iowa","19001","Adair","2005","2014","14.1","",
"19","Iowa","19001","Adair","2006","2015","14.1","",
"19","Iowa","19001","Adair","2007","2016","13.5","",
"19","Iowa","19001","Adair","2008","2017","13.3","",
"19","Iowa","19003","Adams","2005","2014","8.6","",
"19","Iowa","19003","Adams","2006","2015","8.4","",
"19","Iowa","19003","Adams","2007","2016","8.7","",
"19","Iowa","19003","Adams","2008","2017","9.2","",
"19","Iowa","19005","Allamakee","2005","2014","10.3","",
"19","Iowa","19005","Allamakee","2006","2015","9.9","",
"19","Iowa","19005","Allamakee","2007","2016","10.1","",
"19","Iowa","19005","Allamakee","2008","2017","9.6","",
"19","Iowa","19007","Appanoose","2005","2014","4.4","",
"19","Iowa","19007","Appanoose","2006","2015","4.5","",
"19","Iowa","19007","Appanoose","2007","2016","4.4","",
"19","Iowa","19007","Appanoose","2008","2017","4.4","",
"19","Iowa","19009","Audubon","2005","2014","11.9","",
"19","Iowa","19009","Audubon","2006","2015","12.3","",
"19","Iowa","19009","Audubon","2007","2016","12.1","",
"19","Iowa","19009","Audubon","2008","2017","12.1","",
"19","Iowa","19011","Benton","2005","2014","9.4","",
"19","Iowa","19011","Benton","2006","2015","9.2","",
"19","Iowa","19011","Benton","2007","2016","8.8","",
"19","Iowa","19011","Benton","2008","2017","8.6","",
"19","Iowa","19013","Black Hawk","2005","2014","5.9","",
"19","Iowa","19013","Black Hawk","2006","2015","5.8","",
"19","Iowa","19013","Black Hawk","2007","2016","5.6","",
"19","Iowa","19013","Black Hawk","2008","2017","5.5","",
"19","Iowa","19015","Boone","2005","2014","8.1","",
"19","Iowa","19015","Boone","2006","2015","7.8","",
"19","Iowa","19015","Boone","2007","2016","7.6","",
"19","Iowa","19015","Boone","2008","2017","7.7","",
"19","Iowa","19017","Bremer","2005","2014","6.8","",
"19","Iowa","19017","Bremer","2006","2015","6.8","",
"19","Iowa","19017","Bremer","2007","2016","6.6","",
"19","Iowa","19017","Bremer","2008","2017","6.7","",
"19","Iowa","19019","Buchanan","2005","2014","7.8","",
"19","Iowa","19019","Buchanan","2006","2015","7.7","",
"19","Iowa","19019","Buchanan","2007","2016","7.2","",
"19","Iowa","19019","Buchanan","2008","2017","7.2","",
"19","Iowa","19021","Buena Vista","2005","2014","10.7","",
"19","Iowa","19021","Buena Vista","2006","2015","10.3","",
"19","Iowa","19021","Buena Vista","2007","2016","9.9","",
"19","Iowa","19021","Buena Vista","2008","2017","9.6","",
"19","Iowa","19023","Butler","2005","2014","7.2","",
"19","Iowa","19023","Butler","2006","2015","6.9","",
"19","Iowa","19023","Butler","2007","2016","6.8","",
"19","Iowa","19023","Butler","2008","2017","6.9","",
"19","Iowa","19025","Calhoun","2005","2014","8.7","",
"19","Iowa","19025","Calhoun","2006","2015","8.4","",
"19","Iowa","19025","Calhoun","2007","2016","8.3","",
"19","Iowa","19025","Calhoun","2008","2017","8.5","",
"19","Iowa","19027","Carroll","2005","2014","12.8","",
"19","Iowa","19027","Carroll","2006","2015","12.6","",
"19","Iowa","19027","Carroll","2007","2016","12.5","",
"19","Iowa","19027","Carroll","2008","2017","10.3","",
"19","Iowa","19029","Cass","2005","2014","10.5","",
"19","Iowa","19029","Cass","2006","2015","10.7","",
"19","Iowa","19029","Cass","2007","2016","10.7","",
"19","Iowa","19029","Cass","2008","2017","10.6","",
"19","Iowa","19031","Cedar","2005","2014","7.3","",
"19","Iowa","19031","Cedar","2006","2015","7.3","",
"19","Iowa","19031","Cedar","2007","2016","7.2","",
"19","Iowa","19031","Cedar","2008","2017","7.0","",
"19","Iowa","19033","Cerro Gordo","2005","2014","6.7","",
"19","Iowa","19033","Cerro Gordo","2006","2015","6.8","",
"19","Iowa","19033","Cerro Gordo","2007","2016","6.7","",
"19","Iowa","19033","Cerro Gordo","2008","2017","6.7","",
"19","Iowa","19035","Cherokee","2005","2014","11.4","",
"19","Iowa","19035","Cherokee","2006","2015","11.4","",
"19","Iowa","19035","Cherokee","2007","2016","10.7","",
"19","Iowa","19035","Cherokee","2008","2017","10.6","",
"19","Iowa","19037","Chickasaw","2005","2014","7.5","",
"19","Iowa","19037","Chickasaw","2006","2015","7.4","",
"19","Iowa","19037","Chickasaw","2007","2016","7.5","",
"19","Iowa","19037","Chickasaw","2008","2017","7.3","",
"19","Iowa","19039","Clarke","2005","2014","3.9","",
"19","Iowa","19039","Clarke","2006","2015","4.2","",
"19","Iowa","19039","Clarke","2007","2016","4.5","",
"19","Iowa","19039","Clarke","2008","2017","4.8","",
"19","Iowa","19041","Clay","2005","2014","12.3","",
"19","Iowa","19041","Clay","2006","2015","12.4","",
"19","Iowa","19041","Clay","2007","2016","12.2","",
"19","Iowa","19041","Clay","2008","2017","12.0","",
"19","Iowa","19043","Clayton","2005","2014","8.7","",
"19","Iowa","19043","Clayton","2006","2015","9.2","",
"19","Iowa","19043","Clayton","2007","2016","9.0","",
"19","Iowa","19043","Clayton","2008","2017","8.8","",
"19","Iowa","19045","Clinton","2005","2014","7.0","",
"19","Iowa","19045","Clinton","2006","2015","6.9","",
"19","Iowa","19045","Clinton","2007","2016","6.6","",
"19","Iowa","19045","Clinton","2008","2017","6.0","",
"19","Iowa","19047","Crawford","2005","2014","11.2","",
"19","Iowa","19047","Crawford","2006","2015","10.3","",
"19","Iowa","19047","Crawford","2007","2016","9.6","",
"19","Iowa","19047","Crawford","2008","2017","9.6","",
"19","Iowa","19049","Dallas","2005","2014","7.0","",
"19","Iowa","19049","Dallas","2006","2015","6.7","",
"19","Iowa","19049","Dallas","2007","2016","6.8","",
"19","Iowa","19049","Dallas","2008","2017","6.7","",
"19","Iowa","19051","Davis","2005","2014","5.3","",
"19","Iowa","19051","Davis","2006","2015","5.5","",
"19","Iowa","19051","Davis","2007","2016","5.0","",
"19","Iowa","19051","Davis","2008","2017","5.3","",
"19","Iowa","19053","Decatur","2005","2014","6.5","",
"19","Iowa","19053","Decatur","2006","2015","5.2","",
"19","Iowa","19053","Decatur","2007","2016","3.7","",
"19","Iowa","19053","Decatur","2008","2017","3.2","",
"19","Iowa","19055","Delaware","2005","2014","5.9","",
"19","Iowa","19055","Delaware","2006","2015","5.8","",
"19","Iowa","19055","Delaware","2007","2016","5.9","",
"19","Iowa","19055","Delaware","2008","2017","5.6","",
"19","Iowa","19057","Des Moines","2005","2014","7.5","",
"19","Iowa","19057","Des Moines","2006","2015","7.3","",
"19","Iowa","19057","Des Moines","2007","2016","7.1","",
"19","Iowa","19057","Des Moines","2008","2017","7.2","",
"19","Iowa","19059","Dickinson","2005","2014","10.3","",
"19","Iowa","19059","Dickinson","2006","2015","10.3","",
"19","Iowa","19059","Dickinson","2007","2016","10.1","",
"19","Iowa","19059","Dickinson","2008","2017","9.7","",
"19","Iowa","19061","Dubuque","2005","2014","5.7","",
"19","Iowa","19061","Dubuque","2006","2015","5.7","",
"19","Iowa","19061","Dubuque","2007","2016","5.6","",
"19","Iowa","19061","Dubuque","2008","2017","5.6","",
"19","Iowa","19063","Emmet","2005","2014","9.0","",
"19","Iowa","19063","Emmet","2006","2015","8.8","",
"19","Iowa","19063","Emmet","2007","2016","8.5","",
"19","Iowa","19063","Emmet","2008","2017","8.8","",
"19","Iowa","19065","Fayette","2005","2014","8.0","",
"19","Iowa","19065","Fayette","2006","2015","8.0","",
"19","Iowa","19065","Fayette","2007","2016","7.9","",
"19","Iowa","19065","Fayette","2008","2017","7.8","",
"19","Iowa","19067","Floyd","2005","2014","7.5","",
"19","Iowa","19067","Floyd","2006","2015","7.6","",
"19","Iowa","19067","Floyd","2007","2016","7.2","",
"19","Iowa","19067","Floyd","2008","2017","7.1","",
"19","Iowa","19069","Franklin","2005","2014","8.9","",
"19","Iowa","19069","Franklin","2006","2015","8.7","",
"19","Iowa","19069","Franklin","2007","2016","8.4","",
"19","Iowa","19069","Franklin","2008","2017","8.5","",
"19","Iowa","19071","Fremont","2005","2014","11.3","",
"19","Iowa","19071","Fremont","2006","2015","11.1","",
"19","Iowa","19071","Fremont","2007","2016","10.3","",
"19","Iowa","19071","Fremont","2008","2017","9.7","",
"19","Iowa","19073","Greene","2005","2014","8.7","",
"19","Iowa","19073","Greene","2006","2015","9.4","",
"19","Iowa","19073","Greene","2007","2016","8.9","",
"19","Iowa","19073","Greene","2008","2017","9.7","",
"19","Iowa","19075","Grundy","2005","2014","9.8","",
"19","Iowa","19075","Grundy","2006","2015","9.7","",
"19","Iowa","19075","Grundy","2007","2016","9.8","",
"19","Iowa","19075","Grundy","2008","2017","9.4","",
"19","Iowa","19077","Guthrie","2005","2014","12.2","",
"19","Iowa","19077","Guthrie","2006","2015","11.8","",
"19","Iowa","19077","Guthrie","2007","2016","11.5","",
"19","Iowa","19077","Guthrie","2008","2017","11.2","",
"19","Iowa","19079","Hamilton","2005","2014","7.9","",
"19","Iowa","19079","Hamilton","2006","2015","7.6","",
"19","Iowa","19079","Hamilton","2007","2016","7.5","",
"19","Iowa","19079","Hamilton","2008","2017","7.8","",
"19","Iowa","19081","Hancock","2005","2014","9.8","",
"19","Iowa","19081","Hancock","2006","2015","9.4","",
"19","Iowa","19081","Hancock","2007","2016","9.0","",
"19","Iowa","19081","Hancock","2008","2017","8.9","",
"19","Iowa","19083","Hardin","2005","2014","7.5","",
"19","Iowa","19083","Hardin","2006","2015","7.5","",
"19","Iowa","19083","Hardin","2007","2016","7.4","",
"19","Iowa","19083","Hardin","2008","2017","7.5","",
"19","Iowa","19085","Harrison","2005","2014","7.7","",
"19","Iowa","19085","Harrison","2006","2015","7.5","",
"19","Iowa","19085","Harrison","2007","2016","8.0","",
"19","Iowa","19085","Harrison","2008","2017","8.1","",
"19","Iowa","19087","Henry","2005","2014","6.7","",
"19","Iowa","19087","Henry","2006","2015","7.1","",
"19","Iowa","19087","Henry","2007","2016","6.8","",
"19","Iowa","19087","Henry","2008","2017","6.5","",
"19","Iowa","19089","Howard","2005","2014","8.4","",
"19","Iowa","19089","Howard","2006","2015","8.4","",
"19","Iowa","19089","Howard","2007","2016","8.4","",
"19","Iowa","19089","Howard","2008","2017","8.7","",
"19","Iowa","19091","Humboldt","2005","2014","8.1","",
"19","Iowa","19091","Humboldt","2006","2015","8.3","",
"19","Iowa","19091","Humboldt","2007","2016","8.7","",
"19","Iowa","19091","Humboldt","2008","2017","8.6","",
"19","Iowa","19093","Ida","2005","2014","10.7","",
"19","Iowa","19093","Ida","2006","2015","10.5","",
"19","Iowa","19093","Ida","2007","2016","9.8","",
"19","Iowa","19093","Ida","2008","2017","9.5","",
"19","Iowa","19095","Iowa","2005","2014","7.4","",
"19","Iowa","19095","Iowa","2006","2015","7.3","",
"19","Iowa","19095","Iowa","2007","2016","7.2","",
"19","Iowa","19095","Iowa","2008","2017","7.4","",
"19","Iowa","19097","Jackson","2005","2014","6.8","",
"19","Iowa","19097","Jackson","2006","2015","6.8","",
"19","Iowa","19097","Jackson","2007","2016","6.7","",
"19","Iowa","19097","Jackson","2008","2017","6.6","",
"19","Iowa","19099","Jasper","2005","2014","11.9","",
"19","Iowa","19099","Jasper","2006","2015","11.8","",
"19","Iowa","19099","Jasper","2007","2016","11.6","",
"19","Iowa","19099","Jasper","2008","2017","11.8","",
"19","Iowa","19101","Jefferson","2005","2014","4.7","",
"19","Iowa","19101","Jefferson","2006","2015","4.4","",
"19","Iowa","19101","Jefferson","2007","2016","4.1","",
"19","Iowa","19101","Jefferson","2008","2017","4.0","",
"19","Iowa","19103","Johnson","2005","2014","5.0","",
"19","Iowa","19103","Johnson","2006","2015","4.9","",
"19","Iowa","19103","Johnson","2007","2016","4.8","",
"19","Iowa","19103","Johnson","2008","2017","4.7","",
"19","Iowa","19105","Jones","2005","2014","8.0","",
"19","Iowa","19105","Jones","2006","2015","8.0","",
"19","Iowa","19105","Jones","2007","2016","7.8","",
"19","Iowa","19105","Jones","2008","2017","7.8","",
"19","Iowa","19107","Keokuk","2005","2014","7.1","",
"19","Iowa","19107","Keokuk","2006","2015","7.2","",
"19","Iowa","19107","Keokuk","2007","2016","7.2","",
"19","Iowa","19107","Keokuk","2008","2017","7.2","",
"19","Iowa","19109","Kossuth","2005","2014","8.2","",
"19","Iowa","19109","Kossuth","2006","2015","8.2","",
"19","Iowa","19109","Kossuth","2007","2016","8.1","",
"19","Iowa","19109","Kossuth","2008","2017","8.0","",
"19","Iowa","19111","Lee","2005","2014","5.4","",
"19","Iowa","19111","Lee","2006","2015","5.4","",
"19","Iowa","19111","Lee","2007","2016","5.4","",
"19","Iowa","19111","Lee","2008","2017","5.3","",
"19","Iowa","19113","Linn","2005","2014","5.2","",
"19","Iowa","19113","Linn","2006","2015","5.1","",
"19","Iowa","19113","Linn","2007","2016","4.9","",
"19","Iowa","19113","Linn","2008","2017","4.8","",
"19","Iowa","19115","Louisa","2005","2014","5.7","",
"19","Iowa","19115","Louisa","2006","2015","6.4","",
"19","Iowa","19115","Louisa","2007","2016","6.5","",
"19","Iowa","19115","Louisa","2008","2017","6.4","",
"19","Iowa","19117","Lucas","2005","2014","6.5","",
"19","Iowa","19117","Lucas","2006","2015","6.2","",
"19","Iowa","19117","Lucas","2007","2016","6.4","",
"19","Iowa","19117","Lucas","2008","2017","6.3","",
"19","Iowa","19119","Lyon","2005","2014","9.8","",
"19","Iowa","19119","Lyon","2006","2015","9.7","",
"19","Iowa","19119","Lyon","2007","2016","9.5","",
"19","Iowa","19119","Lyon","2008","2017","10.0","",
"19","Iowa","19121","Madison","2005","2014","9.5","",
"19","Iowa","19121","Madison","2006","2015","9.6","",
"19","Iowa","19121","Madison","2007","2016","9.1","",
"19","Iowa","19121","Madison","2008","2017","9.1","",
"19","Iowa","19123","Mahaska","2005","2014","6.8","",
"19","Iowa","19123","Mahaska","2006","2015","7.2","",
"19","Iowa","19123","Mahaska","2007","2016","6.7","",
"19","Iowa","19123","Mahaska","2008","2017","7.0","",
"19","Iowa","19125","Marion","2005","2014","8.9","",
"19","Iowa","19125","Marion","2006","2015","8.7","",
"19","Iowa","19125","Marion","2007","2016","8.4","",
"19","Iowa","19125","Marion","2008","2017","8.5","",
"19","Iowa","19127","Marshall","2005","2014","11.3","",
"19","Iowa","19127","Marshall","2006","2015","11.0","",
"19","Iowa","19127","Marshall","2007","2016","10.7","",
"19","Iowa","19127","Marshall","2008","2017","11.2","",
"19","Iowa","19129","Mills","2005","2014","9.0","",
"19","Iowa","19129","Mills","2006","2015","8.5","",
"19","Iowa","19129","Mills","2007","2016","8.4","",
"19","Iowa","19129","Mills","2008","2017","8.3","",
"19","Iowa","19131","Mitchell","2005","2014","9.2","",
"19","Iowa","19131","Mitchell","2006","2015","9.2","",
"19","Iowa","19131","Mitchell","2007","2016","9.2","",
"19","Iowa","19131","Mitchell","2008","2017","8.7","",
"19","Iowa","19133","Monona","2005","2014","10.1","",
"19","Iowa","19133","Monona","2006","2015","9.5","",
"19","Iowa","19133","Monona","2007","2016","9.1","",
"19","Iowa","19133","Monona","2008","2017","9.2","",
"19","Iowa","19135","Monroe","2005","2014","3.6","",
"19","Iowa","19135","Monroe","2006","2015","3.5","",
"19","Iowa","19135","Monroe","2007","2016","3.6","",
"19","Iowa","19135","Monroe","2008","2017","3.7","",
"19","Iowa","19137","Montgomery","2005","2014","9.9","",
"19","Iowa","19137","Montgomery","2006","2015","10.5","",
"19","Iowa","19137","Montgomery","2007","2016","10.6","",
"19","Iowa","19137","Montgomery","2008","2017","10.2","",
"19","Iowa","19139","Muscatine","2005","2014","5.6","",
"19","Iowa","19139","Muscatine","2006","2015","5.7","",
"19","Iowa","19139","Muscatine","2007","2016","5.5","",
"19","Iowa","19139","Muscatine","2008","2017","5.0","",
"19","Iowa","19141","O'Brien","2005","2014","11.2","",
"19","Iowa","19141","O'Brien","2006","2015","11.2","",
"19","Iowa","19141","O'Brien","2007","2016","11.0","",
"19","Iowa","19141","O'Brien","2008","2017","11.0","",
"19","Iowa","19143","Osceola","2005","2014","10.3","",
"19","Iowa","19143","Osceola","2006","2015","10.1","",
"19","Iowa","19143","Osceola","2007","2016","9.9","",
"19","Iowa","19143","Osceola","2008","2017","9.4","",
"19","Iowa","19145","Page","2005","2014","9.9","",
"19","Iowa","19145","Page","2006","2015","9.7","",
"19","Iowa","19145","Page","2007","2016","9.6","",
"19","Iowa","19145","Page","2008","2017","9.4","",
"19","Iowa","19147","Palo Alto","2005","2014","8.7","",
"19","Iowa","19147","Palo Alto","2006","2015","8.6","",
"19","Iowa","19147","Palo Alto","2007","2016","8.0","",
"19","Iowa","19147","Palo Alto","2008","2017","7.9","",
"19","Iowa","19149","Plymouth","2005","2014","10.4","",
"19","Iowa","19149","Plymouth","2006","2015","10.2","",
"19","Iowa","19149","Plymouth","2007","2016","10.2","",
"19","Iowa","19149","Plymouth","2008","2017","10.4","",
"19","Iowa","19151","Pocahontas","2005","2014","9.9","",
"19","Iowa","19151","Pocahontas","2006","2015","9.8","",
"19","Iowa","19151","Pocahontas","2007","2016","10.0","",
"19","Iowa","19151","Pocahontas","2008","2017","9.9","",
"19","Iowa","19153","Polk","2005","2014","7.5","",
"19","Iowa","19153","Polk","2006","2015","7.4","",
"19","Iowa","19153","Polk","2007","2016","7.3","",
"19","Iowa","19153","Polk","2008","2017","7.3","",
"19","Iowa","19155","Pottawattamie","2005","2014","6.7","",
"19","Iowa","19155","Pottawattamie","2006","2015","6.5","",
"19","Iowa","19155","Pottawattamie","2007","2016","6.4","",
"19","Iowa","19155","Pottawattamie","2008","2017","6.4","",
"19","Iowa","19157","Poweshiek","2005","2014","9.0","",
"19","Iowa","19157","Poweshiek","2006","2015","9.5","",
"19","Iowa","19157","Poweshiek","2007","2016","9.6","",
"19","Iowa","19157","Poweshiek","2008","2017","9.7","",
"19","Iowa","19159","Ringgold","2005","2014","4.0","",
"19","Iowa","19159","Ringgold","2006","2015","4.3","",
"19","Iowa","19159","Ringgold","2007","2016","4.1","",
"19","Iowa","19159","Ringgold","2008","2017","3.8","",
"19","Iowa","19161","Sac","2005","2014","10.5","",
"19","Iowa","19161","Sac","2006","2015","10.3","",
"19","Iowa","19161","Sac","2007","2016","10.0","",
"19","Iowa","19161","Sac","2008","2017","9.9","",
"19","Iowa","19163","Scott","2005","2014","5.8","",
"19","Iowa","19163","Scott","2006","2015","5.8","",
"19","Iowa","19163","Scott","2007","2016","5.2","",
"19","Iowa","19163","Scott","2008","2017","4.9","",
"19","Iowa","19165","Shelby","2005","2014","11.2","",
"19","Iowa","19165","Shelby","2006","2015","11.1","",
"19","Iowa","19165","Shelby","2007","2016","10.9","",
"19","Iowa","19165","Shelby","2008","2017","11.0","",
"19","Iowa","19167","Sioux","2005","2014","14.4","",
"19","Iowa","19167","Sioux","2006","2015","14.1","",
"19","Iowa","19167","Sioux","2007","2016","13.9","",
"19","Iowa","19167","Sioux","2008","2017","13.6","",
"19","Iowa","19169","Story","2005","2014","6.7","",
"19","Iowa","19169","Story","2006","2015","6.5","",
"19","Iowa","19169","Story","2007","2016","6.5","",
"19","Iowa","19169","Story","2008","2017","6.5","",
"19","Iowa","19171","Tama","2005","2014","11.0","",
"19","Iowa","19171","Tama","2006","2015","10.9","",
"19","Iowa","19171","Tama","2007","2016","10.9","",
"19","Iowa","19171","Tama","2008","2017","10.7","",
"19","Iowa","19173","Taylor","2005","2014","8.0","",
"19","Iowa","19173","Taylor","2006","2015","7.9","",
"19","Iowa","19173","Taylor","2007","2016","8.0","",
"19","Iowa","19173","Taylor","2008","2017","7.7","",
"19","Iowa","19175","Union","2005","2014","9.6","",
"19","Iowa","19175","Union","2006","2015","9.7","",
"19","Iowa","19175","Union","2007","2016","9.5","",
"19","Iowa","19175","Union","2008","2017","8.4","",
"19","Iowa","19177","Van Buren","2005","2014","3.7","",
"19","Iowa","19177","Van Buren","2006","2015","4.1","",
"19","Iowa","19177","Van Buren","2007","2016","3.7","",
"19","Iowa","19177","Van Buren","2008","2017","3.7","",
"19","Iowa","19179","Wapello","2005","2014","4.2","",
"19","Iowa","19179","Wapello","2006","2015","4.1","",
"19","Iowa","19179","Wapello","2007","2016","3.8","",
"19","Iowa","19179","Wapello","2008","2017","3.9","",
"19","Iowa","19181","Warren","2005","2014","9.4","",
"19","Iowa","19181","Warren","2006","2015","9.1","",
"19","Iowa","19181","Warren","2007","2016","8.9","",
"19","Iowa","19181","Warren","2008","2017","8.8","",
"19","Iowa","19183","Washington","2005","2014","7.7","",
"19","Iowa","19183","Washington","2006","2015","7.2","",
"19","Iowa","19183","Washington","2007","2016","6.8","",
"19","Iowa","19183","Washington","2008","2017","6.9","",
"19","Iowa","19185","Wayne","2005","2014","4.4","",
"19","Iowa","19185","Wayne","2006","2015","4.4","",
"19","Iowa","19185","Wayne","2007","2016","4.0","",
"19","Iowa","19185","Wayne","2008","2017","4.1","",
"19","Iowa","19187","Webster","2005","2014","8.9","",
"19","Iowa","19187","Webster","2006","2015","8.4","",
"19","Iowa","19187","Webster","2007","2016","8.3","",
"19","Iowa","19187","Webster","2008","2017","8.1","",
"19","Iowa","19189","Winnebago","2005","2014","9.8","",
"19","Iowa","19189","Winnebago","2006","2015","9.4","",
"19","Iowa","19189","Winnebago","2007","2016","9.2","",
"19","Iowa","19189","Winnebago","2008","2017","9.0","",
"19","Iowa","19191","Winneshiek","2005","2014","9.2","",
"19","Iowa","19191","Winneshiek","2006","2015","9.1","",
"19","Iowa","19191","Winneshiek","2007","2016","9.3","",
"19","Iowa","19191","Winneshiek","2008","2017","9.1","",
"19","Iowa","19193","Woodbury","2005","2014","8.2","",
"19","Iowa","19193","Woodbury","2006","2015","8.1","",
"19","Iowa","19193","Woodbury","2007","2016","8.0","",
"19","Iowa","19193","Woodbury","2008","2017","7.9","",
"19","Iowa","19195","Worth","2005","2014","7.8","",
"19","Iowa","19195","Worth","2006","2015","7.7","",
"19","Iowa","19195","Worth","2007","2016","7.9","",
"19","Iowa","19195","Worth","2008","2017","8.0","",
"19","Iowa","19197","Wright","2005","2014","9.2","",
"19","Iowa","19197","Wright","2006","2015","9.0","",
"19","Iowa","19197","Wright","2007","2016","9.0","",
"19","Iowa","19197","Wright","2008","2017","8.8","",
"21","Kentucky","21001","Adair","2005","2014","5.4","",
"21","Kentucky","21001","Adair","2006","2015","5.2","",
"21","Kentucky","21001","Adair","2007","2016","5.2","",
"21","Kentucky","21001","Adair","2008","2017","5.1","",
"21","Kentucky","21003","Allen","2005","2014","4.3","",
"21","Kentucky","21003","Allen","2006","2015","5.3","",
"21","Kentucky","21003","Allen","2007","2016","5.1","",
"21","Kentucky","21003","Allen","2008","2017","5.0","",
"21","Kentucky","21005","Anderson","2005","2014","3.1","",
"21","Kentucky","21005","Anderson","2006","2015","3.2","",
"21","Kentucky","21005","Anderson","2007","2016","3.2","",
"21","Kentucky","21005","Anderson","2008","2017","3.2","",
"21","Kentucky","21007","Ballard","2005","2014","2.1","< 10 Tests",
"21","Kentucky","21007","Ballard","2006","2015","1.9","< 10 Tests",
"21","Kentucky","21007","Ballard","2007","2016","1.6","< 10 Tests",
"21","Kentucky","21007","Ballard","2008","2017","1.6","< 10 Tests",
"21","Kentucky","21009","Barren","2005","2014","7.7","",
"21","Kentucky","21009","Barren","2006","2015","7.6","",
"21","Kentucky","21009","Barren","2007","2016","7.4","",
"21","Kentucky","21009","Barren","2008","2017","8.1","",
"21","Kentucky","21011","Bath","2005","2014","6.8","< 10 Tests",
"21","Kentucky","21011","Bath","2006","2015","6.6","",
"21","Kentucky","21011","Bath","2007","2016","6.0","",
"21","Kentucky","21011","Bath","2008","2017","5.0","",
"21","Kentucky","21013","Bell","2005","2014","2.5","< 10 Tests",
"21","Kentucky","21013","Bell","2006","2015","1.8","< 10 Tests",
"21","Kentucky","21013","Bell","2007","2016","1.8","< 10 Tests",
"21","Kentucky","21013","Bell","2008","2017","1.7","< 10 Tests",
"21","Kentucky","21015","Boone","2005","2014","4.8","",
"21","Kentucky","21015","Boone","2006","2015","4.9","",
"21","Kentucky","21015","Boone","2007","2016","4.8","",
"21","Kentucky","21015","Boone","2008","2017","4.8","",
"21","Kentucky","21017","Bourbon","2005","2014","10.8","",
"21","Kentucky","21017","Bourbon","2006","2015","11.7","",
"21","Kentucky","21017","Bourbon","2007","2016","10.9","",
"21","Kentucky","21017","Bourbon","2008","2017","10.0","",
"21","Kentucky","21019","Boyd","2005","2014","3.1","",
"21","Kentucky","21019","Boyd","2006","2015","3.0","",
"21","Kentucky","21019","Boyd","2007","2016","2.9","",
"21","Kentucky","21019","Boyd","2008","2017","2.8","",
"21","Kentucky","21021","Boyle","2005","2014","6.3","",
"21","Kentucky","21021","Boyle","2006","2015","6.4","",
"21","Kentucky","21021","Boyle","2007","2016","6.2","",
"21","Kentucky","21021","Boyle","2008","2017","6.2","",
"21","Kentucky","21023","Bracken","2005","2014","2.3","< 10 Tests",
"21","Kentucky","21023","Bracken","2006","2015","2.3","< 10 Tests",
"21","Kentucky","21023","Bracken","2007","2016","2.3","< 10 Tests",
"21","Kentucky","21023","Bracken","2008","2017","2.4","< 10 Tests",
"21","Kentucky","21025","Breathitt","2005","2014","3.0","",
"21","Kentucky","21025","Breathitt","2006","2015","2.5","",
"21","Kentucky","21025","Breathitt","2007","2016","2.8","",
"21","Kentucky","21025","Breathitt","2008","2017","2.7","",
"21","Kentucky","21027","Breckinridge","2005","2014","13.8","",
"21","Kentucky","21027","Breckinridge","2006","2015","16.4","",
"21","Kentucky","21027","Breckinridge","2007","2016","15.3","",
"21","Kentucky","21027","Breckinridge","2008","2017","15.4","",
"21","Kentucky","21029","Bullitt","2005","2014","8.9","",
"21","Kentucky","21029","Bullitt","2006","2015","8.7","",
"21","Kentucky","21029","Bullitt","2007","2016","8.3","",
"21","Kentucky","21029","Bullitt","2008","2017","7.7","",
"21","Kentucky","21031","Butler","2005","2014","1.6","",
"21","Kentucky","21031","Butler","2006","2015","1.6","",
"21","Kentucky","21031","Butler","2007","2016","1.7","",
"21","Kentucky","21031","Butler","2008","2017","1.8","",
"21","Kentucky","21033","Caldwell","2005","2014","4.3","",
"21","Kentucky","21033","Caldwell","2006","2015","4.1","",
"21","Kentucky","21033","Caldwell","2007","2016","4.4","",
"21","Kentucky","21033","Caldwell","2008","2017","4.5","",
"21","Kentucky","21035","Calloway","2005","2014","2.9","",
"21","Kentucky","21035","Calloway","2006","2015","3.0","",
"21","Kentucky","21035","Calloway","2007","2016","3.0","",
"21","Kentucky","21035","Calloway","2008","2017","2.9","",
"21","Kentucky","21037","Campbell","2005","2014","3.2","",
"21","Kentucky","21037","Campbell","2006","2015","3.2","",
"21","Kentucky","21037","Campbell","2007","2016","3.2","",
"21","Kentucky","21037","Campbell","2008","2017","3.2","",
"21","Kentucky","21039","Carlisle","2005","2014","No Events","",
"21","Kentucky","21039","Carlisle","2006","2015","2.0","< 10 Tests",
"21","Kentucky","21039","Carlisle","2007","2016","2.0","< 10 Tests",
"21","Kentucky","21039","Carlisle","2008","2017","2.0","< 10 Tests",
"21","Kentucky","21041","Carroll","2005","2014","3.9","",
"21","Kentucky","21041","Carroll","2006","2015","4.1","",
"21","Kentucky","21041","Carroll","2007","2016","3.7","",
"21","Kentucky","21041","Carroll","2008","2017","3.6","",
"21","Kentucky","21043","Carter","2005","2014","5.4","",
"21","Kentucky","21043","Carter","2006","2015","5.1","",
"21","Kentucky","21043","Carter","2007","2016","4.2","",
"21","Kentucky","21043","Carter","2008","2017","3.8","",
"21","Kentucky","21045","Casey","2005","2014","2.7","",
"21","Kentucky","21045","Casey","2006","2015","4.7","",
"21","Kentucky","21045","Casey","2007","2016","5.7","",
"21","Kentucky","21045","Casey","2008","2017","6.0","",
"21","Kentucky","21047","Christian","2005","2014","6.2","",
"21","Kentucky","21047","Christian","2006","2015","6.1","",
"21","Kentucky","21047","Christian","2007","2016","5.8","",
"21","Kentucky","21047","Christian","2008","2017","5.7","",
"21","Kentucky","21049","Clark","2005","2014","4.0","",
"21","Kentucky","21049","Clark","2006","2015","4.1","",
"21","Kentucky","21049","Clark","2007","2016","4.4","",
"21","Kentucky","21049","Clark","2008","2017","4.3","",
"21","Kentucky","21051","Clay","2005","2014","2.6","< 10 Tests",
"21","Kentucky","21051","Clay","2006","2015","2.3","< 10 Tests",
"21","Kentucky","21051","Clay","2007","2016","2.8","< 10 Tests",
"21","Kentucky","21051","Clay","2008","2017","2.6","",
"21","Kentucky","21053","Clinton","2005","2014","7.6","",
"21","Kentucky","21053","Clinton","2006","2015","6.9","",
"21","Kentucky","21053","Clinton","2007","2016","7.1","",
"21","Kentucky","21053","Clinton","2008","2017","7.0","",
"21","Kentucky","21055","Crittenden","2005","2014","2.4","",
"21","Kentucky","21055","Crittenden","2006","2015","2.8","",
"21","Kentucky","21055","Crittenden","2007","2016","2.6","",
"21","Kentucky","21055","Crittenden","2008","2017","2.9","< 10 Tests",
"21","Kentucky","21057","Cumberland","2005","2014","9.1","",
"21","Kentucky","21057","Cumberland","2006","2015","9.8","",
"21","Kentucky","21057","Cumberland","2007","2016","9.1","",
"21","Kentucky","21057","Cumberland","2008","2017","5.2","",
"21","Kentucky","21059","Daviess","2005","2014","2.8","",
"21","Kentucky","21059","Daviess","2006","2015","3.0","",
"21","Kentucky","21059","Daviess","2007","2016","2.8","",
"21","Kentucky","21059","Daviess","2008","2017","2.8","",
"21","Kentucky","21061","Edmonson","2005","2014","2.5","",
"21","Kentucky","21061","Edmonson","2006","2015","2.4","",
"21","Kentucky","21061","Edmonson","2007","2016","2.5","",
"21","Kentucky","21061","Edmonson","2008","2017","3.9","",
"21","Kentucky","21063","Elliott","2005","2014","0.6","< 10 Tests",
"21","Kentucky","21063","Elliott","2006","2015","3.3","< 10 Tests",
"21","Kentucky","21063","Elliott","2007","2016","2.9","< 10 Tests",
"21","Kentucky","21063","Elliott","2008","2017","5.9","< 10 Tests",
"21","Kentucky","21065","Estill","2005","2014","11.1","",
"21","Kentucky","21065","Estill","2006","2015","10.3","",
"21","Kentucky","21065","Estill","2007","2016","9.3","",
"21","Kentucky","21065","Estill","2008","2017","8.7","",
"21","Kentucky","21067","Fayette","2005","2014","8.3","",
"21","Kentucky","21067","Fayette","2006","2015","8.3","",
"21","Kentucky","21067","Fayette","2007","2016","8.3","",
"21","Kentucky","21067","Fayette","2008","2017","8.1","",
"21","Kentucky","21069","Fleming","2005","2014","4.1","",
"21","Kentucky","21069","Fleming","2006","2015","4.1","",
"21","Kentucky","21069","Fleming","2007","2016","3.8","",
"21","Kentucky","21069","Fleming","2008","2017","4.4","",
"21","Kentucky","21071","Floyd","2005","2014","3.7","",
"21","Kentucky","21071","Floyd","2006","2015","3.7","",
"21","Kentucky","21071","Floyd","2007","2016","3.9","",
"21","Kentucky","21071","Floyd","2008","2017","4.1","",
"21","Kentucky","21073","Franklin","2005","2014","6.0","",
"21","Kentucky","21073","Franklin","2006","2015","5.8","",
"21","Kentucky","21073","Franklin","2007","2016","5.7","",
"21","Kentucky","21073","Franklin","2008","2017","5.7","",
"21","Kentucky","21075","Fulton","2005","2014","1.9","< 10 Tests",
"21","Kentucky","21075","Fulton","2006","2015","1.9","< 10 Tests",
"21","Kentucky","21075","Fulton","2007","2016","1.9","< 10 Tests",
"21","Kentucky","21075","Fulton","2008","2017","1.9","< 10 Tests",
"21","Kentucky","21077","Gallatin","2005","2014","3.6","",
"21","Kentucky","21077","Gallatin","2006","2015","3.7","",
"21","Kentucky","21077","Gallatin","2007","2016","4.7","",
"21","Kentucky","21077","Gallatin","2008","2017","4.8","",
"21","Kentucky","21079","Garrard","2005","2014","5.4","",
"21","Kentucky","21079","Garrard","2006","2015","5.4","",
"21","Kentucky","21079","Garrard","2007","2016","5.9","",
"21","Kentucky","21079","Garrard","2008","2017","5.9","",
"21","Kentucky","21081","Grant","2005","2014","3.7","",
"21","Kentucky","21081","Grant","2006","2015","3.7","",
"21","Kentucky","21081","Grant","2007","2016","3.5","",
"21","Kentucky","21081","Grant","2008","2017","3.7","",
"21","Kentucky","21083","Graves","2005","2014","2.6","",
"21","Kentucky","21083","Graves","2006","2015","2.5","",
"21","Kentucky","21083","Graves","2007","2016","2.4","",
"21","Kentucky","21083","Graves","2008","2017","2.5","",
"21","Kentucky","21085","Grayson","2005","2014","3.4","",
"21","Kentucky","21085","Grayson","2006","2015","3.4","",
"21","Kentucky","21085","Grayson","2007","2016","3.5","",
"21","Kentucky","21085","Grayson","2008","2017","3.7","",
"21","Kentucky","21087","Green","2005","2014","4.9","",
"21","Kentucky","21087","Green","2006","2015","5.0","",
"21","Kentucky","21087","Green","2007","2016","4.9","",
"21","Kentucky","21087","Green","2008","2017","4.6","",
"21","Kentucky","21089","Greenup","2005","2014","2.3","",
"21","Kentucky","21089","Greenup","2006","2015","2.5","",
"21","Kentucky","21089","Greenup","2007","2016","2.5","",
"21","Kentucky","21089","Greenup","2008","2017","2.4","",
"21","Kentucky","21091","Hancock","2005","2014","1.3","< 10 Tests",
"21","Kentucky","21091","Hancock","2006","2015","1.3","< 10 Tests",
"21","Kentucky","21091","Hancock","2007","2016","1.9","< 10 Tests",
"21","Kentucky","21091","Hancock","2008","2017","1.9","< 10 Tests",
"21","Kentucky","21093","Hardin","2005","2014","6.6","",
"21","Kentucky","21093","Hardin","2006","2015","6.5","",
"21","Kentucky","21093","Hardin","2007","2016","6.6","",
"21","Kentucky","21093","Hardin","2008","2017","6.8","",
"21","Kentucky","21095","Harlan","2005","2014","No Events","",
"21","Kentucky","21095","Harlan","2006","2015","0.1","< 10 Tests",
"21","Kentucky","21095","Harlan","2007","2016","0.1","< 10 Tests",
"21","Kentucky","21095","Harlan","2008","2017","2.5","< 10 Tests",
"21","Kentucky","21097","Harrison","2005","2014","4.0","",
"21","Kentucky","21097","Harrison","2006","2015","4.1","",
"21","Kentucky","21097","Harrison","2007","2016","4.5","",
"21","Kentucky","21097","Harrison","2008","2017","4.7","",
"21","Kentucky","21099","Hart","2005","2014","18.5","",
"21","Kentucky","21099","Hart","2006","2015","18.7","",
"21","Kentucky","21099","Hart","2007","2016","17.9","",
"21","Kentucky","21099","Hart","2008","2017","17.4","",
"21","Kentucky","21101","Henderson","2005","2014","4.3","",
"21","Kentucky","21101","Henderson","2006","2015","3.6","",
"21","Kentucky","21101","Henderson","2007","2016","3.5","",
"21","Kentucky","21101","Henderson","2008","2017","3.4","",
"21","Kentucky","21103","Henry","2005","2014","4.1","",
"21","Kentucky","21103","Henry","2006","2015","4.2","",
"21","Kentucky","21103","Henry","2007","2016","3.9","",
"21","Kentucky","21103","Henry","2008","2017","4.0","",
"21","Kentucky","21105","Hickman","2005","2014","1.6","< 10 Tests",
"21","Kentucky","21105","Hickman","2006","2015","0.9","< 10 Tests",
"21","Kentucky","21105","Hickman","2007","2016","1.0","< 10 Tests",
"21","Kentucky","21105","Hickman","2008","2017","1.0","< 10 Tests",
"21","Kentucky","21107","Hopkins","2005","2014","2.3","",
"21","Kentucky","21107","Hopkins","2006","2015","2.3","",
"21","Kentucky","21107","Hopkins","2007","2016","2.3","",
"21","Kentucky","21107","Hopkins","2008","2017","2.2","",
"21","Kentucky","21109","Jackson","2005","2014","2.2","< 10 Tests",
"21","Kentucky","21109","Jackson","2006","2015","2.3","< 10 Tests",
"21","Kentucky","21109","Jackson","2007","2016","1.7","< 10 Tests",
"21","Kentucky","21109","Jackson","2008","2017","1.6","",
"21","Kentucky","21111","Jefferson","2005","2014","6.3","",
"21","Kentucky","21111","Jefferson","2006","2015","6.1","",
"21","Kentucky","21111","Jefferson","2007","2016","5.7","",
"21","Kentucky","21111","Jefferson","2008","2017","5.3","",
"21","Kentucky","21113","Jessamine","2005","2014","8.7","",
"21","Kentucky","21113","Jessamine","2006","2015","8.9","",
"21","Kentucky","21113","Jessamine","2007","2016","8.7","",
"21","Kentucky","21113","Jessamine","2008","2017","8.8","",
"21","Kentucky","21115","Johnson","2005","2014","1.0","",
"21","Kentucky","21115","Johnson","2006","2015","1.0","",
"21","Kentucky","21115","Johnson","2007","2016","1.0","",
"21","Kentucky","21115","Johnson","2008","2017","1.0","",
"21","Kentucky","21117","Kenton","2005","2014","3.1","",
"21","Kentucky","21117","Kenton","2006","2015","3.2","",
"21","Kentucky","21117","Kenton","2007","2016","3.2","",
"21","Kentucky","21117","Kenton","2008","2017","3.2","",
"21","Kentucky","21119","Knott","2005","2014","2.1","< 10 Tests",
"21","Kentucky","21119","Knott","2006","2015","1.9","< 10 Tests",
"21","Kentucky","21119","Knott","2007","2016","1.8","< 10 Tests",
"21","Kentucky","21119","Knott","2008","2017","2.4","",
"21","Kentucky","21121","Knox","2005","2014","2.1","",
"21","Kentucky","21121","Knox","2006","2015","2.1","",
"21","Kentucky","21121","Knox","2007","2016","2.2","",
"21","Kentucky","21121","Knox","2008","2017","2.2","",
"21","Kentucky","21123","Larue","2005","2014","5.2","",
"21","Kentucky","21123","Larue","2006","2015","5.3","",
"21","Kentucky","21123","Larue","2007","2016","5.3","",
"21","Kentucky","21123","Larue","2008","2017","5.2","",
"21","Kentucky","21125","Laurel","2005","2014","3.0","",
"21","Kentucky","21125","Laurel","2006","2015","2.7","",
"21","Kentucky","21125","Laurel","2007","2016","2.6","",
"21","Kentucky","21125","Laurel","2008","2017","2.7","",
"21","Kentucky","21127","Lawrence","2005","2014","1.0","",
"21","Kentucky","21127","Lawrence","2006","2015","1.1","< 10 Tests",
"21","Kentucky","21127","Lawrence","2007","2016","1.7","< 10 Tests",
"21","Kentucky","21127","Lawrence","2008","2017","1.7","< 10 Tests",
"21","Kentucky","21129","Lee","2005","2014","1.3","",
"21","Kentucky","21129","Lee","2006","2015","1.1","< 10 Tests",
"21","Kentucky","21129","Lee","2007","2016","1.4","",
"21","Kentucky","21129","Lee","2008","2017","1.9","",
"21","Kentucky","21131","Leslie","2005","2014","0.2","< 10 Tests",
"21","Kentucky","21131","Leslie","2006","2015","0.2","< 10 Tests",
"21","Kentucky","21131","Leslie","2007","2016","0.2","< 10 Tests",
"21","Kentucky","21131","Leslie","2008","2017","0.6","",
"21","Kentucky","21133","Letcher","2005","2014","4.1","",
"21","Kentucky","21133","Letcher","2006","2015","4.3","",
"21","Kentucky","21133","Letcher","2007","2016","6.1","",
"21","Kentucky","21133","Letcher","2008","2017","4.1","",
"21","Kentucky","21135","Lewis","2005","2014","5.8","< 10 Tests",
"21","Kentucky","21135","Lewis","2006","2015","5.8","< 10 Tests",
"21","Kentucky","21135","Lewis","2007","2016","4.8","",
"21","Kentucky","21135","Lewis","2008","2017","4.0","",
"21","Kentucky","21137","Lincoln","2005","2014","5.4","",
"21","Kentucky","21137","Lincoln","2006","2015","5.2","",
"21","Kentucky","21137","Lincoln","2007","2016","6.1","",
"21","Kentucky","21137","Lincoln","2008","2017","7.3","",
"21","Kentucky","21139","Livingston","2005","2014","2.2","",
"21","Kentucky","21139","Livingston","2006","2015","2.3","",
"21","Kentucky","21139","Livingston","2007","2016","2.3","",
"21","Kentucky","21139","Livingston","2008","2017","1.5","",
"21","Kentucky","21141","Logan","2005","2014","6.1","",
"21","Kentucky","21141","Logan","2006","2015","6.2","",
"21","Kentucky","21141","Logan","2007","2016","6.1","",
"21","Kentucky","21141","Logan","2008","2017","5.0","",
"21","Kentucky","21143","Lyon","2005","2014","4.2","",
"21","Kentucky","21143","Lyon","2006","2015","3.7","",
"21","Kentucky","21143","Lyon","2007","2016","3.4","",
"21","Kentucky","21143","Lyon","2008","2017","3.4","",
"21","Kentucky","21151","Madison","2005","2014","5.7","",
"21","Kentucky","21151","Madison","2006","2015","5.7","",
"21","Kentucky","21151","Madison","2007","2016","5.4","",
"21","Kentucky","21151","Madison","2008","2017","5.1","",
"21","Kentucky","21153","Magoffin","2005","2014","1.2","",
"21","Kentucky","21153","Magoffin","2006","2015","1.2","",
"21","Kentucky","21153","Magoffin","2007","2016","1.2","",
"21","Kentucky","21153","Magoffin","2008","2017","1.0","",
"21","Kentucky","21155","Marion","2005","2014","9.9","",
"21","Kentucky","21155","Marion","2006","2015","9.6","",
"21","Kentucky","21155","Marion","2007","2016","9.4","",
"21","Kentucky","21155","Marion","2008","2017","9.4","",
"21","Kentucky","21157","Marshall","2005","2014","2.1","",
"21","Kentucky","21157","Marshall","2006","2015","2.1","",
"21","Kentucky","21157","Marshall","2007","2016","2.1","",
"21","Kentucky","21157","Marshall","2008","2017","2.1","",
"21","Kentucky","21159","Martin","2005","2014","0.1","< 10 Tests",
"21","Kentucky","21159","Martin","2006","2015","0.1","< 10 Tests",
"21","Kentucky","21159","Martin","2007","2016","0.1","< 10 Tests",
"21","Kentucky","21159","Martin","2008","2017","0.1","< 10 Tests",
"21","Kentucky","21161","Mason","2005","2014","3.1","",
"21","Kentucky","21161","Mason","2006","2015","4.5","",
"21","Kentucky","21161","Mason","2007","2016","4.0","",
"21","Kentucky","21161","Mason","2008","2017","4.1","",
"21","Kentucky","21145","McCracken","2005","2014","2.3","",
"21","Kentucky","21145","McCracken","2006","2015","2.5","",
"21","Kentucky","21145","McCracken","2007","2016","2.4","",
"21","Kentucky","21145","McCracken","2008","2017","2.4","",
"21","Kentucky","21147","McCreary","2005","2014","1.4","< 10 Tests",
"21","Kentucky","21147","McCreary","2006","2015","1.4","< 10 Tests",
"21","Kentucky","21147","McCreary","2007","2016","1.4","< 10 Tests",
"21","Kentucky","21147","McCreary","2008","2017","1.4","< 10 Tests",
"21","Kentucky","21149","McLean","2005","2014","2.0","< 10 Tests",
"21","Kentucky","21149","McLean","2006","2015","6.7","< 10 Tests",
"21","Kentucky","21149","McLean","2007","2016","6.7","< 10 Tests",
"21","Kentucky","21149","McLean","2008","2017","6.7","< 10 Tests",
"21","Kentucky","21163","Meade","2005","2014","17.5","",
"21","Kentucky","21163","Meade","2006","2015","18.3","",
"21","Kentucky","21163","Meade","2007","2016","17.9","",
"21","Kentucky","21163","Meade","2008","2017","17.5","",
"21","Kentucky","21165","Menifee","2005","2014","2.6","< 10 Tests",
"21","Kentucky","21165","Menifee","2006","2015","2.4","< 10 Tests",
"21","Kentucky","21165","Menifee","2007","2016","3.0","< 10 Tests",
"21","Kentucky","21165","Menifee","2008","2017","2.6","",
"21","Kentucky","21167","Mercer","2005","2014","4.9","",
"21","Kentucky","21167","Mercer","2006","2015","4.9","",
"21","Kentucky","21167","Mercer","2007","2016","5.1","",
"21","Kentucky","21167","Mercer","2008","2017","5.1","",
"21","Kentucky","21169","Metcalfe","2005","2014","7.4","",
"21","Kentucky","21169","Metcalfe","2006","2015","6.9","",
"21","Kentucky","21169","Metcalfe","2007","2016","6.7","",
"21","Kentucky","21169","Metcalfe","2008","2017","6.5","",
"21","Kentucky","21171","Monroe","2005","2014","5.5","",
"21","Kentucky","21171","Monroe","2006","2015","5.3","",
"21","Kentucky","21171","Monroe","2007","2016","5.2","",
"21","Kentucky","21171","Monroe","2008","2017","5.1","",
"21","Kentucky","21173","Montgomery","2005","2014","5.5","",
"21","Kentucky","21173","Montgomery","2006","2015","5.4","",
"21","Kentucky","21173","Montgomery","2007","2016","5.5","",
"21","Kentucky","21173","Montgomery","2008","2017","5.2","",
"21","Kentucky","21175","Morgan","2005","2014","1.6","< 10 Tests",
"21","Kentucky","21175","Morgan","2006","2015","1.7","",
"21","Kentucky","21175","Morgan","2007","2016","1.9","",
"21","Kentucky","21175","Morgan","2008","2017","1.7","",
"21","Kentucky","21177","Muhlenberg","2005","2014","3.2","",
"21","Kentucky","21177","Muhlenberg","2006","2015","3.6","",
"21","Kentucky","21177","Muhlenberg","2007","2016","3.4","",
"21","Kentucky","21177","Muhlenberg","2008","2017","3.5","",
"21","Kentucky","21179","Nelson","2005","2014","13.4","",
"21","Kentucky","21179","Nelson","2006","2015","13.0","",
"21","Kentucky","21179","Nelson","2007","2016","13.3","",
"21","Kentucky","21179","Nelson","2008","2017","13.4","",
"21","Kentucky","21181","Nicholas","2005","2014","2.2","",
"21","Kentucky","21181","Nicholas","2006","2015","1.8","",
"21","Kentucky","21181","Nicholas","2007","2016","1.8","",
"21","Kentucky","21181","Nicholas","2008","2017","2.0","",
"21","Kentucky","21183","Ohio","2005","2014","2.2","",
"21","Kentucky","21183","Ohio","2006","2015","2.3","",
"21","Kentucky","21183","Ohio","2007","2016","2.1","",
"21","Kentucky","21183","Ohio","2008","2017","2.1","",
"21","Kentucky","21185","Oldham","2005","2014","5.2","",
"21","Kentucky","21185","Oldham","2006","2015","5.3","",
"21","Kentucky","21185","Oldham","2007","2016","5.6","",
"21","Kentucky","21185","Oldham","2008","2017","5.3","",
"21","Kentucky","21187","Owen","2005","2014","3.6","",
"21","Kentucky","21187","Owen","2006","2015","4.9","",
"21","Kentucky","21187","Owen","2007","2016","4.9","",
"21","Kentucky","21187","Owen","2008","2017","4.7","",
"21","Kentucky","21189","Owsley","2005","2014","14.6","< 10 Tests",
"21","Kentucky","21189","Owsley","2006","2015","14.6","< 10 Tests",
"21","Kentucky","21189","Owsley","2007","2016","14.0","",
"21","Kentucky","21189","Owsley","2008","2017","14.0","",
"21","Kentucky","21191","Pendleton","2005","2014","5.5","",
"21","Kentucky","21191","Pendleton","2006","2015","5.3","",
"21","Kentucky","21191","Pendleton","2007","2016","4.8","",
"21","Kentucky","21191","Pendleton","2008","2017","4.8","",
"21","Kentucky","21193","Perry","2005","2014","2.8","",
"21","Kentucky","21193","Perry","2006","2015","2.8","",
"21","Kentucky","21193","Perry","2007","2016","3.3","",
"21","Kentucky","21193","Perry","2008","2017","2.9","",
"21","Kentucky","21195","Pike","2005","2014","2.9","",
"21","Kentucky","21195","Pike","2006","2015","3.0","",
"21","Kentucky","21195","Pike","2007","2016","3.0","",
"21","Kentucky","21195","Pike","2008","2017","2.6","",
"21","Kentucky","21197","Powell","2005","2014","11.1","",
"21","Kentucky","21197","Powell","2006","2015","9.4","",
"21","Kentucky","21197","Powell","2007","2016","10.8","",
"21","Kentucky","21197","Powell","2008","2017","9.0","",
"21","Kentucky","21199","Pulaski","2005","2014","9.4","",
"21","Kentucky","21199","Pulaski","2006","2015","9.4","",
"21","Kentucky","21199","Pulaski","2007","2016","9.4","",
"21","Kentucky","21199","Pulaski","2008","2017","9.5","",
"21","Kentucky","21201","Robertson","2005","2014","1.9","< 10 Tests",
"21","Kentucky","21201","Robertson","2006","2015","2.0","< 10 Tests",
"21","Kentucky","21201","Robertson","2007","2016","1.9","< 10 Tests",
"21","Kentucky","21201","Robertson","2008","2017","1.9","< 10 Tests",
"21","Kentucky","21203","Rockcastle","2005","2014","1.5","< 10 Tests",
"21","Kentucky","21203","Rockcastle","2006","2015","2.0","",
"21","Kentucky","21203","Rockcastle","2007","2016","2.0","",
"21","Kentucky","21203","Rockcastle","2008","2017","4.8","",
"21","Kentucky","21205","Rowan","2005","2014","3.0","",
"21","Kentucky","21205","Rowan","2006","2015","2.5","",
"21","Kentucky","21205","Rowan","2007","2016","2.4","",
"21","Kentucky","21205","Rowan","2008","2017","2.5","",
"21","Kentucky","21207","Russell","2005","2014","3.8","",
"21","Kentucky","21207","Russell","2006","2015","3.7","",
"21","Kentucky","21207","Russell","2007","2016","3.6","",
"21","Kentucky","21207","Russell","2008","2017","3.2","",
"21","Kentucky","21209","Scott","2005","2014","8.4","",
"21","Kentucky","21209","Scott","2006","2015","8.3","",
"21","Kentucky","21209","Scott","2007","2016","8.1","",
"21","Kentucky","21209","Scott","2008","2017","8.1","",
"21","Kentucky","21211","Shelby","2005","2014","4.7","",
"21","Kentucky","21211","Shelby","2006","2015","4.9","",
"21","Kentucky","21211","Shelby","2007","2016","4.7","",
"21","Kentucky","21211","Shelby","2008","2017","4.5","",
"21","Kentucky","21213","Simpson","2005","2014","5.2","",
"21","Kentucky","21213","Simpson","2006","2015","5.2","",
"21","Kentucky","21213","Simpson","2007","2016","5.0","",
"21","Kentucky","21213","Simpson","2008","2017","4.2","",
"21","Kentucky","21215","Spencer","2005","2014","4.9","",
"21","Kentucky","21215","Spencer","2006","2015","4.7","",
"21","Kentucky","21215","Spencer","2007","2016","4.6","",
"21","Kentucky","21215","Spencer","2008","2017","4.3","",
"21","Kentucky","21217","Taylor","2005","2014","8.0","",
"21","Kentucky","21217","Taylor","2006","2015","7.9","",
"21","Kentucky","21217","Taylor","2007","2016","7.7","",
"21","Kentucky","21217","Taylor","2008","2017","6.2","",
"21","Kentucky","21219","Todd","2005","2014","3.7","",
"21","Kentucky","21219","Todd","2006","2015","3.7","",
"21","Kentucky","21219","Todd","2007","2016","3.1","",
"21","Kentucky","21219","Todd","2008","2017","3.1","",
"21","Kentucky","21221","Trigg","2005","2014","4.4","",
"21","Kentucky","21221","Trigg","2006","2015","4.4","",
"21","Kentucky","21221","Trigg","2007","2016","4.0","",
"21","Kentucky","21221","Trigg","2008","2017","3.4","",
"21","Kentucky","21223","Trimble","2005","2014","4.3","",
"21","Kentucky","21223","Trimble","2006","2015","4.1","",
"21","Kentucky","21223","Trimble","2007","2016","10.7","",
"21","Kentucky","21223","Trimble","2008","2017","11.4","",
"21","Kentucky","21225","Union","2005","2014","2.3","< 10 Tests",
"21","Kentucky","21225","Union","2006","2015","2.6","< 10 Tests",
"21","Kentucky","21225","Union","2007","2016","2.6","< 10 Tests",
"21","Kentucky","21225","Union","2008","2017","2.4","< 10 Tests",
"21","Kentucky","21227","Warren","2005","2014","15.7","",
"21","Kentucky","21227","Warren","2006","2015","15.6","",
"21","Kentucky","21227","Warren","2007","2016","15.0","",
"21","Kentucky","21227","Warren","2008","2017","14.3","",
"21","Kentucky","21229","Washington","2005","2014","4.5","",
"21","Kentucky","21229","Washington","2006","2015","4.3","",
"21","Kentucky","21229","Washington","2007","2016","4.1","",
"21","Kentucky","21229","Washington","2008","2017","3.3","",
"21","Kentucky","21231","Wayne","2005","2014","8.6","",
"21","Kentucky","21231","Wayne","2006","2015","9.8","",
"21","Kentucky","21231","Wayne","2007","2016","11.3","",
"21","Kentucky","21231","Wayne","2008","2017","10.4","",
"21","Kentucky","21233","Webster","2005","2014","5.0","< 10 Tests",
"21","Kentucky","21233","Webster","2006","2015","4.6","< 10 Tests",
"21","Kentucky","21233","Webster","2007","2016","5.2","< 10 Tests",
"21","Kentucky","21233","Webster","2008","2017","4.4","< 10 Tests",
"21","Kentucky","21235","Whitley","2005","2014","2.5","",
"21","Kentucky","21235","Whitley","2006","2015","2.5","",
"21","Kentucky","21235","Whitley","2007","2016","2.3","",
"21","Kentucky","21235","Whitley","2008","2017","1.7","",
"21","Kentucky","21237","Wolfe","2005","2014","No Events","",
"21","Kentucky","21237","Wolfe","2006","2015","0.1","< 10 Tests",
"21","Kentucky","21237","Wolfe","2007","2016","0.1","< 10 Tests",
"21","Kentucky","21237","Wolfe","2008","2017","0.3","< 10 Tests",
"21","Kentucky","21239","Woodford","2005","2014","8.0","",
"21","Kentucky","21239","Woodford","2006","2015","8.4","",
"21","Kentucky","21239","Woodford","2007","2016","8.4","",
"21","Kentucky","21239","Woodford","2008","2017","8.8","",
"22","Louisiana","22001","Acadia","2005","2014","0.7","< 10 Tests",
"22","Louisiana","22001","Acadia","2006","2015","0.7","< 10 Tests",
"22","Louisiana","22001","Acadia","2007","2016","0.7","< 10 Tests",
"22","Louisiana","22001","Acadia","2008","2017","0.7","< 10 Tests",
"22","Louisiana","22003","Allen","2005","2014","No Events","",
"22","Louisiana","22003","Allen","2006","2015","No Events","",
"22","Louisiana","22003","Allen","2007","2016","No Events","",
"22","Louisiana","22003","Allen","2008","2017","No Events","",
"22","Louisiana","22005","Ascension","2005","2014","0.5","",
"22","Louisiana","22005","Ascension","2006","2015","0.5","",
"22","Louisiana","22005","Ascension","2007","2016","0.5","",
"22","Louisiana","22005","Ascension","2008","2017","0.5","",
"22","Louisiana","22007","Assumption","2005","2014","No Events","",
"22","Louisiana","22007","Assumption","2006","2015","No Events","",
"22","Louisiana","22007","Assumption","2007","2016","No Events","",
"22","Louisiana","22007","Assumption","2008","2017","No Events","",
"22","Louisiana","22009","Avoyelles","2005","2014","No Events","",
"22","Louisiana","22009","Avoyelles","2006","2015","No Events","",
"22","Louisiana","22009","Avoyelles","2007","2016","No Events","",
"22","Louisiana","22009","Avoyelles","2008","2017","No Events","",
"22","Louisiana","22011","Beauregard","2005","2014","No Events","",
"22","Louisiana","22011","Beauregard","2006","2015","No Events","",
"22","Louisiana","22011","Beauregard","2007","2016","No Events","",
"22","Louisiana","22011","Beauregard","2008","2017","No Events","",
"22","Louisiana","22013","Bienville","2005","2014","No Events","",
"22","Louisiana","22013","Bienville","2006","2015","No Events","",
"22","Louisiana","22013","Bienville","2007","2016","No Events","",
"22","Louisiana","22013","Bienville","2008","2017","No Events","",
"22","Louisiana","22015","Bossier","2005","2014","0.8","",
"22","Louisiana","22015","Bossier","2006","2015","0.8","",
"22","Louisiana","22015","Bossier","2007","2016","0.8","",
"22","Louisiana","22015","Bossier","2008","2017","0.9","",
"22","Louisiana","22017","Caddo","2005","2014","2.9","",
"22","Louisiana","22017","Caddo","2006","2015","2.9","",
"22","Louisiana","22017","Caddo","2007","2016","2.8","",
"22","Louisiana","22017","Caddo","2008","2017","2.9","",
"22","Louisiana","22019","Calcasieu","2005","2014","0.4","",
"22","Louisiana","22019","Calcasieu","2006","2015","0.4","",
"22","Louisiana","22019","Calcasieu","2007","2016","0.4","",
"22","Louisiana","22019","Calcasieu","2008","2017","0.3","",
"22","Louisiana","22021","Caldwell","2005","2014","No Events","",
"22","Louisiana","22021","Caldwell","2006","2015","No Events","",
"22","Louisiana","22021","Caldwell","2007","2016","No Events","",
"22","Louisiana","22021","Caldwell","2008","2017","No Events","",
"22","Louisiana","22023","Cameron","2005","2014","0.1","< 10 Tests",
"22","Louisiana","22023","Cameron","2006","2015","0.1","< 10 Tests",
"22","Louisiana","22023","Cameron","2007","2016","0.1","< 10 Tests",
"22","Louisiana","22023","Cameron","2008","2017","0.1","< 10 Tests",
"22","Louisiana","22025","Catahoula","2005","2014","No Events","",
"22","Louisiana","22025","Catahoula","2006","2015","No Events","",
"22","Louisiana","22025","Catahoula","2007","2016","No Events","",
"22","Louisiana","22025","Catahoula","2008","2017","No Events","",
"22","Louisiana","22027","Claiborne","2005","2014","No Events","",
"22","Louisiana","22027","Claiborne","2006","2015","No Events","",
"22","Louisiana","22027","Claiborne","2007","2016","No Events","",
"22","Louisiana","22027","Claiborne","2008","2017","No Events","",
"22","Louisiana","22029","Concordia","2005","2014","2.6","< 10 Tests",
"22","Louisiana","22029","Concordia","2006","2015","2.6","< 10 Tests",
"22","Louisiana","22029","Concordia","2007","2016","No Events","",
"22","Louisiana","22029","Concordia","2008","2017","No Events","",
"22","Louisiana","22031","De Soto","2005","2014","0.4","< 10 Tests",
"22","Louisiana","22031","De Soto","2006","2015","0.4","< 10 Tests",
"22","Louisiana","22031","De Soto","2007","2016","0.4","< 10 Tests",
"22","Louisiana","22031","De Soto","2008","2017","0.4","< 10 Tests",
"22","Louisiana","22033","East Baton Rouge","2005","2014","0.7","",
"22","Louisiana","22033","East Baton Rouge","2006","2015","0.7","",
"22","Louisiana","22033","East Baton Rouge","2007","2016","0.7","",
"22","Louisiana","22033","East Baton Rouge","2008","2017","0.7","",
"22","Louisiana","22035","East Carroll","2005","2014","No Events","",
"22","Louisiana","22035","East Carroll","2006","2015","No Events","",
"22","Louisiana","22035","East Carroll","2007","2016","No Events","",
"22","Louisiana","22035","East Carroll","2008","2017","No Events","",
"22","Louisiana","22037","East Feliciana","2005","2014","1.1","< 10 Tests",
"22","Louisiana","22037","East Feliciana","2006","2015","No Events","",
"22","Louisiana","22037","East Feliciana","2007","2016","No Events","",
"22","Louisiana","22037","East Feliciana","2008","2017","No Events","",
"22","Louisiana","22039","Evangeline","2005","2014","0.7","< 10 Tests",
"22","Louisiana","22039","Evangeline","2006","2015","0.7","< 10 Tests",
"22","Louisiana","22039","Evangeline","2007","2016","0.7","< 10 Tests",
"22","Louisiana","22039","Evangeline","2008","2017","0.7","< 10 Tests",
"22","Louisiana","22041","Franklin","2005","2014","No Events","",
"22","Louisiana","22041","Franklin","2006","2015","5.7","< 10 Tests",
"22","Louisiana","22041","Franklin","2007","2016","5.7","< 10 Tests",
"22","Louisiana","22041","Franklin","2008","2017","5.7","< 10 Tests",
"22","Louisiana","22043","Grant","2005","2014","3.9","< 10 Tests",
"22","Louisiana","22043","Grant","2006","2015","3.9","< 10 Tests",
"22","Louisiana","22043","Grant","2007","2016","No Events","",
"22","Louisiana","22043","Grant","2008","2017","No Events","",
"22","Louisiana","22045","Iberia","2005","2014","2.0","< 10 Tests",
"22","Louisiana","22045","Iberia","2006","2015","2.0","< 10 Tests",
"22","Louisiana","22045","Iberia","2007","2016","2.4","< 10 Tests",
"22","Louisiana","22045","Iberia","2008","2017","2.4","< 10 Tests",
"22","Louisiana","22047","Iberville","2005","2014","0.6","< 10 Tests",
"22","Louisiana","22047","Iberville","2006","2015","0.6","< 10 Tests",
"22","Louisiana","22047","Iberville","2007","2016","0.6","< 10 Tests",
"22","Louisiana","22047","Iberville","2008","2017","0.6","< 10 Tests",
"22","Louisiana","22049","Jackson","2005","2014","No Events","",
"22","Louisiana","22049","Jackson","2006","2015","No Events","",
"22","Louisiana","22049","Jackson","2007","2016","No Events","",
"22","Louisiana","22049","Jackson","2008","2017","No Events","",
"22","Louisiana","22051","Jefferson","2005","2014","0.5","",
"22","Louisiana","22051","Jefferson","2006","2015","0.6","",
"22","Louisiana","22051","Jefferson","2007","2016","0.8","",
"22","Louisiana","22051","Jefferson","2008","2017","0.7","",
"22","Louisiana","22053","Jefferson Davis","2005","2014","No Events","",
"22","Louisiana","22053","Jefferson Davis","2006","2015","No Events","",
"22","Louisiana","22053","Jefferson Davis","2007","2016","No Events","",
"22","Louisiana","22053","Jefferson Davis","2008","2017","No Events","",
"22","Louisiana","22059","La Salle","2005","2014","No Events","",
"22","Louisiana","22059","La Salle","2006","2015","No Events","",
"22","Louisiana","22059","La Salle","2007","2016","No Events","",
"22","Louisiana","22059","La Salle","2008","2017","No Events","",
"22","Louisiana","22055","Lafayette","2005","2014","1.4","",
"22","Louisiana","22055","Lafayette","2006","2015","1.1","",
"22","Louisiana","22055","Lafayette","2007","2016","1.3","",
"22","Louisiana","22055","Lafayette","2008","2017","1.3","",
"22","Louisiana","22057","Lafourche","2005","2014","1.0","< 10 Tests",
"22","Louisiana","22057","Lafourche","2006","2015","1.0","< 10 Tests",
"22","Louisiana","22057","Lafourche","2007","2016","0.8","< 10 Tests",
"22","Louisiana","22057","Lafourche","2008","2017","0.5","< 10 Tests",
"22","Louisiana","22061","Lincoln","2005","2014","1.3","",
"22","Louisiana","22061","Lincoln","2006","2015","1.3","",
"22","Louisiana","22061","Lincoln","2007","2016","1.3","",
"22","Louisiana","22061","Lincoln","2008","2017","1.3","",
"22","Louisiana","22063","Livingston","2005","2014","3.5","< 10 Tests",
"22","Louisiana","22063","Livingston","2006","2015","3.5","< 10 Tests",
"22","Louisiana","22063","Livingston","2007","2016","2.6","< 10 Tests",
"22","Louisiana","22063","Livingston","2008","2017","2.6","< 10 Tests",
"22","Louisiana","22065","Madison","2005","2014","No Events","",
"22","Louisiana","22065","Madison","2006","2015","No Events","",
"22","Louisiana","22065","Madison","2007","2016","No Events","",
"22","Louisiana","22065","Madison","2008","2017","No Events","",
"22","Louisiana","22067","Morehouse","2005","2014","No Events","",
"22","Louisiana","22067","Morehouse","2006","2015","No Events","",
"22","Louisiana","22067","Morehouse","2007","2016","No Events","",
"22","Louisiana","22067","Morehouse","2008","2017","No Events","",
"22","Louisiana","22069","Natchitoches","2005","2014","0.5","< 10 Tests",
"22","Louisiana","22069","Natchitoches","2006","2015","0.5","< 10 Tests",
"22","Louisiana","22069","Natchitoches","2007","2016","0.5","< 10 Tests",
"22","Louisiana","22069","Natchitoches","2008","2017","0.5","< 10 Tests",
"22","Louisiana","22071","Orleans","2005","2014","0.5","",
"22","Louisiana","22071","Orleans","2006","2015","0.6","",
"22","Louisiana","22071","Orleans","2007","2016","0.5","",
"22","Louisiana","22071","Orleans","2008","2017","0.5","",
"22","Louisiana","22073","Ouachita","2005","2014","1.7","< 10 Tests",
"22","Louisiana","22073","Ouachita","2006","2015","1.8","< 10 Tests",
"22","Louisiana","22073","Ouachita","2007","2016","1.9","< 10 Tests",
"22","Louisiana","22073","Ouachita","2008","2017","1.9","< 10 Tests",
"22","Louisiana","22075","Plaquemines","2005","2014","0.5","< 10 Tests",
"22","Louisiana","22075","Plaquemines","2006","2015","0.5","< 10 Tests",
"22","Louisiana","22075","Plaquemines","2007","2016","0.5","< 10 Tests",
"22","Louisiana","22075","Plaquemines","2008","2017","0.5","< 10 Tests",
"22","Louisiana","22077","Pointe Coupee","2005","2014","No Events","",
"22","Louisiana","22077","Pointe Coupee","2006","2015","No Events","",
"22","Louisiana","22077","Pointe Coupee","2007","2016","No Events","",
"22","Louisiana","22077","Pointe Coupee","2008","2017","No Events","",
"22","Louisiana","22079","Rapides","2005","2014","0.7","< 10 Tests",
"22","Louisiana","22079","Rapides","2006","2015","0.7","< 10 Tests",
"22","Louisiana","22079","Rapides","2007","2016","0.7","< 10 Tests",
"22","Louisiana","22079","Rapides","2008","2017","0.7","< 10 Tests",
"22","Louisiana","22081","Red River","2005","2014","0.2","< 10 Tests",
"22","Louisiana","22081","Red River","2006","2015","0.2","< 10 Tests",
"22","Louisiana","22081","Red River","2007","2016","0.2","< 10 Tests",
"22","Louisiana","22081","Red River","2008","2017","0.2","< 10 Tests",
"22","Louisiana","22083","Richland","2005","2014","0.9","< 10 Tests",
"22","Louisiana","22083","Richland","2006","2015","0.9","< 10 Tests",
"22","Louisiana","22083","Richland","2007","2016","0.9","< 10 Tests",
"22","Louisiana","22083","Richland","2008","2017","0.9","< 10 Tests",
"22","Louisiana","22085","Sabine","2005","2014","0.1","< 10 Tests",
"22","Louisiana","22085","Sabine","2006","2015","0.1","< 10 Tests",
"22","Louisiana","22085","Sabine","2007","2016","0.1","< 10 Tests",
"22","Louisiana","22085","Sabine","2008","2017","0.1","< 10 Tests",
"22","Louisiana","22087","St. Bernard","2005","2014","No Events","",
"22","Louisiana","22087","St. Bernard","2006","2015","No Events","",
"22","Louisiana","22087","St. Bernard","2007","2016","No Events","",
"22","Louisiana","22087","St. Bernard","2008","2017","No Events","",
"22","Louisiana","22089","St. Charles","2005","2014","0.5","< 10 Tests",
"22","Louisiana","22089","St. Charles","2006","2015","0.5","< 10 Tests",
"22","Louisiana","22089","St. Charles","2007","2016","0.9","< 10 Tests",
"22","Louisiana","22089","St. Charles","2008","2017","0.9","< 10 Tests",
"22","Louisiana","22091","St. Helena","2005","2014","No Events","",
"22","Louisiana","22091","St. Helena","2006","2015","No Events","",
"22","Louisiana","22091","St. Helena","2007","2016","No Events","",
"22","Louisiana","22091","St. Helena","2008","2017","No Events","",
"22","Louisiana","22093","St. James","2005","2014","No Events","",
"22","Louisiana","22093","St. James","2006","2015","No Events","",
"22","Louisiana","22093","St. James","2007","2016","No Events","",
"22","Louisiana","22093","St. James","2008","2017","No Events","",
"22","Louisiana","22095","St. John the Baptist","2005","2014","No Events","",
"22","Louisiana","22095","St. John the Baptist","2006","2015","No Events","",
"22","Louisiana","22095","St. John the Baptist","2007","2016","0.2","< 10 Tests",
"22","Louisiana","22095","St. John the Baptist","2008","2017","0.2","< 10 Tests",
"22","Louisiana","22097","St. Landry","2005","2014","4.3","< 10 Tests",
"22","Louisiana","22097","St. Landry","2006","2015","4.3","< 10 Tests",
"22","Louisiana","22097","St. Landry","2007","2016","4.3","< 10 Tests",
"22","Louisiana","22097","St. Landry","2008","2017","5.4","< 10 Tests",
"22","Louisiana","22099","St. Martin","2005","2014","No Events","",
"22","Louisiana","22099","St. Martin","2006","2015","3.8","< 10 Tests",
"22","Louisiana","22099","St. Martin","2007","2016","3.8","< 10 Tests",
"22","Louisiana","22099","St. Martin","2008","2017","3.8","< 10 Tests",
"22","Louisiana","22101","St. Mary","2005","2014","No Events","",
"22","Louisiana","22101","St. Mary","2006","2015","No Events","",
"22","Louisiana","22101","St. Mary","2007","2016","No Events","",
"22","Louisiana","22101","St. Mary","2008","2017","No Events","",
"22","Louisiana","22103","St. Tammany","2005","2014","1.2","",
"22","Louisiana","22103","St. Tammany","2006","2015","1.2","",
"22","Louisiana","22103","St. Tammany","2007","2016","0.8","",
"22","Louisiana","22103","St. Tammany","2008","2017","0.6","",
"22","Louisiana","22105","Tangipahoa","2005","2014","0.3","",
"22","Louisiana","22105","Tangipahoa","2006","2015","0.3","",
"22","Louisiana","22105","Tangipahoa","2007","2016","0.3","",
"22","Louisiana","22105","Tangipahoa","2008","2017","0.3","< 10 Tests",
"22","Louisiana","22107","Tensas","2005","2014","No Events","",
"22","Louisiana","22107","Tensas","2006","2015","No Events","",
"22","Louisiana","22107","Tensas","2007","2016","No Events","",
"22","Louisiana","22107","Tensas","2008","2017","No Events","",
"22","Louisiana","22109","Terrebonne","2005","2014","0.8","",
"22","Louisiana","22109","Terrebonne","2006","2015","0.8","",
"22","Louisiana","22109","Terrebonne","2007","2016","0.8","",
"22","Louisiana","22109","Terrebonne","2008","2017","0.8","< 10 Tests",
"22","Louisiana","22111","Union","2005","2014","2.8","< 10 Tests",
"22","Louisiana","22111","Union","2006","2015","2.8","< 10 Tests",
"22","Louisiana","22111","Union","2007","2016","2.8","< 10 Tests",
"22","Louisiana","22111","Union","2008","2017","2.8","< 10 Tests",
"22","Louisiana","22113","Vermilion","2005","2014","No Events","",
"22","Louisiana","22113","Vermilion","2006","2015","No Events","",
"22","Louisiana","22113","Vermilion","2007","2016","No Events","",
"22","Louisiana","22113","Vermilion","2008","2017","No Events","",
"22","Louisiana","22115","Vernon","2005","2014","No Events","",
"22","Louisiana","22115","Vernon","2006","2015","No Events","",
"22","Louisiana","22115","Vernon","2007","2016","No Events","",
"22","Louisiana","22115","Vernon","2008","2017","No Events","",
"22","Louisiana","22117","Washington","2005","2014","0.1","< 10 Tests",
"22","Louisiana","22117","Washington","2006","2015","0.1","< 10 Tests",
"22","Louisiana","22117","Washington","2007","2016","0.1","< 10 Tests",
"22","Louisiana","22117","Washington","2008","2017","0.1","< 10 Tests",
"22","Louisiana","22119","Webster","2005","2014","0.5","< 10 Tests",
"22","Louisiana","22119","Webster","2006","2015","0.5","< 10 Tests",
"22","Louisiana","22119","Webster","2007","2016","0.5","< 10 Tests",
"22","Louisiana","22119","Webster","2008","2017","0.5","< 10 Tests",
"22","Louisiana","22121","West Baton Rouge","2005","2014","No Events","",
"22","Louisiana","22121","West Baton Rouge","2006","2015","No Events","",
"22","Louisiana","22121","West Baton Rouge","2007","2016","No Events","",
"22","Louisiana","22121","West Baton Rouge","2008","2017","No Events","",
"22","Louisiana","22123","West Carroll","2005","2014","No Events","",
"22","Louisiana","22123","West Carroll","2006","2015","No Events","",
"22","Louisiana","22123","West Carroll","2007","2016","No Events","",
"22","Louisiana","22123","West Carroll","2008","2017","No Events","",
"22","Louisiana","22125","West Feliciana","2005","2014","No Events","",
"22","Louisiana","22125","West Feliciana","2006","2015","No Events","",
"22","Louisiana","22125","West Feliciana","2007","2016","No Events","",
"22","Louisiana","22125","West Feliciana","2008","2017","No Events","",
"22","Louisiana","22127","Winn","2005","2014","1.1","< 10 Tests",
"22","Louisiana","22127","Winn","2006","2015","1.1","< 10 Tests",
"22","Louisiana","22127","Winn","2007","2016","1.1","< 10 Tests",
"22","Louisiana","22127","Winn","2008","2017","1.1","< 10 Tests",
"23","Maine","23001","Androscoggin","2005","2014","4.9","",
"23","Maine","23001","Androscoggin","2006","2015","5.0","",
"23","Maine","23001","Androscoggin","2007","2016","4.8","",
"23","Maine","23001","Androscoggin","2008","2017","4.8","",
"23","Maine","23003","Aroostook","2005","2014","5.9","",
"23","Maine","23003","Aroostook","2006","2015","6.0","",
"23","Maine","23003","Aroostook","2007","2016","6.2","",
"23","Maine","23003","Aroostook","2008","2017","6.4","",
"23","Maine","23005","Cumberland","2005","2014","8.0","",
"23","Maine","23005","Cumberland","2006","2015","8.1","",
"23","Maine","23005","Cumberland","2007","2016","7.9","",
"23","Maine","23005","Cumberland","2008","2017","7.8","",
"23","Maine","23007","Franklin","2005","2014","3.7","",
"23","Maine","23007","Franklin","2006","2015","3.9","",
"23","Maine","23007","Franklin","2007","2016","3.7","",
"23","Maine","23007","Franklin","2008","2017","3.7","",
"23","Maine","23009","Hancock","2005","2014","6.3","",
"23","Maine","23009","Hancock","2006","2015","6.2","",
"23","Maine","23009","Hancock","2007","2016","5.5","",
"23","Maine","23009","Hancock","2008","2017","5.8","",
"23","Maine","23011","Kennebec","2005","2014","4.6","",
"23","Maine","23011","Kennebec","2006","2015","4.4","",
"23","Maine","23011","Kennebec","2007","2016","4.4","",
"23","Maine","23011","Kennebec","2008","2017","4.6","",
"23","Maine","23013","Knox","2005","2014","3.5","",
"23","Maine","23013","Knox","2006","2015","3.5","",
"23","Maine","23013","Knox","2007","2016","3.6","",
"23","Maine","23013","Knox","2008","2017","3.5","",
"23","Maine","23015","Lincoln","2005","2014","4.7","",
"23","Maine","23015","Lincoln","2006","2015","4.6","",
"23","Maine","23015","Lincoln","2007","2016","4.6","",
"23","Maine","23015","Lincoln","2008","2017","5.0","",
"23","Maine","23017","Oxford","2005","2014","7.2","",
"23","Maine","23017","Oxford","2006","2015","7.2","",
"23","Maine","23017","Oxford","2007","2016","7.3","",
"23","Maine","23017","Oxford","2008","2017","7.1","",
"23","Maine","23019","Penobscot","2005","2014","2.1","",
"23","Maine","23019","Penobscot","2006","2015","2.3","",
"23","Maine","23019","Penobscot","2007","2016","2.3","",
"23","Maine","23019","Penobscot","2008","2017","2.2","",
"23","Maine","23021","Piscataquis","2005","2014","5.7","",
"23","Maine","23021","Piscataquis","2006","2015","5.7","",
"23","Maine","23021","Piscataquis","2007","2016","5.7","",
"23","Maine","23021","Piscataquis","2008","2017","5.8","",
"23","Maine","23023","Sagadahoc","2005","2014","3.4","",
"23","Maine","23023","Sagadahoc","2006","2015","3.5","",
"23","Maine","23023","Sagadahoc","2007","2016","3.4","",
"23","Maine","23023","Sagadahoc","2008","2017","3.6","",
"23","Maine","23025","Somerset","2005","2014","2.3","",
"23","Maine","23025","Somerset","2006","2015","2.4","",
"23","Maine","23025","Somerset","2007","2016","2.5","",
"23","Maine","23025","Somerset","2008","2017","2.7","",
"23","Maine","23027","Waldo","2005","2014","3.4","",
"23","Maine","23027","Waldo","2006","2015","3.7","",
"23","Maine","23027","Waldo","2007","2016","3.6","",
"23","Maine","23027","Waldo","2008","2017","3.7","",
"23","Maine","23029","Washington","2005","2014","9.2","",
"23","Maine","23029","Washington","2006","2015","8.8","",
"23","Maine","23029","Washington","2007","2016","8.7","",
"23","Maine","23029","Washington","2008","2017","6.2","",
"23","Maine","23031","York","2005","2014","7.4","",
"23","Maine","23031","York","2006","2015","7.4","",
"23","Maine","23031","York","2007","2016","7.5","",
"23","Maine","23031","York","2008","2017","7.4","",
"24","Maryland","24001","Allegany","2005","2014","4.5","",
"24","Maryland","24001","Allegany","2006","2015","4.9","",
"24","Maryland","24001","Allegany","2007","2016","4.7","",
"24","Maryland","24001","Allegany","2008","2017","4.7","",
"24","Maryland","24003","Anne Arundel","2005","2014","3.2","",
"24","Maryland","24003","Anne Arundel","2006","2015","3.1","",
"24","Maryland","24003","Anne Arundel","2007","2016","3.0","",
"24","Maryland","24003","Anne Arundel","2008","2017","2.9","",
"24","Maryland","24005","Baltimore","2005","2014","3.2","",
"24","Maryland","24005","Baltimore","2006","2015","3.3","",
"24","Maryland","24005","Baltimore","2007","2016","3.1","",
"24","Maryland","24005","Baltimore","2008","2017","2.9","",
"24","Maryland","24510","Baltimore City","2005","2014","1.7","",
"24","Maryland","24510","Baltimore City","2006","2015","1.6","",
"24","Maryland","24510","Baltimore City","2007","2016","1.6","",
"24","Maryland","24510","Baltimore City","2008","2017","1.6","",
"24","Maryland","24009","Calvert","2005","2014","3.8","",
"24","Maryland","24009","Calvert","2006","2015","3.9","",
"24","Maryland","24009","Calvert","2007","2016","4.2","",
"24","Maryland","24009","Calvert","2008","2017","4.1","",
"24","Maryland","24011","Caroline","2005","2014","1.3","",
"24","Maryland","24011","Caroline","2006","2015","1.2","",
"24","Maryland","24011","Caroline","2007","2016","1.2","",
"24","Maryland","24011","Caroline","2008","2017","1.1","< 10 Tests",
"24","Maryland","24013","Carroll","2005","2014","9.9","",
"24","Maryland","24013","Carroll","2006","2015","9.5","",
"24","Maryland","24013","Carroll","2007","2016","8.7","",
"24","Maryland","24013","Carroll","2008","2017","8.2","",
"24","Maryland","24015","Cecil","2005","2014","3.0","",
"24","Maryland","24015","Cecil","2006","2015","3.2","",
"24","Maryland","24015","Cecil","2007","2016","3.3","",
"24","Maryland","24015","Cecil","2008","2017","3.4","",
"24","Maryland","24017","Charles","2005","2014","4.0","",
"24","Maryland","24017","Charles","2006","2015","3.7","",
"24","Maryland","24017","Charles","2007","2016","3.4","",
"24","Maryland","24017","Charles","2008","2017","3.4","",
"24","Maryland","24019","Dorchester","2005","2014","2.0","< 10 Tests",
"24","Maryland","24019","Dorchester","2006","2015","2.0","< 10 Tests",
"24","Maryland","24019","Dorchester","2007","2016","1.9","< 10 Tests",
"24","Maryland","24019","Dorchester","2008","2017","1.9","< 10 Tests",
"24","Maryland","24021","Frederick","2005","2014","5.0","",
"24","Maryland","24021","Frederick","2006","2015","5.0","",
"24","Maryland","24021","Frederick","2007","2016","5.0","",
"24","Maryland","24021","Frederick","2008","2017","5.2","",
"24","Maryland","24023","Garrett","2005","2014","6.6","",
"24","Maryland","24023","Garrett","2006","2015","6.5","",
"24","Maryland","24023","Garrett","2007","2016","6.6","",
"24","Maryland","24023","Garrett","2008","2017","6.5","",
"24","Maryland","24025","Harford","2005","2014","3.2","",
"24","Maryland","24025","Harford","2006","2015","3.4","",
"24","Maryland","24025","Harford","2007","2016","3.4","",
"24","Maryland","24025","Harford","2008","2017","3.4","",
"24","Maryland","24027","Howard","2005","2014","4.7","",
"24","Maryland","24027","Howard","2006","2015","4.6","",
"24","Maryland","24027","Howard","2007","2016","4.5","",
"24","Maryland","24027","Howard","2008","2017","4.3","",
"24","Maryland","24029","Kent","2005","2014","8.1","",
"24","Maryland","24029","Kent","2006","2015","7.9","",
"24","Maryland","24029","Kent","2007","2016","7.3","",
"24","Maryland","24029","Kent","2008","2017","7.1","",
"24","Maryland","24031","Montgomery","2005","2014","2.6","",
"24","Maryland","24031","Montgomery","2006","2015","2.7","",
"24","Maryland","24031","Montgomery","2007","2016","2.7","",
"24","Maryland","24031","Montgomery","2008","2017","2.7","",
"24","Maryland","24033","Prince George's","2005","2014","3.1","",
"24","Maryland","24033","Prince George's","2006","2015","3.2","",
"24","Maryland","24033","Prince George's","2007","2016","3.1","",
"24","Maryland","24033","Prince George's","2008","2017","2.9","",
"24","Maryland","24035","Queen Anne's","2005","2014","2.1","",
"24","Maryland","24035","Queen Anne's","2006","2015","3.1","",
"24","Maryland","24035","Queen Anne's","2007","2016","3.0","",
"24","Maryland","24035","Queen Anne's","2008","2017","2.7","",
"24","Maryland","24039","Somerset","2005","2014","0.1","< 10 Tests",
"24","Maryland","24039","Somerset","2006","2015","0.1","< 10 Tests",
"24","Maryland","24039","Somerset","2007","2016","0.1","< 10 Tests",
"24","Maryland","24039","Somerset","2008","2017","0.3","< 10 Tests",
"24","Maryland","24037","St. Mary's","2005","2014","2.9","",
"24","Maryland","24037","St. Mary's","2006","2015","2.9","",
"24","Maryland","24037","St. Mary's","2007","2016","2.7","",
"24","Maryland","24037","St. Mary's","2008","2017","2.7","",
"24","Maryland","24041","Talbot","2005","2014","1.3","",
"24","Maryland","24041","Talbot","2006","2015","1.7","",
"24","Maryland","24041","Talbot","2007","2016","1.7","",
"24","Maryland","24041","Talbot","2008","2017","2.9","",
"24","Maryland","24043","Washington","2005","2014","10.5","",
"24","Maryland","24043","Washington","2006","2015","10.6","",
"24","Maryland","24043","Washington","2007","2016","10.5","",
"24","Maryland","24043","Washington","2008","2017","10.1","",
"24","Maryland","24045","Wicomico","2005","2014","1.0","",
"24","Maryland","24045","Wicomico","2006","2015","1.2","",
"24","Maryland","24045","Wicomico","2007","2016","1.2","",
"24","Maryland","24045","Wicomico","2008","2017","1.1","",
"24","Maryland","24047","Worcester","2005","2014","0.5","",
"24","Maryland","24047","Worcester","2006","2015","0.5","",
"24","Maryland","24047","Worcester","2007","2016","0.6","",
"24","Maryland","24047","Worcester","2008","2017","0.6","< 10 Tests",
"25","Massachusetts","25001","Barnstable","2005","2014","2.8","",
"25","Massachusetts","25001","Barnstable","2006","2015","2.8","",
"25","Massachusetts","25001","Barnstable","2007","2016","2.7","",
"25","Massachusetts","25001","Barnstable","2008","2017","2.8","",
"25","Massachusetts","25003","Berkshire","2005","2014","3.4","",
"25","Massachusetts","25003","Berkshire","2006","2015","3.5","",
"25","Massachusetts","25003","Berkshire","2007","2016","3.5","",
"25","Massachusetts","25003","Berkshire","2008","2017","3.6","",
"25","Massachusetts","25005","Bristol","2005","2014","3.2","",
"25","Massachusetts","25005","Bristol","2006","2015","3.2","",
"25","Massachusetts","25005","Bristol","2007","2016","3.2","",
"25","Massachusetts","25005","Bristol","2008","2017","3.2","",
"25","Massachusetts","25007","Dukes","2005","2014","2.2","",
"25","Massachusetts","25007","Dukes","2006","2015","2.3","",
"25","Massachusetts","25007","Dukes","2007","2016","2.3","",
"25","Massachusetts","25007","Dukes","2008","2017","2.4","",
"25","Massachusetts","25009","Essex","2005","2014","3.7","",
"25","Massachusetts","25009","Essex","2006","2015","3.8","",
"25","Massachusetts","25009","Essex","2007","2016","3.8","",
"25","Massachusetts","25009","Essex","2008","2017","3.8","",
"25","Massachusetts","25011","Franklin","2005","2014","3.1","",
"25","Massachusetts","25011","Franklin","2006","2015","3.0","",
"25","Massachusetts","25011","Franklin","2007","2016","3.0","",
"25","Massachusetts","25011","Franklin","2008","2017","3.1","",
"25","Massachusetts","25013","Hampden","2005","2014","2.1","",
"25","Massachusetts","25013","Hampden","2006","2015","2.2","",
"25","Massachusetts","25013","Hampden","2007","2016","2.2","",
"25","Massachusetts","25013","Hampden","2008","2017","2.3","",
"25","Massachusetts","25015","Hampshire","2005","2014","2.9","",
"25","Massachusetts","25015","Hampshire","2006","2015","2.9","",
"25","Massachusetts","25015","Hampshire","2007","2016","2.8","",
"25","Massachusetts","25015","Hampshire","2008","2017","3.0","",
"25","Massachusetts","25017","Middlesex","2005","2014","3.2","",
"25","Massachusetts","25017","Middlesex","2006","2015","3.2","",
"25","Massachusetts","25017","Middlesex","2007","2016","3.2","",
"25","Massachusetts","25017","Middlesex","2008","2017","3.3","",
"25","Massachusetts","25019","Nantucket","2005","2014","2.5","",
"25","Massachusetts","25019","Nantucket","2006","2015","2.1","",
"25","Massachusetts","25019","Nantucket","2007","2016","2.1","",
"25","Massachusetts","25019","Nantucket","2008","2017","2.1","",
"25","Massachusetts","25021","Norfolk","2005","2014","3.0","",
"25","Massachusetts","25021","Norfolk","2006","2015","3.0","",
"25","Massachusetts","25021","Norfolk","2007","2016","3.0","",
"25","Massachusetts","25021","Norfolk","2008","2017","3.1","",
"25","Massachusetts","25023","Plymouth","2005","2014","2.6","",
"25","Massachusetts","25023","Plymouth","2006","2015","2.6","",
"25","Massachusetts","25023","Plymouth","2007","2016","2.6","",
"25","Massachusetts","25023","Plymouth","2008","2017","2.6","",
"25","Massachusetts","25025","Suffolk","2005","2014","1.9","",
"25","Massachusetts","25025","Suffolk","2006","2015","1.9","",
"25","Massachusetts","25025","Suffolk","2007","2016","1.9","",
"25","Massachusetts","25025","Suffolk","2008","2017","2.0","",
"25","Massachusetts","25027","Worcester","2005","2014","4.3","",
"25","Massachusetts","25027","Worcester","2006","2015","4.5","",
"25","Massachusetts","25027","Worcester","2007","2016","4.5","",
"25","Massachusetts","25027","Worcester","2008","2017","4.5","",
"26","Michigan","26001","Alcona","2005","2014","2.7","",
"26","Michigan","26001","Alcona","2006","2015","2.7","",
"26","Michigan","26001","Alcona","2007","2016","2.8","",
"26","Michigan","26001","Alcona","2008","2017","2.7","",
"26","Michigan","26003","Alger","2005","2014","1.6","",
"26","Michigan","26003","Alger","2006","2015","1.7","",
"26","Michigan","26003","Alger","2007","2016","1.8","",
"26","Michigan","26003","Alger","2008","2017","1.9","",
"26","Michigan","26005","Allegan","2005","2014","2.9","",
"26","Michigan","26005","Allegan","2006","2015","3.0","",
"26","Michigan","26005","Allegan","2007","2016","3.0","",
"26","Michigan","26005","Allegan","2008","2017","3.1","",
"26","Michigan","26007","Alpena","2005","2014","2.1","",
"26","Michigan","26007","Alpena","2006","2015","2.1","",
"26","Michigan","26007","Alpena","2007","2016","2.1","",
"26","Michigan","26007","Alpena","2008","2017","2.0","",
"26","Michigan","26009","Antrim","2005","2014","1.9","",
"26","Michigan","26009","Antrim","2006","2015","2.0","",
"26","Michigan","26009","Antrim","2007","2016","2.1","",
"26","Michigan","26009","Antrim","2008","2017","2.2","",
"26","Michigan","26011","Arenac","2005","2014","1.3","",
"26","Michigan","26011","Arenac","2006","2015","1.4","",
"26","Michigan","26011","Arenac","2007","2016","1.4","",
"26","Michigan","26011","Arenac","2008","2017","1.5","",
"26","Michigan","26013","Baraga","2005","2014","1.7","",
"26","Michigan","26013","Baraga","2006","2015","1.9","",
"26","Michigan","26013","Baraga","2007","2016","2.0","",
"26","Michigan","26013","Baraga","2008","2017","2.3","",
"26","Michigan","26015","Barry","2005","2014","3.3","",
"26","Michigan","26015","Barry","2006","2015","3.4","",
"26","Michigan","26015","Barry","2007","2016","3.4","",
"26","Michigan","26015","Barry","2008","2017","3.5","",
"26","Michigan","26017","Bay","2005","2014","1.8","",
"26","Michigan","26017","Bay","2006","2015","1.8","",
"26","Michigan","26017","Bay","2007","2016","1.8","",
"26","Michigan","26017","Bay","2008","2017","1.8","",
"26","Michigan","26019","Benzie","2005","2014","1.7","",
"26","Michigan","26019","Benzie","2006","2015","1.7","",
"26","Michigan","26019","Benzie","2007","2016","1.8","",
"26","Michigan","26019","Benzie","2008","2017","1.8","",
"26","Michigan","26021","Berrien","2005","2014","4.3","",
"26","Michigan","26021","Berrien","2006","2015","4.4","",
"26","Michigan","26021","Berrien","2007","2016","3.9","",
"26","Michigan","26021","Berrien","2008","2017","3.9","",
"26","Michigan","26023","Branch","2005","2014","6.1","",
"26","Michigan","26023","Branch","2006","2015","6.1","",
"26","Michigan","26023","Branch","2007","2016","6.0","",
"26","Michigan","26023","Branch","2008","2017","6.0","",
"26","Michigan","26025","Calhoun","2005","2014","4.0","",
"26","Michigan","26025","Calhoun","2006","2015","4.1","",
"26","Michigan","26025","Calhoun","2007","2016","4.2","",
"26","Michigan","26025","Calhoun","2008","2017","4.0","",
"26","Michigan","26027","Cass","2005","2014","3.3","",
"26","Michigan","26027","Cass","2006","2015","3.8","",
"26","Michigan","26027","Cass","2007","2016","3.7","",
"26","Michigan","26027","Cass","2008","2017","3.7","",
"26","Michigan","26029","Charlevoix","2005","2014","2.0","",
"26","Michigan","26029","Charlevoix","2006","2015","2.0","",
"26","Michigan","26029","Charlevoix","2007","2016","1.9","",
"26","Michigan","26029","Charlevoix","2008","2017","1.9","",
"26","Michigan","26031","Cheboygan","2005","2014","1.4","",
"26","Michigan","26031","Cheboygan","2006","2015","1.4","",
"26","Michigan","26031","Cheboygan","2007","2016","1.4","",
"26","Michigan","26031","Cheboygan","2008","2017","1.4","",
"26","Michigan","26033","Chippewa","2005","2014","1.7","",
"26","Michigan","26033","Chippewa","2006","2015","1.7","",
"26","Michigan","26033","Chippewa","2007","2016","1.8","",
"26","Michigan","26033","Chippewa","2008","2017","1.8","",
"26","Michigan","26035","Clare","2005","2014","2.1","",
"26","Michigan","26035","Clare","2006","2015","2.3","",
"26","Michigan","26035","Clare","2007","2016","2.3","",
"26","Michigan","26035","Clare","2008","2017","2.2","",
"26","Michigan","26037","Clinton","2005","2014","4.5","",
"26","Michigan","26037","Clinton","2006","2015","4.5","",
"26","Michigan","26037","Clinton","2007","2016","4.4","",
"26","Michigan","26037","Clinton","2008","2017","4.4","",
"26","Michigan","26039","Crawford","2005","2014","2.1","",
"26","Michigan","26039","Crawford","2006","2015","1.8","",
"26","Michigan","26039","Crawford","2007","2016","1.8","",
"26","Michigan","26039","Crawford","2008","2017","1.7","",
"26","Michigan","26041","Delta","2005","2014","2.2","",
"26","Michigan","26041","Delta","2006","2015","2.5","",
"26","Michigan","26041","Delta","2007","2016","2.6","",
"26","Michigan","26041","Delta","2008","2017","2.8","",
"26","Michigan","26043","Dickinson","2005","2014","4.6","",
"26","Michigan","26043","Dickinson","2006","2015","4.5","",
"26","Michigan","26043","Dickinson","2007","2016","4.5","",
"26","Michigan","26043","Dickinson","2008","2017","4.5","",
"26","Michigan","26045","Eaton","2005","2014","4.5","",
"26","Michigan","26045","Eaton","2006","2015","4.3","",
"26","Michigan","26045","Eaton","2007","2016","4.3","",
"26","Michigan","26045","Eaton","2008","2017","4.2","",
"26","Michigan","26047","Emmet","2005","2014","2.1","",
"26","Michigan","26047","Emmet","2006","2015","2.2","",
"26","Michigan","26047","Emmet","2007","2016","2.2","",
"26","Michigan","26047","Emmet","2008","2017","2.3","",
"26","Michigan","26049","Genesee","2005","2014","2.7","",
"26","Michigan","26049","Genesee","2006","2015","2.7","",
"26","Michigan","26049","Genesee","2007","2016","2.8","",
"26","Michigan","26049","Genesee","2008","2017","2.9","",
"26","Michigan","26051","Gladwin","2005","2014","1.9","",
"26","Michigan","26051","Gladwin","2006","2015","2.0","",
"26","Michigan","26051","Gladwin","2007","2016","2.0","",
"26","Michigan","26051","Gladwin","2008","2017","2.1","",
"26","Michigan","26053","Gogebic","2005","2014","1.8","",
"26","Michigan","26053","Gogebic","2006","2015","2.0","",
"26","Michigan","26053","Gogebic","2007","2016","2.0","",
"26","Michigan","26053","Gogebic","2008","2017","1.9","",
"26","Michigan","26055","Grand Traverse","2005","2014","2.0","",
"26","Michigan","26055","Grand Traverse","2006","2015","1.9","",
"26","Michigan","26055","Grand Traverse","2007","2016","1.9","",
"26","Michigan","26055","Grand Traverse","2008","2017","2.0","",
"26","Michigan","26057","Gratiot","2005","2014","2.5","",
"26","Michigan","26057","Gratiot","2006","2015","2.5","",
"26","Michigan","26057","Gratiot","2007","2016","2.5","",
"26","Michigan","26057","Gratiot","2008","2017","2.5","",
"26","Michigan","26059","Hillsdale","2005","2014","7.0","",
"26","Michigan","26059","Hillsdale","2006","2015","7.1","",
"26","Michigan","26059","Hillsdale","2007","2016","6.8","",
"26","Michigan","26059","Hillsdale","2008","2017","6.8","",
"26","Michigan","26061","Houghton","2005","2014","1.7","",
"26","Michigan","26061","Houghton","2006","2015","1.7","",
"26","Michigan","26061","Houghton","2007","2016","1.8","",
"26","Michigan","26061","Houghton","2008","2017","1.8","",
"26","Michigan","26063","Huron","2005","2014","3.7","",
"26","Michigan","26063","Huron","2006","2015","3.7","",
"26","Michigan","26063","Huron","2007","2016","3.7","",
"26","Michigan","26063","Huron","2008","2017","3.5","",
"26","Michigan","26065","Ingham","2005","2014","3.0","",
"26","Michigan","26065","Ingham","2006","2015","3.0","",
"26","Michigan","26065","Ingham","2007","2016","3.1","",
"26","Michigan","26065","Ingham","2008","2017","3.0","",
"26","Michigan","26067","Ionia","2005","2014","4.3","",
"26","Michigan","26067","Ionia","2006","2015","4.3","",
"26","Michigan","26067","Ionia","2007","2016","4.4","",
"26","Michigan","26067","Ionia","2008","2017","4.3","",
"26","Michigan","26069","Iosco","2005","2014","1.0","",
"26","Michigan","26069","Iosco","2006","2015","1.0","",
"26","Michigan","26069","Iosco","2007","2016","1.0","",
"26","Michigan","26069","Iosco","2008","2017","1.3","",
"26","Michigan","26071","Iron","2005","2014","4.9","",
"26","Michigan","26071","Iron","2006","2015","5.0","",
"26","Michigan","26071","Iron","2007","2016","5.4","",
"26","Michigan","26071","Iron","2008","2017","5.2","",
"26","Michigan","26073","Isabella","2005","2014","2.1","",
"26","Michigan","26073","Isabella","2006","2015","2.1","",
"26","Michigan","26073","Isabella","2007","2016","2.2","",
"26","Michigan","26073","Isabella","2008","2017","2.3","",
"26","Michigan","26075","Jackson","2005","2014","5.8","",
"26","Michigan","26075","Jackson","2006","2015","5.7","",
"26","Michigan","26075","Jackson","2007","2016","5.8","",
"26","Michigan","26075","Jackson","2008","2017","5.7","",
"26","Michigan","26077","Kalamazoo","2005","2014","3.6","",
"26","Michigan","26077","Kalamazoo","2006","2015","3.6","",
"26","Michigan","26077","Kalamazoo","2007","2016","3.6","",
"26","Michigan","26077","Kalamazoo","2008","2017","3.7","",
"26","Michigan","26079","Kalkaska","2005","2014","2.0","",
"26","Michigan","26079","Kalkaska","2006","2015","2.1","",
"26","Michigan","26079","Kalkaska","2007","2016","2.1","",
"26","Michigan","26079","Kalkaska","2008","2017","1.9","",
"26","Michigan","26081","Kent","2005","2014","2.5","",
"26","Michigan","26081","Kent","2006","2015","2.4","",
"26","Michigan","26081","Kent","2007","2016","2.5","",
"26","Michigan","26081","Kent","2008","2017","2.5","",
"26","Michigan","26083","Keweenaw","2005","2014","1.5","",
"26","Michigan","26083","Keweenaw","2006","2015","1.6","",
"26","Michigan","26083","Keweenaw","2007","2016","2.3","",
"26","Michigan","26083","Keweenaw","2008","2017","3.2","",
"26","Michigan","26085","Lake","2005","2014","1.9","",
"26","Michigan","26085","Lake","2006","2015","2.0","",
"26","Michigan","26085","Lake","2007","2016","2.0","",
"26","Michigan","26085","Lake","2008","2017","2.0","",
"26","Michigan","26087","Lapeer","2005","2014","3.3","",
"26","Michigan","26087","Lapeer","2006","2015","3.4","",
"26","Michigan","26087","Lapeer","2007","2016","3.5","",
"26","Michigan","26087","Lapeer","2008","2017","3.9","",
"26","Michigan","26089","Leelanau","2005","2014","1.7","",
"26","Michigan","26089","Leelanau","2006","2015","1.7","",
"26","Michigan","26089","Leelanau","2007","2016","1.6","",
"26","Michigan","26089","Leelanau","2008","2017","1.7","",
"26","Michigan","26091","Lenawee","2005","2014","7.3","",
"26","Michigan","26091","Lenawee","2006","2015","7.5","",
"26","Michigan","26091","Lenawee","2007","2016","7.5","",
"26","Michigan","26091","Lenawee","2008","2017","7.3","",
"26","Michigan","26093","Livingston","2005","2014","5.0","",
"26","Michigan","26093","Livingston","2006","2015","5.0","",
"26","Michigan","26093","Livingston","2007","2016","4.9","",
"26","Michigan","26093","Livingston","2008","2017","4.8","",
"26","Michigan","26095","Luce","2005","2014","1.3","",
"26","Michigan","26095","Luce","2006","2015","1.4","",
"26","Michigan","26095","Luce","2007","2016","1.1","",
"26","Michigan","26095","Luce","2008","2017","1.2","",
"26","Michigan","26097","Mackinac","2005","2014","2.4","",
"26","Michigan","26097","Mackinac","2006","2015","2.6","",
"26","Michigan","26097","Mackinac","2007","2016","2.4","",
"26","Michigan","26097","Mackinac","2008","2017","2.6","",
"26","Michigan","26099","Macomb","2005","2014","2.1","",
"26","Michigan","26099","Macomb","2006","2015","2.3","",
"26","Michigan","26099","Macomb","2007","2016","2.3","",
"26","Michigan","26099","Macomb","2008","2017","2.3","",
"26","Michigan","26101","Manistee","2005","2014","1.9","",
"26","Michigan","26101","Manistee","2006","2015","1.9","",
"26","Michigan","26101","Manistee","2007","2016","2.0","",
"26","Michigan","26101","Manistee","2008","2017","2.2","",
"26","Michigan","26103","Marquette","2005","2014","4.1","",
"26","Michigan","26103","Marquette","2006","2015","4.2","",
"26","Michigan","26103","Marquette","2007","2016","4.2","",
"26","Michigan","26103","Marquette","2008","2017","4.2","",
"26","Michigan","26105","Mason","2005","2014","1.4","",
"26","Michigan","26105","Mason","2006","2015","1.5","",
"26","Michigan","26105","Mason","2007","2016","1.5","",
"26","Michigan","26105","Mason","2008","2017","1.6","",
"26","Michigan","26107","Mecosta","2005","2014","2.8","",
"26","Michigan","26107","Mecosta","2006","2015","2.8","",
"26","Michigan","26107","Mecosta","2007","2016","2.8","",
"26","Michigan","26107","Mecosta","2008","2017","2.9","",
"26","Michigan","26109","Menominee","2005","2014","1.5","",
"26","Michigan","26109","Menominee","2006","2015","1.6","",
"26","Michigan","26109","Menominee","2007","2016","1.7","",
"26","Michigan","26109","Menominee","2008","2017","1.7","",
"26","Michigan","26111","Midland","2005","2014","1.3","",
"26","Michigan","26111","Midland","2006","2015","1.3","",
"26","Michigan","26111","Midland","2007","2016","1.4","",
"26","Michigan","26111","Midland","2008","2017","1.4","",
"26","Michigan","26113","Missaukee","2005","2014","1.8","",
"26","Michigan","26113","Missaukee","2006","2015","1.9","",
"26","Michigan","26113","Missaukee","2007","2016","2.0","",
"26","Michigan","26113","Missaukee","2008","2017","2.1","",
"26","Michigan","26115","Monroe","2005","2014","3.8","",
"26","Michigan","26115","Monroe","2006","2015","3.9","",
"26","Michigan","26115","Monroe","2007","2016","3.9","",
"26","Michigan","26115","Monroe","2008","2017","3.9","",
"26","Michigan","26117","Montcalm","2005","2014","2.7","",
"26","Michigan","26117","Montcalm","2006","2015","2.7","",
"26","Michigan","26117","Montcalm","2007","2016","2.7","",
"26","Michigan","26117","Montcalm","2008","2017","2.8","",
"26","Michigan","26119","Montmorency","2005","2014","2.5","",
"26","Michigan","26119","Montmorency","2006","2015","2.5","",
"26","Michigan","26119","Montmorency","2007","2016","2.4","",
"26","Michigan","26119","Montmorency","2008","2017","2.4","",
"26","Michigan","26121","Muskegon","2005","2014","1.3","",
"26","Michigan","26121","Muskegon","2006","2015","1.3","",
"26","Michigan","26121","Muskegon","2007","2016","1.4","",
"26","Michigan","26121","Muskegon","2008","2017","1.4","",
"26","Michigan","26123","Newaygo","2005","2014","1.6","",
"26","Michigan","26123","Newaygo","2006","2015","1.6","",
"26","Michigan","26123","Newaygo","2007","2016","1.6","",
"26","Michigan","26123","Newaygo","2008","2017","1.7","",
"26","Michigan","26125","Oakland","2005","2014","3.9","",
"26","Michigan","26125","Oakland","2006","2015","3.9","",
"26","Michigan","26125","Oakland","2007","2016","3.8","",
"26","Michigan","26125","Oakland","2008","2017","3.8","",
"26","Michigan","26127","Oceana","2005","2014","1.2","",
"26","Michigan","26127","Oceana","2006","2015","1.3","",
"26","Michigan","26127","Oceana","2007","2016","1.4","",
"26","Michigan","26127","Oceana","2008","2017","1.5","",
"26","Michigan","26129","Ogemaw","2005","2014","2.3","",
"26","Michigan","26129","Ogemaw","2006","2015","2.1","",
"26","Michigan","26129","Ogemaw","2007","2016","2.3","",
"26","Michigan","26129","Ogemaw","2008","2017","2.3","",
"26","Michigan","26131","Ontonagon","2005","2014","1.7","",
"26","Michigan","26131","Ontonagon","2006","2015","1.7","",
"26","Michigan","26131","Ontonagon","2007","2016","1.7","",
"26","Michigan","26131","Ontonagon","2008","2017","1.8","",
"26","Michigan","26133","Osceola","2005","2014","1.9","",
"26","Michigan","26133","Osceola","2006","2015","1.9","",
"26","Michigan","26133","Osceola","2007","2016","2.0","",
"26","Michigan","26133","Osceola","2008","2017","2.2","",
"26","Michigan","26135","Oscoda","2005","2014","2.6","",
"26","Michigan","26135","Oscoda","2006","2015","2.4","",
"26","Michigan","26135","Oscoda","2007","2016","2.5","",
"26","Michigan","26135","Oscoda","2008","2017","2.5","",
"26","Michigan","26137","Otsego","2005","2014","4.2","",
"26","Michigan","26137","Otsego","2006","2015","4.2","",
"26","Michigan","26137","Otsego","2007","2016","4.1","",
"26","Michigan","26137","Otsego","2008","2017","4.0","",
"26","Michigan","26139","Ottawa","2005","2014","2.3","",
"26","Michigan","26139","Ottawa","2006","2015","2.3","",
"26","Michigan","26139","Ottawa","2007","2016","2.4","",
"26","Michigan","26139","Ottawa","2008","2017","2.5","",
"26","Michigan","26141","Presque Isle","2005","2014","4.9","",
"26","Michigan","26141","Presque Isle","2006","2015","4.8","",
"26","Michigan","26141","Presque Isle","2007","2016","4.7","",
"26","Michigan","26141","Presque Isle","2008","2017","4.8","",
"26","Michigan","26143","Roscommon","2005","2014","1.6","",
"26","Michigan","26143","Roscommon","2006","2015","1.8","",
"26","Michigan","26143","Roscommon","2007","2016","1.7","",
"26","Michigan","26143","Roscommon","2008","2017","1.7","",
"26","Michigan","26145","Saginaw","2005","2014","2.2","",
"26","Michigan","26145","Saginaw","2006","2015","2.2","",
"26","Michigan","26145","Saginaw","2007","2016","2.2","",
"26","Michigan","26145","Saginaw","2008","2017","2.3","",
"26","Michigan","26151","Sanilac","2005","2014","2.5","",
"26","Michigan","26151","Sanilac","2006","2015","2.5","",
"26","Michigan","26151","Sanilac","2007","2016","2.4","",
"26","Michigan","26151","Sanilac","2008","2017","2.4","",
"26","Michigan","26153","Schoolcraft","2005","2014","1.6","",
"26","Michigan","26153","Schoolcraft","2006","2015","1.6","",
"26","Michigan","26153","Schoolcraft","2007","2016","1.9","",
"26","Michigan","26153","Schoolcraft","2008","2017","2.0","",
"26","Michigan","26155","Shiawassee","2005","2014","3.9","",
"26","Michigan","26155","Shiawassee","2006","2015","3.9","",
"26","Michigan","26155","Shiawassee","2007","2016","3.9","",
"26","Michigan","26155","Shiawassee","2008","2017","3.9","",
"26","Michigan","26147","St. Clair","2005","2014","2.0","",
"26","Michigan","26147","St. Clair","2006","2015","2.1","",
"26","Michigan","26147","St. Clair","2007","2016","2.2","",
"26","Michigan","26147","St. Clair","2008","2017","2.1","",
"26","Michigan","26149","St. Joseph","2005","2014","3.6","",
"26","Michigan","26149","St. Joseph","2006","2015","3.7","",
"26","Michigan","26149","St. Joseph","2007","2016","3.9","",
"26","Michigan","26149","St. Joseph","2008","2017","3.8","",
"26","Michigan","26157","Tuscola","2005","2014","3.9","",
"26","Michigan","26157","Tuscola","2006","2015","3.9","",
"26","Michigan","26157","Tuscola","2007","2016","4.0","",
"26","Michigan","26157","Tuscola","2008","2017","4.1","",
"26","Michigan","26159","Van Buren","2005","2014","2.4","",
"26","Michigan","26159","Van Buren","2006","2015","2.5","",
"26","Michigan","26159","Van Buren","2007","2016","2.5","",
"26","Michigan","26159","Van Buren","2008","2017","2.7","",
"26","Michigan","26161","Washtenaw","2005","2014","5.2","",
"26","Michigan","26161","Washtenaw","2006","2015","5.2","",
"26","Michigan","26161","Washtenaw","2007","2016","5.1","",
"26","Michigan","26161","Washtenaw","2008","2017","5.0","",
"26","Michigan","26163","Wayne","2005","2014","2.6","",
"26","Michigan","26163","Wayne","2006","2015","2.6","",
"26","Michigan","26163","Wayne","2007","2016","2.6","",
"26","Michigan","26163","Wayne","2008","2017","2.6","",
"26","Michigan","26165","Wexford","2005","2014","1.9","",
"26","Michigan","26165","Wexford","2006","2015","1.9","",
"26","Michigan","26165","Wexford","2007","2016","1.9","",
"26","Michigan","26165","Wexford","2008","2017","1.9","",
"27","Minnesota","27001","Aitkin","2005","2014","3.1","",
"27","Minnesota","27001","Aitkin","2006","2015","3.2","",
"27","Minnesota","27001","Aitkin","2007","2016","3.4","",
"27","Minnesota","27001","Aitkin","2008","2017","3.6","",
"27","Minnesota","27003","Anoka","2005","2014","2.5","",
"27","Minnesota","27003","Anoka","2006","2015","2.5","",
"27","Minnesota","27003","Anoka","2007","2016","2.5","",
"27","Minnesota","27003","Anoka","2008","2017","2.6","",
"27","Minnesota","27005","Becker","2005","2014","5.2","",
"27","Minnesota","27005","Becker","2006","2015","5.3","",
"27","Minnesota","27005","Becker","2007","2016","5.3","",
"27","Minnesota","27005","Becker","2008","2017","5.6","",
"27","Minnesota","27007","Beltrami","2005","2014","3.9","",
"27","Minnesota","27007","Beltrami","2006","2015","4.0","",
"27","Minnesota","27007","Beltrami","2007","2016","3.8","",
"27","Minnesota","27007","Beltrami","2008","2017","4.0","",
"27","Minnesota","27009","Benton","2005","2014","3.4","",
"27","Minnesota","27009","Benton","2006","2015","3.5","",
"27","Minnesota","27009","Benton","2007","2016","3.5","",
"27","Minnesota","27009","Benton","2008","2017","3.4","",
"27","Minnesota","27011","Big Stone","2005","2014","6.3","",
"27","Minnesota","27011","Big Stone","2006","2015","6.3","",
"27","Minnesota","27011","Big Stone","2007","2016","6.5","",
"27","Minnesota","27011","Big Stone","2008","2017","6.4","",
"27","Minnesota","27013","Blue Earth","2005","2014","7.4","",
"27","Minnesota","27013","Blue Earth","2006","2015","7.5","",
"27","Minnesota","27013","Blue Earth","2007","2016","7.4","",
"27","Minnesota","27013","Blue Earth","2008","2017","7.3","",
"27","Minnesota","27015","Brown","2005","2014","8.5","",
"27","Minnesota","27015","Brown","2006","2015","8.6","",
"27","Minnesota","27015","Brown","2007","2016","8.4","",
"27","Minnesota","27015","Brown","2008","2017","8.2","",
"27","Minnesota","27017","Carlton","2005","2014","5.1","",
"27","Minnesota","27017","Carlton","2006","2015","5.2","",
"27","Minnesota","27017","Carlton","2007","2016","5.3","",
"27","Minnesota","27017","Carlton","2008","2017","5.1","",
"27","Minnesota","27019","Carver","2005","2014","4.2","",
"27","Minnesota","27019","Carver","2006","2015","4.4","",
"27","Minnesota","27019","Carver","2007","2016","4.3","",
"27","Minnesota","27019","Carver","2008","2017","4.3","",
"27","Minnesota","27021","Cass","2005","2014","4.0","",
"27","Minnesota","27021","Cass","2006","2015","4.0","",
"27","Minnesota","27021","Cass","2007","2016","3.9","",
"27","Minnesota","27021","Cass","2008","2017","3.8","",
"27","Minnesota","27023","Chippewa","2005","2014","6.7","",
"27","Minnesota","27023","Chippewa","2006","2015","6.7","",
"27","Minnesota","27023","Chippewa","2007","2016","7.0","",
"27","Minnesota","27023","Chippewa","2008","2017","7.3","",
"27","Minnesota","27025","Chisago","2005","2014","3.7","",
"27","Minnesota","27025","Chisago","2006","2015","3.7","",
"27","Minnesota","27025","Chisago","2007","2016","3.7","",
"27","Minnesota","27025","Chisago","2008","2017","3.6","",
"27","Minnesota","27027","Clay","2005","2014","6.9","",
"27","Minnesota","27027","Clay","2006","2015","7.2","",
"27","Minnesota","27027","Clay","2007","2016","7.3","",
"27","Minnesota","27027","Clay","2008","2017","7.5","",
"27","Minnesota","27029","Clearwater","2005","2014","5.0","",
"27","Minnesota","27029","Clearwater","2006","2015","5.0","",
"27","Minnesota","27029","Clearwater","2007","2016","5.0","",
"27","Minnesota","27029","Clearwater","2008","2017","5.0","",
"27","Minnesota","27031","Cook","2005","2014","8.5","",
"27","Minnesota","27031","Cook","2006","2015","9.6","",
"27","Minnesota","27031","Cook","2007","2016","8.2","",
"27","Minnesota","27031","Cook","2008","2017","7.1","",
"27","Minnesota","27033","Cottonwood","2005","2014","8.5","",
"27","Minnesota","27033","Cottonwood","2006","2015","8.4","",
"27","Minnesota","27033","Cottonwood","2007","2016","8.4","",
"27","Minnesota","27033","Cottonwood","2008","2017","8.2","",
"27","Minnesota","27035","Crow Wing","2005","2014","3.5","",
"27","Minnesota","27035","Crow Wing","2006","2015","3.4","",
"27","Minnesota","27035","Crow Wing","2007","2016","3.3","",
"27","Minnesota","27035","Crow Wing","2008","2017","3.4","",
"27","Minnesota","27037","Dakota","2005","2014","4.2","",
"27","Minnesota","27037","Dakota","2006","2015","4.2","",
"27","Minnesota","27037","Dakota","2007","2016","4.1","",
"27","Minnesota","27037","Dakota","2008","2017","4.1","",
"27","Minnesota","27039","Dodge","2005","2014","9.3","",
"27","Minnesota","27039","Dodge","2006","2015","8.5","",
"27","Minnesota","27039","Dodge","2007","2016","8.4","",
"27","Minnesota","27039","Dodge","2008","2017","8.0","",
"27","Minnesota","27041","Douglas","2005","2014","6.2","",
"27","Minnesota","27041","Douglas","2006","2015","6.2","",
"27","Minnesota","27041","Douglas","2007","2016","6.3","",
"27","Minnesota","27041","Douglas","2008","2017","6.3","",
"27","Minnesota","27043","Faribault","2005","2014","7.9","",
"27","Minnesota","27043","Faribault","2006","2015","7.3","",
"27","Minnesota","27043","Faribault","2007","2016","7.2","",
"27","Minnesota","27043","Faribault","2008","2017","7.0","",
"27","Minnesota","27045","Fillmore","2005","2014","8.9","",
"27","Minnesota","27045","Fillmore","2006","2015","8.9","",
"27","Minnesota","27045","Fillmore","2007","2016","8.6","",
"27","Minnesota","27045","Fillmore","2008","2017","8.8","",
"27","Minnesota","27047","Freeborn","2005","2014","9.1","",
"27","Minnesota","27047","Freeborn","2006","2015","8.8","",
"27","Minnesota","27047","Freeborn","2007","2016","8.6","",
"27","Minnesota","27047","Freeborn","2008","2017","8.5","",
"27","Minnesota","27049","Goodhue","2005","2014","7.3","",
"27","Minnesota","27049","Goodhue","2006","2015","7.2","",
"27","Minnesota","27049","Goodhue","2007","2016","7.1","",
"27","Minnesota","27049","Goodhue","2008","2017","7.2","",
"27","Minnesota","27051","Grant","2005","2014","6.6","",
"27","Minnesota","27051","Grant","2006","2015","6.8","",
"27","Minnesota","27051","Grant","2007","2016","7.2","",
"27","Minnesota","27051","Grant","2008","2017","7.0","",
"27","Minnesota","27053","Hennepin","2005","2014","4.1","",
"27","Minnesota","27053","Hennepin","2006","2015","4.1","",
"27","Minnesota","27053","Hennepin","2007","2016","4.1","",
"27","Minnesota","27053","Hennepin","2008","2017","4.0","",
"27","Minnesota","27055","Houston","2005","2014","7.0","",
"27","Minnesota","27055","Houston","2006","2015","6.8","",
"27","Minnesota","27055","Houston","2007","2016","6.8","",
"27","Minnesota","27055","Houston","2008","2017","7.1","",
"27","Minnesota","27057","Hubbard","2005","2014","3.8","",
"27","Minnesota","27057","Hubbard","2006","2015","4.2","",
"27","Minnesota","27057","Hubbard","2007","2016","4.1","",
"27","Minnesota","27057","Hubbard","2008","2017","4.2","",
"27","Minnesota","27059","Isanti","2005","2014","2.6","",
"27","Minnesota","27059","Isanti","2006","2015","2.8","",
"27","Minnesota","27059","Isanti","2007","2016","2.9","",
"27","Minnesota","27059","Isanti","2008","2017","2.9","",
"27","Minnesota","27061","Itasca","2005","2014","4.4","",
"27","Minnesota","27061","Itasca","2006","2015","4.2","",
"27","Minnesota","27061","Itasca","2007","2016","4.2","",
"27","Minnesota","27061","Itasca","2008","2017","4.3","",
"27","Minnesota","27063","Jackson","2005","2014","9.1","",
"27","Minnesota","27063","Jackson","2006","2015","9.6","",
"27","Minnesota","27063","Jackson","2007","2016","8.5","",
"27","Minnesota","27063","Jackson","2008","2017","8.6","",
"27","Minnesota","27065","Kanabec","2005","2014","4.6","",
"27","Minnesota","27065","Kanabec","2006","2015","4.6","",
"27","Minnesota","27065","Kanabec","2007","2016","4.6","",
"27","Minnesota","27065","Kanabec","2008","2017","4.6","",
"27","Minnesota","27067","Kandiyohi","2005","2014","6.5","",
"27","Minnesota","27067","Kandiyohi","2006","2015","6.4","",
"27","Minnesota","27067","Kandiyohi","2007","2016","6.4","",
"27","Minnesota","27067","Kandiyohi","2008","2017","6.5","",
"27","Minnesota","27069","Kittson","2005","2014","5.1","",
"27","Minnesota","27069","Kittson","2006","2015","5.9","",
"27","Minnesota","27069","Kittson","2007","2016","5.9","",
"27","Minnesota","27069","Kittson","2008","2017","6.1","",
"27","Minnesota","27071","Koochiching","2005","2014","3.0","",
"27","Minnesota","27071","Koochiching","2006","2015","2.8","",
"27","Minnesota","27071","Koochiching","2007","2016","2.8","",
"27","Minnesota","27071","Koochiching","2008","2017","2.8","",
"27","Minnesota","27073","Lac qui Parle","2005","2014","7.0","",
"27","Minnesota","27073","Lac qui Parle","2006","2015","7.1","",
"27","Minnesota","27073","Lac qui Parle","2007","2016","6.9","",
"27","Minnesota","27073","Lac qui Parle","2008","2017","7.1","",
"27","Minnesota","27075","Lake","2005","2014","2.9","",
"27","Minnesota","27075","Lake","2006","2015","3.0","",
"27","Minnesota","27075","Lake","2007","2016","2.8","",
"27","Minnesota","27075","Lake","2008","2017","2.5","",
"27","Minnesota","27077","Lake of the Woods","2005","2014","7.0","",
"27","Minnesota","27077","Lake of the Woods","2006","2015","7.2","",
"27","Minnesota","27077","Lake of the Woods","2007","2016","31.0","< 10 Tests",
"27","Minnesota","27077","Lake of the Woods","2008","2017","2.7","< 10 Tests",
"27","Minnesota","27079","Le Sueur","2005","2014","7.7","",
"27","Minnesota","27079","Le Sueur","2006","2015","7.6","",
"27","Minnesota","27079","Le Sueur","2007","2016","7.5","",
"27","Minnesota","27079","Le Sueur","2008","2017","7.5","",
"27","Minnesota","27081","Lincoln","2005","2014","10.6","",
"27","Minnesota","27081","Lincoln","2006","2015","11.6","",
"27","Minnesota","27081","Lincoln","2007","2016","11.3","",
"27","Minnesota","27081","Lincoln","2008","2017","10.3","",
"27","Minnesota","27083","Lyon","2005","2014","8.0","",
"27","Minnesota","27083","Lyon","2006","2015","7.9","",
"27","Minnesota","27083","Lyon","2007","2016","7.8","",
"27","Minnesota","27083","Lyon","2008","2017","7.5","",
"27","Minnesota","27087","Mahnomen","2005","2014","7.5","",
"27","Minnesota","27087","Mahnomen","2006","2015","7.2","",
"27","Minnesota","27087","Mahnomen","2007","2016","6.6","",
"27","Minnesota","27087","Mahnomen","2008","2017","6.5","",
"27","Minnesota","27089","Marshall","2005","2014","7.1","",
"27","Minnesota","27089","Marshall","2006","2015","7.1","",
"27","Minnesota","27089","Marshall","2007","2016","7.1","",
"27","Minnesota","27089","Marshall","2008","2017","7.1","",
"27","Minnesota","27091","Martin","2005","2014","9.5","",
"27","Minnesota","27091","Martin","2006","2015","9.9","",
"27","Minnesota","27091","Martin","2007","2016","9.8","",
"27","Minnesota","27091","Martin","2008","2017","9.2","",
"27","Minnesota","27085","McLeod","2005","2014","6.1","",
"27","Minnesota","27085","McLeod","2006","2015","6.3","",
"27","Minnesota","27085","McLeod","2007","2016","6.2","",
"27","Minnesota","27085","McLeod","2008","2017","6.1","",
"27","Minnesota","27093","Meeker","2005","2014","5.5","",
"27","Minnesota","27093","Meeker","2006","2015","5.6","",
"27","Minnesota","27093","Meeker","2007","2016","5.6","",
"27","Minnesota","27093","Meeker","2008","2017","6.0","",
"27","Minnesota","27095","Mille Lacs","2005","2014","3.2","",
"27","Minnesota","27095","Mille Lacs","2006","2015","3.3","",
"27","Minnesota","27095","Mille Lacs","2007","2016","3.1","",
"27","Minnesota","27095","Mille Lacs","2008","2017","3.4","",
"27","Minnesota","27097","Morrison","2005","2014","4.0","",
"27","Minnesota","27097","Morrison","2006","2015","4.1","",
"27","Minnesota","27097","Morrison","2007","2016","4.2","",
"27","Minnesota","27097","Morrison","2008","2017","4.1","",
"27","Minnesota","27099","Mower","2005","2014","6.4","",
"27","Minnesota","27099","Mower","2006","2015","6.4","",
"27","Minnesota","27099","Mower","2007","2016","6.4","",
"27","Minnesota","27099","Mower","2008","2017","6.4","",
"27","Minnesota","27101","Murray","2005","2014","8.7","",
"27","Minnesota","27101","Murray","2006","2015","8.8","",
"27","Minnesota","27101","Murray","2007","2016","9.2","",
"27","Minnesota","27101","Murray","2008","2017","9.3","",
"27","Minnesota","27103","Nicollet","2005","2014","7.1","",
"27","Minnesota","27103","Nicollet","2006","2015","7.2","",
"27","Minnesota","27103","Nicollet","2007","2016","7.0","",
"27","Minnesota","27103","Nicollet","2008","2017","6.9","",
"27","Minnesota","27105","Nobles","2005","2014","10.5","",
"27","Minnesota","27105","Nobles","2006","2015","10.7","",
"27","Minnesota","27105","Nobles","2007","2016","10.9","",
"27","Minnesota","27105","Nobles","2008","2017","9.5","",
"27","Minnesota","27107","Norman","2005","2014","6.5","",
"27","Minnesota","27107","Norman","2006","2015","6.2","",
"27","Minnesota","27107","Norman","2007","2016","6.0","",
"27","Minnesota","27107","Norman","2008","2017","6.0","",
"27","Minnesota","27109","Olmsted","2005","2014","6.6","",
"27","Minnesota","27109","Olmsted","2006","2015","6.5","",
"27","Minnesota","27109","Olmsted","2007","2016","6.3","",
"27","Minnesota","27109","Olmsted","2008","2017","6.3","",
"27","Minnesota","27111","Otter Tail","2005","2014","5.4","",
"27","Minnesota","27111","Otter Tail","2006","2015","5.4","",
"27","Minnesota","27111","Otter Tail","2007","2016","5.6","",
"27","Minnesota","27111","Otter Tail","2008","2017","5.7","",
"27","Minnesota","27113","Pennington","2005","2014","6.7","",
"27","Minnesota","27113","Pennington","2006","2015","6.6","",
"27","Minnesota","27113","Pennington","2007","2016","5.9","",
"27","Minnesota","27113","Pennington","2008","2017","6.0","",
"27","Minnesota","27115","Pine","2005","2014","3.4","",
"27","Minnesota","27115","Pine","2006","2015","3.7","",
"27","Minnesota","27115","Pine","2007","2016","3.6","",
"27","Minnesota","27115","Pine","2008","2017","3.5","",
"27","Minnesota","27117","Pipestone","2005","2014","8.4","",
"27","Minnesota","27117","Pipestone","2006","2015","8.3","",
"27","Minnesota","27117","Pipestone","2007","2016","8.4","",
"27","Minnesota","27117","Pipestone","2008","2017","8.2","",
"27","Minnesota","27119","Polk","2005","2014","8.4","",
"27","Minnesota","27119","Polk","2006","2015","8.5","",
"27","Minnesota","27119","Polk","2007","2016","8.5","",
"27","Minnesota","27119","Polk","2008","2017","8.6","",
"27","Minnesota","27121","Pope","2005","2014","5.3","",
"27","Minnesota","27121","Pope","2006","2015","5.2","",
"27","Minnesota","27121","Pope","2007","2016","5.3","",
"27","Minnesota","27121","Pope","2008","2017","5.3","",
"27","Minnesota","27123","Ramsey","2005","2014","3.4","",
"27","Minnesota","27123","Ramsey","2006","2015","3.4","",
"27","Minnesota","27123","Ramsey","2007","2016","3.4","",
"27","Minnesota","27123","Ramsey","2008","2017","3.4","",
"27","Minnesota","27125","Red Lake","2005","2014","5.0","",
"27","Minnesota","27125","Red Lake","2006","2015","5.1","",
"27","Minnesota","27125","Red Lake","2007","2016","5.1","",
"27","Minnesota","27125","Red Lake","2008","2017","5.0","",
"27","Minnesota","27127","Redwood","2005","2014","7.9","",
"27","Minnesota","27127","Redwood","2006","2015","8.0","",
"27","Minnesota","27127","Redwood","2007","2016","8.0","",
"27","Minnesota","27127","Redwood","2008","2017","8.0","",
"27","Minnesota","27129","Renville","2005","2014","10.2","",
"27","Minnesota","27129","Renville","2006","2015","10.5","",
"27","Minnesota","27129","Renville","2007","2016","10.4","",
"27","Minnesota","27129","Renville","2008","2017","9.9","",
"27","Minnesota","27131","Rice","2005","2014","6.1","",
"27","Minnesota","27131","Rice","2006","2015","6.3","",
"27","Minnesota","27131","Rice","2007","2016","6.3","",
"27","Minnesota","27131","Rice","2008","2017","6.2","",
"27","Minnesota","27133","Rock","2005","2014","9.7","",
"27","Minnesota","27133","Rock","2006","2015","9.9","",
"27","Minnesota","27133","Rock","2007","2016","9.5","",
"27","Minnesota","27133","Rock","2008","2017","9.3","",
"27","Minnesota","27135","Roseau","2005","2014","5.1","",
"27","Minnesota","27135","Roseau","2006","2015","4.7","",
"27","Minnesota","27135","Roseau","2007","2016","4.3","",
"27","Minnesota","27135","Roseau","2008","2017","4.6","",
"27","Minnesota","27139","Scott","2005","2014","5.6","",
"27","Minnesota","27139","Scott","2006","2015","5.9","",
"27","Minnesota","27139","Scott","2007","2016","5.7","",
"27","Minnesota","27139","Scott","2008","2017","5.5","",
"27","Minnesota","27141","Sherburne","2005","2014","4.2","",
"27","Minnesota","27141","Sherburne","2006","2015","4.3","",
"27","Minnesota","27141","Sherburne","2007","2016","4.3","",
"27","Minnesota","27141","Sherburne","2008","2017","4.1","",
"27","Minnesota","27143","Sibley","2005","2014","7.8","",
"27","Minnesota","27143","Sibley","2006","2015","7.9","",
"27","Minnesota","27143","Sibley","2007","2016","9.3","",
"27","Minnesota","27143","Sibley","2008","2017","9.2","",
"27","Minnesota","27137","St. Louis","2005","2014","3.2","",
"27","Minnesota","27137","St. Louis","2006","2015","3.3","",
"27","Minnesota","27137","St. Louis","2007","2016","3.3","",
"27","Minnesota","27137","St. Louis","2008","2017","3.4","",
"27","Minnesota","27145","Stearns","2005","2014","4.9","",
"27","Minnesota","27145","Stearns","2006","2015","4.9","",
"27","Minnesota","27145","Stearns","2007","2016","5.0","",
"27","Minnesota","27145","Stearns","2008","2017","5.0","",
"27","Minnesota","27147","Steele","2005","2014","7.3","",
"27","Minnesota","27147","Steele","2006","2015","7.3","",
"27","Minnesota","27147","Steele","2007","2016","7.0","",
"27","Minnesota","27147","Steele","2008","2017","6.9","",
"27","Minnesota","27149","Stevens","2005","2014","6.9","",
"27","Minnesota","27149","Stevens","2006","2015","6.7","",
"27","Minnesota","27149","Stevens","2007","2016","6.9","",
"27","Minnesota","27149","Stevens","2008","2017","6.6","",
"27","Minnesota","27151","Swift","2005","2014","5.8","",
"27","Minnesota","27151","Swift","2006","2015","6.1","",
"27","Minnesota","27151","Swift","2007","2016","6.0","",
"27","Minnesota","27151","Swift","2008","2017","6.2","",
"27","Minnesota","27153","Todd","2005","2014","4.3","",
"27","Minnesota","27153","Todd","2006","2015","4.6","",
"27","Minnesota","27153","Todd","2007","2016","4.9","",
"27","Minnesota","27153","Todd","2008","2017","5.0","",
"27","Minnesota","27155","Traverse","2005","2014","6.8","",
"27","Minnesota","27155","Traverse","2006","2015","6.7","",
"27","Minnesota","27155","Traverse","2007","2016","6.7","",
"27","Minnesota","27155","Traverse","2008","2017","6.7","",
"27","Minnesota","27157","Wabasha","2005","2014","7.3","",
"27","Minnesota","27157","Wabasha","2006","2015","7.4","",
"27","Minnesota","27157","Wabasha","2007","2016","7.2","",
"27","Minnesota","27157","Wabasha","2008","2017","7.2","",
"27","Minnesota","27159","Wadena","2005","2014","2.8","",
"27","Minnesota","27159","Wadena","2006","2015","3.0","",
"27","Minnesota","27159","Wadena","2007","2016","3.5","",
"27","Minnesota","27159","Wadena","2008","2017","3.5","",
"27","Minnesota","27161","Waseca","2005","2014","7.9","",
"27","Minnesota","27161","Waseca","2006","2015","7.7","",
"27","Minnesota","27161","Waseca","2007","2016","7.6","",
"27","Minnesota","27161","Waseca","2008","2017","7.5","",
"27","Minnesota","27163","Washington","2005","2014","3.9","",
"27","Minnesota","27163","Washington","2006","2015","3.8","",
"27","Minnesota","27163","Washington","2007","2016","3.7","",
"27","Minnesota","27163","Washington","2008","2017","3.7","",
"27","Minnesota","27165","Watonwan","2005","2014","7.3","",
"27","Minnesota","27165","Watonwan","2006","2015","7.3","",
"27","Minnesota","27165","Watonwan","2007","2016","7.2","",
"27","Minnesota","27165","Watonwan","2008","2017","7.2","",
"27","Minnesota","27167","Wilkin","2005","2014","4.3","",
"27","Minnesota","27167","Wilkin","2006","2015","4.6","",
"27","Minnesota","27167","Wilkin","2007","2016","4.5","",
"27","Minnesota","27167","Wilkin","2008","2017","4.7","",
"27","Minnesota","27169","Winona","2005","2014","5.8","",
"27","Minnesota","27169","Winona","2006","2015","5.7","",
"27","Minnesota","27169","Winona","2007","2016","5.7","",
"27","Minnesota","27169","Winona","2008","2017","5.6","",
"27","Minnesota","27171","Wright","2005","2014","5.2","",
"27","Minnesota","27171","Wright","2006","2015","5.2","",
"27","Minnesota","27171","Wright","2007","2016","5.2","",
"27","Minnesota","27171","Wright","2008","2017","5.2","",
"27","Minnesota","27173","Yellow Medicine","2005","2014","7.2","",
"27","Minnesota","27173","Yellow Medicine","2006","2015","8.0","",
"27","Minnesota","27173","Yellow Medicine","2007","2016","8.2","",
"27","Minnesota","27173","Yellow Medicine","2008","2017","7.7","",
"29","Missouri","29001","Adair","2005","2014","2.7","",
"29","Missouri","29001","Adair","2006","2015","2.8","",
"29","Missouri","29001","Adair","2007","2016","2.8","",
"29","Missouri","29001","Adair","2008","2017","3.1","",
"29","Missouri","29003","Andrew","2005","2014","7.9","",
"29","Missouri","29003","Andrew","2006","2015","7.3","",
"29","Missouri","29003","Andrew","2007","2016","7.3","",
"29","Missouri","29003","Andrew","2008","2017","7.1","",
"29","Missouri","29005","Atchison","2005","2014","7.4","",
"29","Missouri","29005","Atchison","2006","2015","7.1","",
"29","Missouri","29005","Atchison","2007","2016","7.7","",
"29","Missouri","29005","Atchison","2008","2017","7.6","",
"29","Missouri","29007","Audrain","2005","2014","4.7","",
"29","Missouri","29007","Audrain","2006","2015","4.5","",
"29","Missouri","29007","Audrain","2007","2016","3.7","",
"29","Missouri","29007","Audrain","2008","2017","3.7","",
"29","Missouri","29009","Barry","2005","2014","4.9","",
"29","Missouri","29009","Barry","2006","2015","5.6","",
"29","Missouri","29009","Barry","2007","2016","5.9","",
"29","Missouri","29009","Barry","2008","2017","5.6","",
"29","Missouri","29011","Barton","2005","2014","2.5","",
"29","Missouri","29011","Barton","2006","2015","2.4","",
"29","Missouri","29011","Barton","2007","2016","1.7","",
"29","Missouri","29011","Barton","2008","2017","2.0","",
"29","Missouri","29013","Bates","2005","2014","3.0","",
"29","Missouri","29013","Bates","2006","2015","2.8","",
"29","Missouri","29013","Bates","2007","2016","2.4","",
"29","Missouri","29013","Bates","2008","2017","2.4","",
"29","Missouri","29015","Benton","2005","2014","3.3","",
"29","Missouri","29015","Benton","2006","2015","3.2","",
"29","Missouri","29015","Benton","2007","2016","3.1","",
"29","Missouri","29015","Benton","2008","2017","3.1","",
"29","Missouri","29017","Bollinger","2005","2014","2.4","< 10 Tests",
"29","Missouri","29017","Bollinger","2006","2015","1.8","< 10 Tests",
"29","Missouri","29017","Bollinger","2007","2016","1.7","< 10 Tests",
"29","Missouri","29017","Bollinger","2008","2017","1.5","< 10 Tests",
"29","Missouri","29019","Boone","2005","2014","3.4","",
"29","Missouri","29019","Boone","2006","2015","3.3","",
"29","Missouri","29019","Boone","2007","2016","3.2","",
"29","Missouri","29019","Boone","2008","2017","3.2","",
"29","Missouri","29021","Buchanan","2005","2014","5.9","",
"29","Missouri","29021","Buchanan","2006","2015","5.9","",
"29","Missouri","29021","Buchanan","2007","2016","5.8","",
"29","Missouri","29021","Buchanan","2008","2017","5.9","",
"29","Missouri","29023","Butler","2005","2014","3.0","",
"29","Missouri","29023","Butler","2006","2015","3.0","",
"29","Missouri","29023","Butler","2007","2016","3.0","",
"29","Missouri","29023","Butler","2008","2017","3.1","",
"29","Missouri","29025","Caldwell","2005","2014","1.9","",
"29","Missouri","29025","Caldwell","2006","2015","2.1","",
"29","Missouri","29025","Caldwell","2007","2016","2.0","",
"29","Missouri","29025","Caldwell","2008","2017","2.1","",
"29","Missouri","29027","Callaway","2005","2014","5.1","",
"29","Missouri","29027","Callaway","2006","2015","4.8","",
"29","Missouri","29027","Callaway","2007","2016","4.6","",
"29","Missouri","29027","Callaway","2008","2017","4.0","",
"29","Missouri","29029","Camden","2005","2014","3.0","",
"29","Missouri","29029","Camden","2006","2015","3.1","",
"29","Missouri","29029","Camden","2007","2016","3.0","",
"29","Missouri","29029","Camden","2008","2017","3.0","",
"29","Missouri","29031","Cape Girardeau","2005","2014","4.2","",
"29","Missouri","29031","Cape Girardeau","2006","2015","4.3","",
"29","Missouri","29031","Cape Girardeau","2007","2016","4.2","",
"29","Missouri","29031","Cape Girardeau","2008","2017","4.0","",
"29","Missouri","29033","Carroll","2005","2014","2.3","",
"29","Missouri","29033","Carroll","2006","2015","2.7","",
"29","Missouri","29033","Carroll","2007","2016","2.8","",
"29","Missouri","29033","Carroll","2008","2017","4.9","",
"29","Missouri","29035","Carter","2005","2014","0.5","< 10 Tests",
"29","Missouri","29035","Carter","2006","2015","0.5","< 10 Tests",
"29","Missouri","29035","Carter","2007","2016","3.0","< 10 Tests",
"29","Missouri","29035","Carter","2008","2017","2.9","< 10 Tests",
"29","Missouri","29037","Cass","2005","2014","6.2","",
"29","Missouri","29037","Cass","2006","2015","6.1","",
"29","Missouri","29037","Cass","2007","2016","5.9","",
"29","Missouri","29037","Cass","2008","2017","5.9","",
"29","Missouri","29039","Cedar","2005","2014","1.3","",
"29","Missouri","29039","Cedar","2006","2015","1.8","",
"29","Missouri","29039","Cedar","2007","2016","1.8","",
"29","Missouri","29039","Cedar","2008","2017","1.8","",
"29","Missouri","29041","Chariton","2005","2014","3.1","",
"29","Missouri","29041","Chariton","2006","2015","2.9","",
"29","Missouri","29041","Chariton","2007","2016","3.2","",
"29","Missouri","29041","Chariton","2008","2017","3.4","",
"29","Missouri","29043","Christian","2005","2014","4.2","",
"29","Missouri","29043","Christian","2006","2015","4.3","",
"29","Missouri","29043","Christian","2007","2016","4.3","",
"29","Missouri","29043","Christian","2008","2017","4.4","",
"29","Missouri","29045","Clark","2005","2014","5.3","",
"29","Missouri","29045","Clark","2006","2015","4.4","",
"29","Missouri","29045","Clark","2007","2016","4.6","",
"29","Missouri","29045","Clark","2008","2017","4.8","",
"29","Missouri","29047","Clay","2005","2014","4.6","",
"29","Missouri","29047","Clay","2006","2015","4.5","",
"29","Missouri","29047","Clay","2007","2016","4.5","",
"29","Missouri","29047","Clay","2008","2017","4.5","",
"29","Missouri","29049","Clinton","2005","2014","5.0","",
"29","Missouri","29049","Clinton","2006","2015","5.1","",
"29","Missouri","29049","Clinton","2007","2016","5.2","",
"29","Missouri","29049","Clinton","2008","2017","5.2","",
"29","Missouri","29051","Cole","2005","2014","3.1","",
"29","Missouri","29051","Cole","2006","2015","3.2","",
"29","Missouri","29051","Cole","2007","2016","3.2","",
"29","Missouri","29051","Cole","2008","2017","3.1","",
"29","Missouri","29053","Cooper","2005","2014","4.1","",
"29","Missouri","29053","Cooper","2006","2015","4.2","",
"29","Missouri","29053","Cooper","2007","2016","4.2","",
"29","Missouri","29053","Cooper","2008","2017","4.1","",
"29","Missouri","29055","Crawford","2005","2014","3.3","",
"29","Missouri","29055","Crawford","2006","2015","3.2","",
"29","Missouri","29055","Crawford","2007","2016","2.6","",
"29","Missouri","29055","Crawford","2008","2017","2.5","",
"29","Missouri","29057","Dade","2005","2014","1.9","< 10 Tests",
"29","Missouri","29057","Dade","2006","2015","1.9","< 10 Tests",
"29","Missouri","29057","Dade","2007","2016","1.9","< 10 Tests",
"29","Missouri","29057","Dade","2008","2017","1.9","< 10 Tests",
"29","Missouri","29059","Dallas","2005","2014","2.9","",
"29","Missouri","29059","Dallas","2006","2015","2.8","",
"29","Missouri","29059","Dallas","2007","2016","2.8","",
"29","Missouri","29059","Dallas","2008","2017","2.3","",
"29","Missouri","29061","Daviess","2005","2014","3.1","",
"29","Missouri","29061","Daviess","2006","2015","3.1","",
"29","Missouri","29061","Daviess","2007","2016","3.0","",
"29","Missouri","29061","Daviess","2008","2017","3.0","",
"29","Missouri","29063","DeKalb","2005","2014","3.6","",
"29","Missouri","29063","DeKalb","2006","2015","3.6","",
"29","Missouri","29063","DeKalb","2007","2016","3.7","",
"29","Missouri","29063","DeKalb","2008","2017","3.9","",
"29","Missouri","29065","Dent","2005","2014","2.9","< 10 Tests",
"29","Missouri","29065","Dent","2006","2015","3.3","< 10 Tests",
"29","Missouri","29065","Dent","2007","2016","3.1","",
"29","Missouri","29065","Dent","2008","2017","3.2","",
"29","Missouri","29067","Douglas","2005","2014","2.6","< 10 Tests",
"29","Missouri","29067","Douglas","2006","2015","2.1","< 10 Tests",
"29","Missouri","29067","Douglas","2007","2016","1.8","< 10 Tests",
"29","Missouri","29067","Douglas","2008","2017","1.8","< 10 Tests",
"29","Missouri","29069","Dunklin","2005","2014","2.2","",
"29","Missouri","29069","Dunklin","2006","2015","2.2","",
"29","Missouri","29069","Dunklin","2007","2016","1.9","",
"29","Missouri","29069","Dunklin","2008","2017","1.8","",
"29","Missouri","29071","Franklin","2005","2014","3.6","",
"29","Missouri","29071","Franklin","2006","2015","3.7","",
"29","Missouri","29071","Franklin","2007","2016","3.7","",
"29","Missouri","29071","Franklin","2008","2017","3.8","",
"29","Missouri","29073","Gasconade","2005","2014","2.1","",
"29","Missouri","29073","Gasconade","2006","2015","2.8","",
"29","Missouri","29073","Gasconade","2007","2016","3.0","",
"29","Missouri","29073","Gasconade","2008","2017","3.0","",
"29","Missouri","29075","Gentry","2005","2014","6.7","",
"29","Missouri","29075","Gentry","2006","2015","6.4","",
"29","Missouri","29075","Gentry","2007","2016","6.0","",
"29","Missouri","29075","Gentry","2008","2017","6.6","",
"29","Missouri","29077","Greene","2005","2014","4.2","",
"29","Missouri","29077","Greene","2006","2015","4.2","",
"29","Missouri","29077","Greene","2007","2016","4.0","",
"29","Missouri","29077","Greene","2008","2017","3.9","",
"29","Missouri","29079","Grundy","2005","2014","3.6","",
"29","Missouri","29079","Grundy","2006","2015","4.1","",
"29","Missouri","29079","Grundy","2007","2016","4.0","",
"29","Missouri","29079","Grundy","2008","2017","4.6","",
"29","Missouri","29081","Harrison","2005","2014","5.4","",
"29","Missouri","29081","Harrison","2006","2015","5.4","",
"29","Missouri","29081","Harrison","2007","2016","4.8","",
"29","Missouri","29081","Harrison","2008","2017","4.5","",
"29","Missouri","29083","Henry","2005","2014","6.1","",
"29","Missouri","29083","Henry","2006","2015","6.1","",
"29","Missouri","29083","Henry","2007","2016","5.6","",
"29","Missouri","29083","Henry","2008","2017","5.6","",
"29","Missouri","29085","Hickory","2005","2014","1.5","< 10 Tests",
"29","Missouri","29085","Hickory","2006","2015","1.5","< 10 Tests",
"29","Missouri","29085","Hickory","2007","2016","1.5","< 10 Tests",
"29","Missouri","29085","Hickory","2008","2017","1.8","< 10 Tests",
"29","Missouri","29087","Holt","2005","2014","6.7","",
"29","Missouri","29087","Holt","2006","2015","6.4","",
"29","Missouri","29087","Holt","2007","2016","5.7","",
"29","Missouri","29087","Holt","2008","2017","5.6","",
"29","Missouri","29089","Howard","2005","2014","4.9","",
"29","Missouri","29089","Howard","2006","2015","4.7","",
"29","Missouri","29089","Howard","2007","2016","4.8","",
"29","Missouri","29089","Howard","2008","2017","4.7","",
"29","Missouri","29091","Howell","2005","2014","7.2","",
"29","Missouri","29091","Howell","2006","2015","7.1","",
"29","Missouri","29091","Howell","2007","2016","6.9","",
"29","Missouri","29091","Howell","2008","2017","7.3","",
"29","Missouri","29093","Iron","2005","2014","9.1","",
"29","Missouri","29093","Iron","2006","2015","9.1","",
"29","Missouri","29093","Iron","2007","2016","7.2","",
"29","Missouri","29093","Iron","2008","2017","7.2","",
"29","Missouri","29095","Jackson","2005","2014","5.5","",
"29","Missouri","29095","Jackson","2006","2015","5.4","",
"29","Missouri","29095","Jackson","2007","2016","5.2","",
"29","Missouri","29095","Jackson","2008","2017","5.1","",
"29","Missouri","29097","Jasper","2005","2014","3.7","",
"29","Missouri","29097","Jasper","2006","2015","3.8","",
"29","Missouri","29097","Jasper","2007","2016","3.8","",
"29","Missouri","29097","Jasper","2008","2017","3.9","",
"29","Missouri","29099","Jefferson","2005","2014","5.4","",
"29","Missouri","29099","Jefferson","2006","2015","5.4","",
"29","Missouri","29099","Jefferson","2007","2016","5.3","",
"29","Missouri","29099","Jefferson","2008","2017","5.4","",
"29","Missouri","29101","Johnson","2005","2014","3.8","",
"29","Missouri","29101","Johnson","2006","2015","3.8","",
"29","Missouri","29101","Johnson","2007","2016","4.1","",
"29","Missouri","29101","Johnson","2008","2017","4.1","",
"29","Missouri","29103","Knox","2005","2014","1.4","< 10 Tests",
"29","Missouri","29103","Knox","2006","2015","1.5","< 10 Tests",
"29","Missouri","29103","Knox","2007","2016","1.6","",
"29","Missouri","29103","Knox","2008","2017","1.6","< 10 Tests",
"29","Missouri","29105","Laclede","2005","2014","4.2","",
"29","Missouri","29105","Laclede","2006","2015","4.0","",
"29","Missouri","29105","Laclede","2007","2016","4.1","",
"29","Missouri","29105","Laclede","2008","2017","4.8","",
"29","Missouri","29107","Lafayette","2005","2014","5.4","",
"29","Missouri","29107","Lafayette","2006","2015","5.3","",
"29","Missouri","29107","Lafayette","2007","2016","5.4","",
"29","Missouri","29107","Lafayette","2008","2017","5.3","",
"29","Missouri","29109","Lawrence","2005","2014","5.2","",
"29","Missouri","29109","Lawrence","2006","2015","4.5","",
"29","Missouri","29109","Lawrence","2007","2016","4.5","",
"29","Missouri","29109","Lawrence","2008","2017","4.8","",
"29","Missouri","29111","Lewis","2005","2014","3.9","",
"29","Missouri","29111","Lewis","2006","2015","3.7","",
"29","Missouri","29111","Lewis","2007","2016","3.8","",
"29","Missouri","29111","Lewis","2008","2017","3.8","",
"29","Missouri","29113","Lincoln","2005","2014","3.8","",
"29","Missouri","29113","Lincoln","2006","2015","3.7","",
"29","Missouri","29113","Lincoln","2007","2016","3.6","",
"29","Missouri","29113","Lincoln","2008","2017","3.9","",
"29","Missouri","29115","Linn","2005","2014","3.1","",
"29","Missouri","29115","Linn","2006","2015","3.2","",
"29","Missouri","29115","Linn","2007","2016","3.1","",
"29","Missouri","29115","Linn","2008","2017","3.0","",
"29","Missouri","29117","Livingston","2005","2014","4.6","",
"29","Missouri","29117","Livingston","2006","2015","4.6","",
"29","Missouri","29117","Livingston","2007","2016","4.5","",
"29","Missouri","29117","Livingston","2008","2017","4.1","",
"29","Missouri","29121","Macon","2005","2014","3.3","",
"29","Missouri","29121","Macon","2006","2015","3.1","",
"29","Missouri","29121","Macon","2007","2016","2.8","",
"29","Missouri","29121","Macon","2008","2017","2.8","",
"29","Missouri","29123","Madison","2005","2014","11.0","",
"29","Missouri","29123","Madison","2006","2015","10.2","",
"29","Missouri","29123","Madison","2007","2016","9.7","",
"29","Missouri","29123","Madison","2008","2017","9.1","",
"29","Missouri","29125","Maries","2005","2014","2.1","",
"29","Missouri","29125","Maries","2006","2015","2.1","",
"29","Missouri","29125","Maries","2007","2016","2.1","",
"29","Missouri","29125","Maries","2008","2017","2.2","",
"29","Missouri","29127","Marion","2005","2014","7.3","",
"29","Missouri","29127","Marion","2006","2015","6.8","",
"29","Missouri","29127","Marion","2007","2016","6.4","",
"29","Missouri","29127","Marion","2008","2017","6.4","",
"29","Missouri","29119","McDonald","2005","2014","6.6","",
"29","Missouri","29119","McDonald","2006","2015","6.3","",
"29","Missouri","29119","McDonald","2007","2016","6.1","",
"29","Missouri","29119","McDonald","2008","2017","4.8","",
"29","Missouri","29129","Mercer","2005","2014","14.1","< 10 Tests",
"29","Missouri","29129","Mercer","2006","2015","10.9","< 10 Tests",
"29","Missouri","29129","Mercer","2007","2016","5.3","",
"29","Missouri","29129","Mercer","2008","2017","5.3","",
"29","Missouri","29131","Miller","2005","2014","2.7","",
"29","Missouri","29131","Miller","2006","2015","2.6","",
"29","Missouri","29131","Miller","2007","2016","2.6","",
"29","Missouri","29131","Miller","2008","2017","2.7","",
"29","Missouri","29133","Mississippi","2005","2014","1.5","< 10 Tests",
"29","Missouri","29133","Mississippi","2006","2015","1.5","< 10 Tests",
"29","Missouri","29133","Mississippi","2007","2016","0.8","< 10 Tests",
"29","Missouri","29133","Mississippi","2008","2017","0.8","< 10 Tests",
"29","Missouri","29135","Moniteau","2005","2014","3.6","",
"29","Missouri","29135","Moniteau","2006","2015","3.6","",
"29","Missouri","29135","Moniteau","2007","2016","3.6","",
"29","Missouri","29135","Moniteau","2008","2017","3.6","",
"29","Missouri","29137","Monroe","2005","2014","2.7","",
"29","Missouri","29137","Monroe","2006","2015","2.7","",
"29","Missouri","29137","Monroe","2007","2016","2.8","",
"29","Missouri","29137","Monroe","2008","2017","2.4","",
"29","Missouri","29139","Montgomery","2005","2014","3.5","",
"29","Missouri","29139","Montgomery","2006","2015","3.5","",
"29","Missouri","29139","Montgomery","2007","2016","3.3","",
"29","Missouri","29139","Montgomery","2008","2017","3.1","",
"29","Missouri","29141","Morgan","2005","2014","3.2","",
"29","Missouri","29141","Morgan","2006","2015","3.2","",
"29","Missouri","29141","Morgan","2007","2016","3.1","",
"29","Missouri","29141","Morgan","2008","2017","2.8","",
"29","Missouri","29143","New Madrid","2005","2014","1.8","",
"29","Missouri","29143","New Madrid","2006","2015","1.8","",
"29","Missouri","29143","New Madrid","2007","2016","1.8","",
"29","Missouri","29143","New Madrid","2008","2017","1.9","< 10 Tests",
"29","Missouri","29145","Newton","2005","2014","4.7","",
"29","Missouri","29145","Newton","2006","2015","4.7","",
"29","Missouri","29145","Newton","2007","2016","4.7","",
"29","Missouri","29145","Newton","2008","2017","4.1","",
"29","Missouri","29147","Nodaway","2005","2014","4.6","",
"29","Missouri","29147","Nodaway","2006","2015","4.6","",
"29","Missouri","29147","Nodaway","2007","2016","4.5","",
"29","Missouri","29147","Nodaway","2008","2017","4.3","",
"29","Missouri","29149","Oregon","2005","2014","2.0","< 10 Tests",
"29","Missouri","29149","Oregon","2006","2015","2.0","< 10 Tests",
"29","Missouri","29149","Oregon","2007","2016","4.8","< 10 Tests",
"29","Missouri","29149","Oregon","2008","2017","3.7","< 10 Tests",
"29","Missouri","29151","Osage","2005","2014","2.3","",
"29","Missouri","29151","Osage","2006","2015","2.3","",
"29","Missouri","29151","Osage","2007","2016","2.3","",
"29","Missouri","29151","Osage","2008","2017","2.3","",
"29","Missouri","29153","Ozark","2005","2014","1.3","< 10 Tests",
"29","Missouri","29153","Ozark","2006","2015","2.1","< 10 Tests",
"29","Missouri","29153","Ozark","2007","2016","2.1","< 10 Tests",
"29","Missouri","29153","Ozark","2008","2017","4.0","< 10 Tests",
"29","Missouri","29155","Pemiscot","2005","2014","1.5","< 10 Tests",
"29","Missouri","29155","Pemiscot","2006","2015","1.3","< 10 Tests",
"29","Missouri","29155","Pemiscot","2007","2016","1.3","< 10 Tests",
"29","Missouri","29155","Pemiscot","2008","2017","1.3","< 10 Tests",
"29","Missouri","29157","Perry","2005","2014","3.9","",
"29","Missouri","29157","Perry","2006","2015","3.9","",
"29","Missouri","29157","Perry","2007","2016","4.5","",
"29","Missouri","29157","Perry","2008","2017","4.9","",
"29","Missouri","29159","Pettis","2005","2014","4.8","",
"29","Missouri","29159","Pettis","2006","2015","4.9","",
"29","Missouri","29159","Pettis","2007","2016","4.9","",
"29","Missouri","29159","Pettis","2008","2017","4.4","",
"29","Missouri","29161","Phelps","2005","2014","2.3","",
"29","Missouri","29161","Phelps","2006","2015","2.2","",
"29","Missouri","29161","Phelps","2007","2016","2.2","",
"29","Missouri","29161","Phelps","2008","2017","2.3","",
"29","Missouri","29163","Pike","2005","2014","4.5","",
"29","Missouri","29163","Pike","2006","2015","4.6","",
"29","Missouri","29163","Pike","2007","2016","3.8","",
"29","Missouri","29163","Pike","2008","2017","3.8","",
"29","Missouri","29165","Platte","2005","2014","4.8","",
"29","Missouri","29165","Platte","2006","2015","4.8","",
"29","Missouri","29165","Platte","2007","2016","4.7","",
"29","Missouri","29165","Platte","2008","2017","4.7","",
"29","Missouri","29167","Polk","2005","2014","1.8","",
"29","Missouri","29167","Polk","2006","2015","1.9","",
"29","Missouri","29167","Polk","2007","2016","2.0","",
"29","Missouri","29167","Polk","2008","2017","2.0","",
"29","Missouri","29169","Pulaski","2005","2014","3.4","",
"29","Missouri","29169","Pulaski","2006","2015","3.2","",
"29","Missouri","29169","Pulaski","2007","2016","3.2","",
"29","Missouri","29169","Pulaski","2008","2017","3.2","",
"29","Missouri","29171","Putnam","2005","2014","2.1","",
"29","Missouri","29171","Putnam","2006","2015","2.6","",
"29","Missouri","29171","Putnam","2007","2016","2.9","< 10 Tests",
"29","Missouri","29171","Putnam","2008","2017","2.9","< 10 Tests",
"29","Missouri","29173","Ralls","2005","2014","10.9","",
"29","Missouri","29173","Ralls","2006","2015","10.6","",
"29","Missouri","29173","Ralls","2007","2016","10.4","",
"29","Missouri","29173","Ralls","2008","2017","10.5","",
"29","Missouri","29175","Randolph","2005","2014","2.3","",
"29","Missouri","29175","Randolph","2006","2015","2.3","",
"29","Missouri","29175","Randolph","2007","2016","2.7","",
"29","Missouri","29175","Randolph","2008","2017","2.7","",
"29","Missouri","29177","Ray","2005","2014","6.2","",
"29","Missouri","29177","Ray","2006","2015","5.5","",
"29","Missouri","29177","Ray","2007","2016","5.0","",
"29","Missouri","29177","Ray","2008","2017","5.0","",
"29","Missouri","29179","Reynolds","2005","2014","1.7","< 10 Tests",
"29","Missouri","29179","Reynolds","2006","2015","2.2","< 10 Tests",
"29","Missouri","29179","Reynolds","2007","2016","2.2","< 10 Tests",
"29","Missouri","29179","Reynolds","2008","2017","4.8","< 10 Tests",
"29","Missouri","29181","Ripley","2005","2014","4.6","< 10 Tests",
"29","Missouri","29181","Ripley","2006","2015","4.9","< 10 Tests",
"29","Missouri","29181","Ripley","2007","2016","3.9","< 10 Tests",
"29","Missouri","29181","Ripley","2008","2017","4.8","",
"29","Missouri","29195","Saline","2005","2014","4.9","",
"29","Missouri","29195","Saline","2006","2015","4.8","",
"29","Missouri","29195","Saline","2007","2016","5.0","",
"29","Missouri","29195","Saline","2008","2017","5.1","",
"29","Missouri","29197","Schuyler","2005","2014","1.4","",
"29","Missouri","29197","Schuyler","2006","2015","1.5","",
"29","Missouri","29197","Schuyler","2007","2016","1.5","",
"29","Missouri","29197","Schuyler","2008","2017","1.5","",
"29","Missouri","29199","Scotland","2005","2014","3.0","",
"29","Missouri","29199","Scotland","2006","2015","3.0","",
"29","Missouri","29199","Scotland","2007","2016","2.7","",
"29","Missouri","29199","Scotland","2008","2017","2.6","",
"29","Missouri","29201","Scott","2005","2014","3.8","",
"29","Missouri","29201","Scott","2006","2015","3.8","",
"29","Missouri","29201","Scott","2007","2016","3.8","",
"29","Missouri","29201","Scott","2008","2017","4.2","",
"29","Missouri","29203","Shannon","2005","2014","2.8","",
"29","Missouri","29203","Shannon","2006","2015","2.7","",
"29","Missouri","29203","Shannon","2007","2016","2.7","",
"29","Missouri","29203","Shannon","2008","2017","2.6","",
"29","Missouri","29205","Shelby","2005","2014","2.3","",
"29","Missouri","29205","Shelby","2006","2015","2.3","",
"29","Missouri","29205","Shelby","2007","2016","2.3","",
"29","Missouri","29205","Shelby","2008","2017","2.5","",
"29","Missouri","29183","St. Charles","2005","2014","3.7","",
"29","Missouri","29183","St. Charles","2006","2015","3.6","",
"29","Missouri","29183","St. Charles","2007","2016","3.5","",
"29","Missouri","29183","St. Charles","2008","2017","3.5","",
"29","Missouri","29185","St. Clair","2005","2014","2.0","",
"29","Missouri","29185","St. Clair","2006","2015","1.9","",
"29","Missouri","29185","St. Clair","2007","2016","1.9","",
"29","Missouri","29185","St. Clair","2008","2017","1.8","",
"29","Missouri","29187","St. Francois","2005","2014","5.8","",
"29","Missouri","29187","St. Francois","2006","2015","5.9","",
"29","Missouri","29187","St. Francois","2007","2016","5.8","",
"29","Missouri","29187","St. Francois","2008","2017","5.8","",
"29","Missouri","29189","St. Louis","2005","2014","3.9","",
"29","Missouri","29189","St. Louis","2006","2015","3.8","",
"29","Missouri","29189","St. Louis","2007","2016","3.7","",
"29","Missouri","29189","St. Louis","2008","2017","3.6","",
"29","Missouri","29510","St. Louis City","2005","2014","2.5","",
"29","Missouri","29510","St. Louis City","2006","2015","2.4","",
"29","Missouri","29510","St. Louis City","2007","2016","2.5","",
"29","Missouri","29510","St. Louis City","2008","2017","2.6","",
"29","Missouri","29186","Ste. Genevieve","2005","2014","5.9","",
"29","Missouri","29186","Ste. Genevieve","2006","2015","5.5","",
"29","Missouri","29186","Ste. Genevieve","2007","2016","4.6","",
"29","Missouri","29186","Ste. Genevieve","2008","2017","4.6","",
"29","Missouri","29207","Stoddard","2005","2014","1.9","",
"29","Missouri","29207","Stoddard","2006","2015","1.6","",
"29","Missouri","29207","Stoddard","2007","2016","1.5","",
"29","Missouri","29207","Stoddard","2008","2017","1.5","",
"29","Missouri","29209","Stone","2005","2014","5.8","",
"29","Missouri","29209","Stone","2006","2015","6.2","",
"29","Missouri","29209","Stone","2007","2016","5.9","",
"29","Missouri","29209","Stone","2008","2017","5.8","",
"29","Missouri","29211","Sullivan","2005","2014","19.0","< 10 Tests",
"29","Missouri","29211","Sullivan","2006","2015","12.9","< 10 Tests",
"29","Missouri","29211","Sullivan","2007","2016","12.9","< 10 Tests",
"29","Missouri","29211","Sullivan","2008","2017","12.9","< 10 Tests",
"29","Missouri","29213","Taney","2005","2014","7.7","",
"29","Missouri","29213","Taney","2006","2015","7.6","",
"29","Missouri","29213","Taney","2007","2016","7.4","",
"29","Missouri","29213","Taney","2008","2017","7.1","",
"29","Missouri","29215","Texas","2005","2014","2.8","",
"29","Missouri","29215","Texas","2006","2015","2.8","",
"29","Missouri","29215","Texas","2007","2016","2.9","",
"29","Missouri","29215","Texas","2008","2017","2.5","",
"29","Missouri","29217","Vernon","2005","2014","1.2","",
"29","Missouri","29217","Vernon","2006","2015","1.4","",
"29","Missouri","29217","Vernon","2007","2016","1.5","",
"29","Missouri","29217","Vernon","2008","2017","1.5","",
"29","Missouri","29219","Warren","2005","2014","4.2","",
"29","Missouri","29219","Warren","2006","2015","3.8","",
"29","Missouri","29219","Warren","2007","2016","4.3","",
"29","Missouri","29219","Warren","2008","2017","4.2","",
"29","Missouri","29221","Washington","2005","2014","3.3","",
"29","Missouri","29221","Washington","2006","2015","3.2","",
"29","Missouri","29221","Washington","2007","2016","3.5","",
"29","Missouri","29221","Washington","2008","2017","3.2","",
"29","Missouri","29223","Wayne","2005","2014","3.2","",
"29","Missouri","29223","Wayne","2006","2015","3.4","",
"29","Missouri","29223","Wayne","2007","2016","3.4","",
"29","Missouri","29223","Wayne","2008","2017","3.2","",
"29","Missouri","29225","Webster","2005","2014","3.0","",
"29","Missouri","29225","Webster","2006","2015","2.9","",
"29","Missouri","29225","Webster","2007","2016","2.9","",
"29","Missouri","29225","Webster","2008","2017","3.0","",
"29","Missouri","29227","Worth","2005","2014","2.0","",
"29","Missouri","29227","Worth","2006","2015","2.0","",
"29","Missouri","29227","Worth","2007","2016","2.0","",
"29","Missouri","29227","Worth","2008","2017","2.0","",
"29","Missouri","29229","Wright","2005","2014","2.0","",
"29","Missouri","29229","Wright","2006","2015","2.1","",
"29","Missouri","29229","Wright","2007","2016","2.5","",
"29","Missouri","29229","Wright","2008","2017","3.2","",
"30","Montana","30001","Beaverhead","2005","2014","5.0","",
"30","Montana","30001","Beaverhead","2006","2015","5.2","",
"30","Montana","30001","Beaverhead","2007","2016","5.1","",
"30","Montana","30001","Beaverhead","2008","2017","6.9","",
"30","Montana","30003","Big Horn","2005","2014","3.2","",
"30","Montana","30003","Big Horn","2006","2015","3.2","",
"30","Montana","30003","Big Horn","2007","2016","3.4","",
"30","Montana","30003","Big Horn","2008","2017","3.6","",
"30","Montana","30005","Blaine","2005","2014","1.5","",
"30","Montana","30005","Blaine","2006","2015","1.5","",
"30","Montana","30005","Blaine","2007","2016","1.4","",
"30","Montana","30005","Blaine","2008","2017","1.4","",
"30","Montana","30007","Broadwater","2005","2014","7.3","",
"30","Montana","30007","Broadwater","2006","2015","7.0","",
"30","Montana","30007","Broadwater","2007","2016","6.0","",
"30","Montana","30007","Broadwater","2008","2017","5.9","",
"30","Montana","30009","Carbon","2005","2014","9.9","",
"30","Montana","30009","Carbon","2006","2015","10.9","",
"30","Montana","30009","Carbon","2007","2016","11.0","",
"30","Montana","30009","Carbon","2008","2017","10.4","",
"30","Montana","30011","Carter","2005","2014","No Events","",
"30","Montana","30011","Carter","2006","2015","No Events","",
"30","Montana","30011","Carter","2007","2016","No Events","",
"30","Montana","30011","Carter","2008","2017","No Events","",
"30","Montana","30013","Cascade","2005","2014","4.2","",
"30","Montana","30013","Cascade","2006","2015","4.4","",
"30","Montana","30013","Cascade","2007","2016","4.3","",
"30","Montana","30013","Cascade","2008","2017","3.6","",
"30","Montana","30015","Chouteau","2005","2014","5.0","",
"30","Montana","30015","Chouteau","2006","2015","5.1","",
"30","Montana","30015","Chouteau","2007","2016","5.1","",
"30","Montana","30015","Chouteau","2008","2017","5.1","< 10 Tests",
"30","Montana","30017","Custer","2005","2014","3.8","",
"30","Montana","30017","Custer","2006","2015","4.0","",
"30","Montana","30017","Custer","2007","2016","4.1","",
"30","Montana","30017","Custer","2008","2017","4.1","",
"30","Montana","30019","Daniels","2005","2014","2.1","< 10 Tests",
"30","Montana","30019","Daniels","2006","2015","2.1","< 10 Tests",
"30","Montana","30019","Daniels","2007","2016","2.2","< 10 Tests",
"30","Montana","30019","Daniels","2008","2017","2.2","< 10 Tests",
"30","Montana","30021","Dawson","2005","2014","6.2","",
"30","Montana","30021","Dawson","2006","2015","5.9","",
"30","Montana","30021","Dawson","2007","2016","5.8","",
"30","Montana","30021","Dawson","2008","2017","5.9","",
"30","Montana","30023","Deer Lodge","2005","2014","3.4","",
"30","Montana","30023","Deer Lodge","2006","2015","3.4","",
"30","Montana","30023","Deer Lodge","2007","2016","2.9","",
"30","Montana","30023","Deer Lodge","2008","2017","2.9","",
"30","Montana","30025","Fallon","2005","2014","25.4","< 10 Tests",
"30","Montana","30025","Fallon","2006","2015","25.4","< 10 Tests",
"30","Montana","30025","Fallon","2007","2016","22.5","< 10 Tests",
"30","Montana","30025","Fallon","2008","2017","22.5","< 10 Tests",
"30","Montana","30027","Fergus","2005","2014","12.6","",
"30","Montana","30027","Fergus","2006","2015","13.0","",
"30","Montana","30027","Fergus","2007","2016","12.6","",
"30","Montana","30027","Fergus","2008","2017","12.9","",
"30","Montana","30029","Flathead","2005","2014","7.7","",
"30","Montana","30029","Flathead","2006","2015","7.0","",
"30","Montana","30029","Flathead","2007","2016","6.9","",
"30","Montana","30029","Flathead","2008","2017","7.3","",
"30","Montana","30031","Gallatin","2005","2014","7.2","",
"30","Montana","30031","Gallatin","2006","2015","6.3","",
"30","Montana","30031","Gallatin","2007","2016","5.8","",
"30","Montana","30031","Gallatin","2008","2017","5.6","",
"30","Montana","30033","Garfield","2005","2014","No Events","",
"30","Montana","30033","Garfield","2006","2015","No Events","",
"30","Montana","30033","Garfield","2007","2016","No Events","",
"30","Montana","30033","Garfield","2008","2017","No Events","",
"30","Montana","30035","Glacier","2005","2014","2.9","< 10 Tests",
"30","Montana","30035","Glacier","2006","2015","2.8","< 10 Tests",
"30","Montana","30035","Glacier","2007","2016","2.8","< 10 Tests",
"30","Montana","30035","Glacier","2008","2017","3.0","< 10 Tests",
"30","Montana","30037","Golden Valley","2005","2014","5.0","< 10 Tests",
"30","Montana","30037","Golden Valley","2006","2015","5.0","< 10 Tests",
"30","Montana","30037","Golden Valley","2007","2016","5.0","< 10 Tests",
"30","Montana","30037","Golden Valley","2008","2017","No Events","",
"30","Montana","30039","Granite","2005","2014","3.3","< 10 Tests",
"30","Montana","30039","Granite","2006","2015","3.7","< 10 Tests",
"30","Montana","30039","Granite","2007","2016","3.7","< 10 Tests",
"30","Montana","30039","Granite","2008","2017","3.4","< 10 Tests",
"30","Montana","30041","Hill","2005","2014","5.5","",
"30","Montana","30041","Hill","2006","2015","5.5","",
"30","Montana","30041","Hill","2007","2016","2.4","",
"30","Montana","30041","Hill","2008","2017","2.3","",
"30","Montana","30043","Jefferson","2005","2014","8.5","",
"30","Montana","30043","Jefferson","2006","2015","7.7","",
"30","Montana","30043","Jefferson","2007","2016","8.0","",
"30","Montana","30043","Jefferson","2008","2017","8.0","",
"30","Montana","30045","Judith Basin","2005","2014","6.8","",
"30","Montana","30045","Judith Basin","2006","2015","6.9","",
"30","Montana","30045","Judith Basin","2007","2016","6.9","",
"30","Montana","30045","Judith Basin","2008","2017","6.9","< 10 Tests",
"30","Montana","30047","Lake","2005","2014","6.1","",
"30","Montana","30047","Lake","2006","2015","6.5","",
"30","Montana","30047","Lake","2007","2016","7.9","",
"30","Montana","30047","Lake","2008","2017","7.8","",
"30","Montana","30049","Lewis and Clark","2005","2014","12.1","",
"30","Montana","30049","Lewis and Clark","2006","2015","11.5","",
"30","Montana","30049","Lewis and Clark","2007","2016","11.7","",
"30","Montana","30049","Lewis and Clark","2008","2017","12.3","",
"30","Montana","30051","Liberty","2005","2014","3.9","< 10 Tests",
"30","Montana","30051","Liberty","2006","2015","3.9","< 10 Tests",
"30","Montana","30051","Liberty","2007","2016","3.9","< 10 Tests",
"30","Montana","30051","Liberty","2008","2017","3.9","< 10 Tests",
"30","Montana","30053","Lincoln","2005","2014","24.4","",
"30","Montana","30053","Lincoln","2006","2015","23.0","",
"30","Montana","30053","Lincoln","2007","2016","21.8","",
"30","Montana","30053","Lincoln","2008","2017","19.3","",
"30","Montana","30057","Madison","2005","2014","6.2","",
"30","Montana","30057","Madison","2006","2015","5.9","",
"30","Montana","30057","Madison","2007","2016","5.5","",
"30","Montana","30057","Madison","2008","2017","5.6","",
"30","Montana","30055","McCone","2005","2014","4.3","",
"30","Montana","30055","McCone","2006","2015","2.5","< 10 Tests",
"30","Montana","30055","McCone","2007","2016","2.3","< 10 Tests",
"30","Montana","30055","McCone","2008","2017","1.5","< 10 Tests",
"30","Montana","30059","Meagher","2005","2014","3.6","< 10 Tests",
"30","Montana","30059","Meagher","2006","2015","3.6","< 10 Tests",
"30","Montana","30059","Meagher","2007","2016","3.6","< 10 Tests",
"30","Montana","30059","Meagher","2008","2017","3.6","< 10 Tests",
"30","Montana","30061","Mineral","2005","2014","5.4","",
"30","Montana","30061","Mineral","2006","2015","7.6","",
"30","Montana","30061","Mineral","2007","2016","8.4","",
"30","Montana","30061","Mineral","2008","2017","8.9","",
"30","Montana","30063","Missoula","2005","2014","6.5","",
"30","Montana","30063","Missoula","2006","2015","6.5","",
"30","Montana","30063","Missoula","2007","2016","6.1","",
"30","Montana","30063","Missoula","2008","2017","5.9","",
"30","Montana","30065","Musselshell","2005","2014","3.6","",
"30","Montana","30065","Musselshell","2006","2015","3.6","",
"30","Montana","30065","Musselshell","2007","2016","3.8","",
"30","Montana","30065","Musselshell","2008","2017","3.8","",
"30","Montana","30067","Park","2005","2014","9.1","",
"30","Montana","30067","Park","2006","2015","8.9","",
"30","Montana","30067","Park","2007","2016","9.0","",
"30","Montana","30067","Park","2008","2017","8.7","",
"30","Montana","30069","Petroleum","2005","2014","No Events","",
"30","Montana","30069","Petroleum","2006","2015","No Events","",
"30","Montana","30069","Petroleum","2007","2016","No Events","",
"30","Montana","30069","Petroleum","2008","2017","No Events","",
"30","Montana","30071","Phillips","2005","2014","6.2","< 10 Tests",
"30","Montana","30071","Phillips","2006","2015","6.2","< 10 Tests",
"30","Montana","30071","Phillips","2007","2016","No Events","",
"30","Montana","30071","Phillips","2008","2017","No Events","",
"30","Montana","30073","Pondera","2005","2014","2.6","< 10 Tests",
"30","Montana","30073","Pondera","2006","2015","1.5","< 10 Tests",
"30","Montana","30073","Pondera","2007","2016","1.5","< 10 Tests",
"30","Montana","30073","Pondera","2008","2017","1.5","< 10 Tests",
"30","Montana","30075","Powder River","2005","2014","5.3","< 10 Tests",
"30","Montana","30075","Powder River","2006","2015","5.3","< 10 Tests",
"30","Montana","30075","Powder River","2007","2016","5.3","< 10 Tests",
"30","Montana","30075","Powder River","2008","2017","5.1","< 10 Tests",
"30","Montana","30077","Powell","2005","2014","16.7","",
"30","Montana","30077","Powell","2006","2015","17.0","",
"30","Montana","30077","Powell","2007","2016","15.3","",
"30","Montana","30077","Powell","2008","2017","12.3","",
"30","Montana","30079","Prairie","2005","2014","5.0","< 10 Tests",
"30","Montana","30079","Prairie","2006","2015","5.0","< 10 Tests",
"30","Montana","30079","Prairie","2007","2016","5.0","< 10 Tests",
"30","Montana","30079","Prairie","2008","2017","7.6","< 10 Tests",
"30","Montana","30081","Ravalli","2005","2014","6.4","",
"30","Montana","30081","Ravalli","2006","2015","6.3","",
"30","Montana","30081","Ravalli","2007","2016","5.9","",
"30","Montana","30081","Ravalli","2008","2017","6.2","",
"30","Montana","30083","Richland","2005","2014","6.8","",
"30","Montana","30083","Richland","2006","2015","6.6","",
"30","Montana","30083","Richland","2007","2016","6.5","",
"30","Montana","30083","Richland","2008","2017","7.0","",
"30","Montana","30085","Roosevelt","2005","2014","12.2","",
"30","Montana","30085","Roosevelt","2006","2015","11.5","",
"30","Montana","30085","Roosevelt","2007","2016","11.4","",
"30","Montana","30085","Roosevelt","2008","2017","11.4","",
"30","Montana","30087","Rosebud","2005","2014","5.1","< 10 Tests",
"30","Montana","30087","Rosebud","2006","2015","4.4","< 10 Tests",
"30","Montana","30087","Rosebud","2007","2016","4.4","< 10 Tests",
"30","Montana","30087","Rosebud","2008","2017","3.8","< 10 Tests",
"30","Montana","30089","Sanders","2005","2014","14.2","",
"30","Montana","30089","Sanders","2006","2015","12.4","",
"30","Montana","30089","Sanders","2007","2016","10.4","",
"30","Montana","30089","Sanders","2008","2017","10.7","",
"30","Montana","30091","Sheridan","2005","2014","8.1","",
"30","Montana","30091","Sheridan","2006","2015","8.2","",
"30","Montana","30091","Sheridan","2007","2016","8.2","",
"30","Montana","30091","Sheridan","2008","2017","8.3","< 10 Tests",
"30","Montana","30093","Silver Bow","2005","2014","8.7","",
"30","Montana","30093","Silver Bow","2006","2015","9.1","",
"30","Montana","30093","Silver Bow","2007","2016","8.8","",
"30","Montana","30093","Silver Bow","2008","2017","8.8","",
"30","Montana","30095","Stillwater","2005","2014","9.3","",
"30","Montana","30095","Stillwater","2006","2015","8.5","",
"30","Montana","30095","Stillwater","2007","2016","8.7","",
"30","Montana","30095","Stillwater","2008","2017","8.1","",
"30","Montana","30097","Sweet Grass","2005","2014","14.9","",
"30","Montana","30097","Sweet Grass","2006","2015","14.9","",
"30","Montana","30097","Sweet Grass","2007","2016","16.5","< 10 Tests",
"30","Montana","30097","Sweet Grass","2008","2017","16.5","< 10 Tests",
"30","Montana","30099","Teton","2005","2014","3.5","",
"30","Montana","30099","Teton","2006","2015","4.0","< 10 Tests",
"30","Montana","30099","Teton","2007","2016","4.3","< 10 Tests",
"30","Montana","30099","Teton","2008","2017","4.7","< 10 Tests",
"30","Montana","30101","Toole","2005","2014","1.6","< 10 Tests",
"30","Montana","30101","Toole","2006","2015","5.1","< 10 Tests",
"30","Montana","30101","Toole","2007","2016","5.1","",
"30","Montana","30101","Toole","2008","2017","5.0","",
"30","Montana","30103","Treasure","2005","2014","No Events","",
"30","Montana","30103","Treasure","2006","2015","No Events","",
"30","Montana","30103","Treasure","2007","2016","No Events","",
"30","Montana","30103","Treasure","2008","2017","7.5","< 10 Tests",
"30","Montana","30105","Valley","2005","2014","7.0","",
"30","Montana","30105","Valley","2006","2015","6.8","",
"30","Montana","30105","Valley","2007","2016","7.2","",
"30","Montana","30105","Valley","2008","2017","8.4","",
"30","Montana","30107","Wheatland","2005","2014","5.5","< 10 Tests",
"30","Montana","30107","Wheatland","2006","2015","5.5","< 10 Tests",
"30","Montana","30107","Wheatland","2007","2016","8.0","< 10 Tests",
"30","Montana","30107","Wheatland","2008","2017","12.8","< 10 Tests",
"30","Montana","30109","Wibaux","2005","2014","2.3","< 10 Tests",
"30","Montana","30109","Wibaux","2006","2015","6.3","< 10 Tests",
"30","Montana","30109","Wibaux","2007","2016","6.3","< 10 Tests",
"30","Montana","30109","Wibaux","2008","2017","6.3","< 10 Tests",
"30","Montana","30111","Yellowstone","2005","2014","4.4","",
"30","Montana","30111","Yellowstone","2006","2015","4.5","",
"30","Montana","30111","Yellowstone","2007","2016","4.6","",
"30","Montana","30111","Yellowstone","2008","2017","4.3","",
"31","Nebraska","31001","Adams","2005","2014","7.0","",
"31","Nebraska","31001","Adams","2006","2015","6.9","",
"31","Nebraska","31001","Adams","2007","2016","6.7","",
"31","Nebraska","31001","Adams","2008","2017","6.6","",
"31","Nebraska","31003","Antelope","2005","2014","7.7","",
"31","Nebraska","31003","Antelope","2006","2015","7.8","",
"31","Nebraska","31003","Antelope","2007","2016","7.8","",
"31","Nebraska","31003","Antelope","2008","2017","7.8","",
"31","Nebraska","31005","Arthur","2005","2014","1.7","< 10 Tests",
"31","Nebraska","31005","Arthur","2006","2015","1.7","< 10 Tests",
"31","Nebraska","31005","Arthur","2007","2016","1.6","< 10 Tests",
"31","Nebraska","31005","Arthur","2008","2017","1.6","< 10 Tests",
"31","Nebraska","31007","Banner","2005","2014","4.0","< 10 Tests",
"31","Nebraska","31007","Banner","2006","2015","3.3","< 10 Tests",
"31","Nebraska","31007","Banner","2007","2016","1.9","< 10 Tests",
"31","Nebraska","31007","Banner","2008","2017","2.3","< 10 Tests",
"31","Nebraska","31009","Blaine","2005","2014","0.9","< 10 Tests",
"31","Nebraska","31009","Blaine","2006","2015","0.9","< 10 Tests",
"31","Nebraska","31009","Blaine","2007","2016","0.9","< 10 Tests",
"31","Nebraska","31009","Blaine","2008","2017","0.8","< 10 Tests",
"31","Nebraska","31011","Boone","2005","2014","8.5","",
"31","Nebraska","31011","Boone","2006","2015","8.3","",
"31","Nebraska","31011","Boone","2007","2016","7.6","",
"31","Nebraska","31011","Boone","2008","2017","7.6","",
"31","Nebraska","31013","Box Butte","2005","2014","3.5","",
"31","Nebraska","31013","Box Butte","2006","2015","3.6","",
"31","Nebraska","31013","Box Butte","2007","2016","3.6","",
"31","Nebraska","31013","Box Butte","2008","2017","3.7","",
"31","Nebraska","31015","Boyd","2005","2014","6.3","",
"31","Nebraska","31015","Boyd","2006","2015","6.3","",
"31","Nebraska","31015","Boyd","2007","2016","5.7","",
"31","Nebraska","31015","Boyd","2008","2017","6.9","",
"31","Nebraska","31017","Brown","2005","2014","3.9","",
"31","Nebraska","31017","Brown","2006","2015","3.8","",
"31","Nebraska","31017","Brown","2007","2016","3.8","",
"31","Nebraska","31017","Brown","2008","2017","3.8","",
"31","Nebraska","31019","Buffalo","2005","2014","5.4","",
"31","Nebraska","31019","Buffalo","2006","2015","5.3","",
"31","Nebraska","31019","Buffalo","2007","2016","5.3","",
"31","Nebraska","31019","Buffalo","2008","2017","5.4","",
"31","Nebraska","31021","Burt","2005","2014","11.4","",
"31","Nebraska","31021","Burt","2006","2015","11.0","",
"31","Nebraska","31021","Burt","2007","2016","10.2","",
"31","Nebraska","31021","Burt","2008","2017","10.4","",
"31","Nebraska","31023","Butler","2005","2014","9.6","",
"31","Nebraska","31023","Butler","2006","2015","9.3","",
"31","Nebraska","31023","Butler","2007","2016","8.9","",
"31","Nebraska","31023","Butler","2008","2017","9.2","",
"31","Nebraska","31025","Cass","2005","2014","10.1","",
"31","Nebraska","31025","Cass","2006","2015","9.6","",
"31","Nebraska","31025","Cass","2007","2016","8.4","",
"31","Nebraska","31025","Cass","2008","2017","8.2","",
"31","Nebraska","31027","Cedar","2005","2014","12.7","",
"31","Nebraska","31027","Cedar","2006","2015","11.5","",
"31","Nebraska","31027","Cedar","2007","2016","11.9","",
"31","Nebraska","31027","Cedar","2008","2017","12.0","",
"31","Nebraska","31029","Chase","2005","2014","7.0","",
"31","Nebraska","31029","Chase","2006","2015","6.9","",
"31","Nebraska","31029","Chase","2007","2016","6.7","",
"31","Nebraska","31029","Chase","2008","2017","6.7","",
"31","Nebraska","31031","Cherry","2005","2014","2.2","",
"31","Nebraska","31031","Cherry","2006","2015","2.1","",
"31","Nebraska","31031","Cherry","2007","2016","2.4","",
"31","Nebraska","31031","Cherry","2008","2017","2.3","",
"31","Nebraska","31033","Cheyenne","2005","2014","4.5","",
"31","Nebraska","31033","Cheyenne","2006","2015","4.7","",
"31","Nebraska","31033","Cheyenne","2007","2016","4.8","",
"31","Nebraska","31033","Cheyenne","2008","2017","4.9","",
"31","Nebraska","31035","Clay","2005","2014","9.5","",
"31","Nebraska","31035","Clay","2006","2015","9.4","",
"31","Nebraska","31035","Clay","2007","2016","9.5","",
"31","Nebraska","31035","Clay","2008","2017","9.3","",
"31","Nebraska","31037","Colfax","2005","2014","8.2","",
"31","Nebraska","31037","Colfax","2006","2015","7.8","",
"31","Nebraska","31037","Colfax","2007","2016","7.2","",
"31","Nebraska","31037","Colfax","2008","2017","7.3","",
"31","Nebraska","31039","Cuming","2005","2014","7.6","",
"31","Nebraska","31039","Cuming","2006","2015","7.7","",
"31","Nebraska","31039","Cuming","2007","2016","7.5","",
"31","Nebraska","31039","Cuming","2008","2017","7.4","",
"31","Nebraska","31041","Custer","2005","2014","5.4","",
"31","Nebraska","31041","Custer","2006","2015","5.3","",
"31","Nebraska","31041","Custer","2007","2016","5.5","",
"31","Nebraska","31041","Custer","2008","2017","5.4","",
"31","Nebraska","31043","Dakota","2005","2014","8.0","",
"31","Nebraska","31043","Dakota","2006","2015","7.8","",
"31","Nebraska","31043","Dakota","2007","2016","7.6","",
"31","Nebraska","31043","Dakota","2008","2017","7.6","",
"31","Nebraska","31045","Dawes","2005","2014","6.5","",
"31","Nebraska","31045","Dawes","2006","2015","6.6","",
"31","Nebraska","31045","Dawes","2007","2016","6.7","",
"31","Nebraska","31045","Dawes","2008","2017","6.8","",
"31","Nebraska","31047","Dawson","2005","2014","4.2","",
"31","Nebraska","31047","Dawson","2006","2015","4.1","",
"31","Nebraska","31047","Dawson","2007","2016","4.3","",
"31","Nebraska","31047","Dawson","2008","2017","4.4","",
"31","Nebraska","31049","Deuel","2005","2014","4.6","",
"31","Nebraska","31049","Deuel","2006","2015","4.6","",
"31","Nebraska","31049","Deuel","2007","2016","4.5","",
"31","Nebraska","31049","Deuel","2008","2017","5.2","",
"31","Nebraska","31051","Dixon","2005","2014","10.7","",
"31","Nebraska","31051","Dixon","2006","2015","10.1","",
"31","Nebraska","31051","Dixon","2007","2016","9.7","",
"31","Nebraska","31051","Dixon","2008","2017","10.1","",
"31","Nebraska","31053","Dodge","2005","2014","7.2","",
"31","Nebraska","31053","Dodge","2006","2015","7.0","",
"31","Nebraska","31053","Dodge","2007","2016","6.7","",
"31","Nebraska","31053","Dodge","2008","2017","6.7","",
"31","Nebraska","31055","Douglas","2005","2014","5.5","",
"31","Nebraska","31055","Douglas","2006","2015","5.4","",
"31","Nebraska","31055","Douglas","2007","2016","5.3","",
"31","Nebraska","31055","Douglas","2008","2017","5.2","",
"31","Nebraska","31057","Dundy","2005","2014","3.7","",
"31","Nebraska","31057","Dundy","2006","2015","3.7","",
"31","Nebraska","31057","Dundy","2007","2016","3.9","",
"31","Nebraska","31057","Dundy","2008","2017","4.3","",
"31","Nebraska","31059","Fillmore","2005","2014","9.3","",
"31","Nebraska","31059","Fillmore","2006","2015","8.6","",
"31","Nebraska","31059","Fillmore","2007","2016","8.6","",
"31","Nebraska","31059","Fillmore","2008","2017","8.5","",
"31","Nebraska","31061","Franklin","2005","2014","7.3","",
"31","Nebraska","31061","Franklin","2006","2015","7.7","",
"31","Nebraska","31061","Franklin","2007","2016","7.9","",
"31","Nebraska","31061","Franklin","2008","2017","7.6","",
"31","Nebraska","31063","Frontier","2005","2014","5.4","",
"31","Nebraska","31063","Frontier","2006","2015","5.0","",
"31","Nebraska","31063","Frontier","2007","2016","5.2","",
"31","Nebraska","31063","Frontier","2008","2017","5.2","",
"31","Nebraska","31065","Furnas","2005","2014","6.3","",
"31","Nebraska","31065","Furnas","2006","2015","6.3","",
"31","Nebraska","31065","Furnas","2007","2016","6.2","",
"31","Nebraska","31065","Furnas","2008","2017","5.9","",
"31","Nebraska","31067","Gage","2005","2014","9.4","",
"31","Nebraska","31067","Gage","2006","2015","9.3","",
"31","Nebraska","31067","Gage","2007","2016","8.7","",
"31","Nebraska","31067","Gage","2008","2017","8.6","",
"31","Nebraska","31069","Garden","2005","2014","3.2","",
"31","Nebraska","31069","Garden","2006","2015","3.5","",
"31","Nebraska","31069","Garden","2007","2016","3.7","",
"31","Nebraska","31069","Garden","2008","2017","3.7","",
"31","Nebraska","31071","Garfield","2005","2014","3.3","",
"31","Nebraska","31071","Garfield","2006","2015","3.0","",
"31","Nebraska","31071","Garfield","2007","2016","3.0","",
"31","Nebraska","31071","Garfield","2008","2017","3.0","",
"31","Nebraska","31073","Gosper","2005","2014","7.5","",
"31","Nebraska","31073","Gosper","2006","2015","7.7","",
"31","Nebraska","31073","Gosper","2007","2016","6.7","",
"31","Nebraska","31073","Gosper","2008","2017","6.6","",
"31","Nebraska","31075","Grant","2005","2014","0.6","< 10 Tests",
"31","Nebraska","31075","Grant","2006","2015","0.5","< 10 Tests",
"31","Nebraska","31075","Grant","2007","2016","0.6","< 10 Tests",
"31","Nebraska","31075","Grant","2008","2017","0.6","< 10 Tests",
"31","Nebraska","31077","Greeley","2005","2014","6.6","",
"31","Nebraska","31077","Greeley","2006","2015","6.6","",
"31","Nebraska","31077","Greeley","2007","2016","6.7","",
"31","Nebraska","31077","Greeley","2008","2017","6.8","",
"31","Nebraska","31079","Hall","2005","2014","3.8","",
"31","Nebraska","31079","Hall","2006","2015","3.8","",
"31","Nebraska","31079","Hall","2007","2016","3.8","",
"31","Nebraska","31079","Hall","2008","2017","3.8","",
"31","Nebraska","31081","Hamilton","2005","2014","7.9","",
"31","Nebraska","31081","Hamilton","2006","2015","7.6","",
"31","Nebraska","31081","Hamilton","2007","2016","7.4","",
"31","Nebraska","31081","Hamilton","2008","2017","7.5","",
"31","Nebraska","31083","Harlan","2005","2014","6.6","",
"31","Nebraska","31083","Harlan","2006","2015","7.1","",
"31","Nebraska","31083","Harlan","2007","2016","7.3","",
"31","Nebraska","31083","Harlan","2008","2017","7.3","",
"31","Nebraska","31085","Hayes","2005","2014","3.5","< 10 Tests",
"31","Nebraska","31085","Hayes","2006","2015","4.7","< 10 Tests",
"31","Nebraska","31085","Hayes","2007","2016","4.5","< 10 Tests",
"31","Nebraska","31085","Hayes","2008","2017","4.5","",
"31","Nebraska","31087","Hitchcock","2005","2014","4.3","",
"31","Nebraska","31087","Hitchcock","2006","2015","4.3","",
"31","Nebraska","31087","Hitchcock","2007","2016","4.2","",
"31","Nebraska","31087","Hitchcock","2008","2017","4.4","",
"31","Nebraska","31089","Holt","2005","2014","4.3","",
"31","Nebraska","31089","Holt","2006","2015","4.2","",
"31","Nebraska","31089","Holt","2007","2016","4.1","",
"31","Nebraska","31089","Holt","2008","2017","4.1","",
"31","Nebraska","31091","Hooker","2005","2014","0.5","< 10 Tests",
"31","Nebraska","31091","Hooker","2006","2015","0.5","< 10 Tests",
"31","Nebraska","31091","Hooker","2007","2016","0.5","< 10 Tests",
"31","Nebraska","31091","Hooker","2008","2017","0.7","< 10 Tests",
"31","Nebraska","31093","Howard","2005","2014","4.5","",
"31","Nebraska","31093","Howard","2006","2015","4.2","",
"31","Nebraska","31093","Howard","2007","2016","4.2","",
"31","Nebraska","31093","Howard","2008","2017","4.1","",
"31","Nebraska","31095","Jefferson","2005","2014","9.4","",
"31","Nebraska","31095","Jefferson","2006","2015","9.1","",
"31","Nebraska","31095","Jefferson","2007","2016","8.8","",
"31","Nebraska","31095","Jefferson","2008","2017","9.0","",
"31","Nebraska","31097","Johnson","2005","2014","10.2","",
"31","Nebraska","31097","Johnson","2006","2015","8.9","",
"31","Nebraska","31097","Johnson","2007","2016","7.2","",
"31","Nebraska","31097","Johnson","2008","2017","7.3","",
"31","Nebraska","31099","Kearney","2005","2014","6.1","",
"31","Nebraska","31099","Kearney","2006","2015","5.8","",
"31","Nebraska","31099","Kearney","2007","2016","5.7","",
"31","Nebraska","31099","Kearney","2008","2017","6.0","",
"31","Nebraska","31101","Keith","2005","2014","4.2","",
"31","Nebraska","31101","Keith","2006","2015","4.6","",
"31","Nebraska","31101","Keith","2007","2016","4.6","",
"31","Nebraska","31101","Keith","2008","2017","4.7","",
"31","Nebraska","31103","Keya Paha","2005","2014","2.9","",
"31","Nebraska","31103","Keya Paha","2006","2015","2.9","",
"31","Nebraska","31103","Keya Paha","2007","2016","3.1","",
"31","Nebraska","31103","Keya Paha","2008","2017","3.1","",
"31","Nebraska","31105","Kimball","2005","2014","4.8","",
"31","Nebraska","31105","Kimball","2006","2015","4.6","",
"31","Nebraska","31105","Kimball","2007","2016","4.6","",
"31","Nebraska","31105","Kimball","2008","2017","4.4","",
"31","Nebraska","31107","Knox","2005","2014","8.8","",
"31","Nebraska","31107","Knox","2006","2015","8.7","",
"31","Nebraska","31107","Knox","2007","2016","8.5","",
"31","Nebraska","31107","Knox","2008","2017","8.3","",
"31","Nebraska","31109","Lancaster","2005","2014","6.5","",
"31","Nebraska","31109","Lancaster","2006","2015","6.4","",
"31","Nebraska","31109","Lancaster","2007","2016","6.1","",
"31","Nebraska","31109","Lancaster","2008","2017","6.1","",
"31","Nebraska","31111","Lincoln","2005","2014","3.4","",
"31","Nebraska","31111","Lincoln","2006","2015","3.4","",
"31","Nebraska","31111","Lincoln","2007","2016","3.2","",
"31","Nebraska","31111","Lincoln","2008","2017","3.2","",
"31","Nebraska","31113","Logan","2005","2014","2.0","< 10 Tests",
"31","Nebraska","31113","Logan","2006","2015","2.7","< 10 Tests",
"31","Nebraska","31113","Logan","2007","2016","2.5","< 10 Tests",
"31","Nebraska","31113","Logan","2008","2017","2.5","< 10 Tests",
"31","Nebraska","31115","Loup","2005","2014","1.0","",
"31","Nebraska","31115","Loup","2006","2015","1.0","",
"31","Nebraska","31115","Loup","2007","2016","1.0","",
"31","Nebraska","31115","Loup","2008","2017","1.3","",
"31","Nebraska","31119","Madison","2005","2014","7.8","",
"31","Nebraska","31119","Madison","2006","2015","7.9","",
"31","Nebraska","31119","Madison","2007","2016","7.8","",
"31","Nebraska","31119","Madison","2008","2017","7.8","",
"31","Nebraska","31117","McPherson","2005","2014","1.3","< 10 Tests",
"31","Nebraska","31117","McPherson","2006","2015","1.3","< 10 Tests",
"31","Nebraska","31117","McPherson","2007","2016","1.4","< 10 Tests",
"31","Nebraska","31117","McPherson","2008","2017","1.5","",
"31","Nebraska","31121","Merrick","2005","2014","3.0","",
"31","Nebraska","31121","Merrick","2006","2015","3.0","",
"31","Nebraska","31121","Merrick","2007","2016","3.0","",
"31","Nebraska","31121","Merrick","2008","2017","3.0","",
"31","Nebraska","31123","Morrill","2005","2014","3.5","",
"31","Nebraska","31123","Morrill","2006","2015","3.7","",
"31","Nebraska","31123","Morrill","2007","2016","4.0","",
"31","Nebraska","31123","Morrill","2008","2017","4.3","",
"31","Nebraska","31125","Nance","2005","2014","8.5","",
"31","Nebraska","31125","Nance","2006","2015","7.3","",
"31","Nebraska","31125","Nance","2007","2016","7.2","",
"31","Nebraska","31125","Nance","2008","2017","6.9","",
"31","Nebraska","31127","Nemaha","2005","2014","13.1","",
"31","Nebraska","31127","Nemaha","2006","2015","12.7","",
"31","Nebraska","31127","Nemaha","2007","2016","12.8","",
"31","Nebraska","31127","Nemaha","2008","2017","12.4","",
"31","Nebraska","31129","Nuckolls","2005","2014","9.9","",
"31","Nebraska","31129","Nuckolls","2006","2015","9.6","",
"31","Nebraska","31129","Nuckolls","2007","2016","9.2","",
"31","Nebraska","31129","Nuckolls","2008","2017","9.1","",
"31","Nebraska","31131","Otoe","2005","2014","8.5","",
"31","Nebraska","31131","Otoe","2006","2015","8.7","",
"31","Nebraska","31131","Otoe","2007","2016","8.1","",
"31","Nebraska","31131","Otoe","2008","2017","8.4","",
"31","Nebraska","31133","Pawnee","2005","2014","7.0","",
"31","Nebraska","31133","Pawnee","2006","2015","6.8","",
"31","Nebraska","31133","Pawnee","2007","2016","6.6","",
"31","Nebraska","31133","Pawnee","2008","2017","6.4","",
"31","Nebraska","31135","Perkins","2005","2014","4.6","",
"31","Nebraska","31135","Perkins","2006","2015","4.9","",
"31","Nebraska","31135","Perkins","2007","2016","4.6","",
"31","Nebraska","31135","Perkins","2008","2017","4.9","",
"31","Nebraska","31137","Phelps","2005","2014","5.9","",
"31","Nebraska","31137","Phelps","2006","2015","6.1","",
"31","Nebraska","31137","Phelps","2007","2016","6.0","",
"31","Nebraska","31137","Phelps","2008","2017","5.9","",
"31","Nebraska","31139","Pierce","2005","2014","6.5","",
"31","Nebraska","31139","Pierce","2006","2015","6.5","",
"31","Nebraska","31139","Pierce","2007","2016","6.5","",
"31","Nebraska","31139","Pierce","2008","2017","6.5","",
"31","Nebraska","31141","Platte","2005","2014","5.6","",
"31","Nebraska","31141","Platte","2006","2015","5.6","",
"31","Nebraska","31141","Platte","2007","2016","5.6","",
"31","Nebraska","31141","Platte","2008","2017","5.7","",
"31","Nebraska","31143","Polk","2005","2014","8.7","",
"31","Nebraska","31143","Polk","2006","2015","8.4","",
"31","Nebraska","31143","Polk","2007","2016","8.5","",
"31","Nebraska","31143","Polk","2008","2017","8.2","",
"31","Nebraska","31145","Red Willow","2005","2014","5.1","",
"31","Nebraska","31145","Red Willow","2006","2015","5.1","",
"31","Nebraska","31145","Red Willow","2007","2016","5.0","",
"31","Nebraska","31145","Red Willow","2008","2017","5.1","",
"31","Nebraska","31147","Richardson","2005","2014","9.9","",
"31","Nebraska","31147","Richardson","2006","2015","10.0","",
"31","Nebraska","31147","Richardson","2007","2016","9.6","",
"31","Nebraska","31147","Richardson","2008","2017","9.3","",
"31","Nebraska","31149","Rock","2005","2014","1.7","",
"31","Nebraska","31149","Rock","2006","2015","1.7","",
"31","Nebraska","31149","Rock","2007","2016","1.8","",
"31","Nebraska","31149","Rock","2008","2017","1.7","",
"31","Nebraska","31151","Saline","2005","2014","7.8","",
"31","Nebraska","31151","Saline","2006","2015","7.6","",
"31","Nebraska","31151","Saline","2007","2016","7.3","",
"31","Nebraska","31151","Saline","2008","2017","7.8","",
"31","Nebraska","31153","Sarpy","2005","2014","5.8","",
"31","Nebraska","31153","Sarpy","2006","2015","5.8","",
"31","Nebraska","31153","Sarpy","2007","2016","5.6","",
"31","Nebraska","31153","Sarpy","2008","2017","5.6","",
"31","Nebraska","31155","Saunders","2005","2014","8.6","",
"31","Nebraska","31155","Saunders","2006","2015","8.7","",
"31","Nebraska","31155","Saunders","2007","2016","8.7","",
"31","Nebraska","31155","Saunders","2008","2017","8.6","",
"31","Nebraska","31157","Scotts Bluff","2005","2014","5.1","",
"31","Nebraska","31157","Scotts Bluff","2006","2015","5.1","",
"31","Nebraska","31157","Scotts Bluff","2007","2016","5.2","",
"31","Nebraska","31157","Scotts Bluff","2008","2017","5.3","",
"31","Nebraska","31159","Seward","2005","2014","9.2","",
"31","Nebraska","31159","Seward","2006","2015","8.9","",
"31","Nebraska","31159","Seward","2007","2016","8.8","",
"31","Nebraska","31159","Seward","2008","2017","9.0","",
"31","Nebraska","31161","Sheridan","2005","2014","3.9","",
"31","Nebraska","31161","Sheridan","2006","2015","3.8","",
"31","Nebraska","31161","Sheridan","2007","2016","3.7","",
"31","Nebraska","31161","Sheridan","2008","2017","3.6","",
"31","Nebraska","31163","Sherman","2005","2014","4.9","",
"31","Nebraska","31163","Sherman","2006","2015","4.8","",
"31","Nebraska","31163","Sherman","2007","2016","4.8","",
"31","Nebraska","31163","Sherman","2008","2017","4.9","",
"31","Nebraska","31165","Sioux","2005","2014","4.3","",
"31","Nebraska","31165","Sioux","2006","2015","4.5","",
"31","Nebraska","31165","Sioux","2007","2016","4.7","",
"31","Nebraska","31165","Sioux","2008","2017","4.0","",
"31","Nebraska","31167","Stanton","2005","2014","7.4","",
"31","Nebraska","31167","Stanton","2006","2015","7.3","",
"31","Nebraska","31167","Stanton","2007","2016","7.3","",
"31","Nebraska","31167","Stanton","2008","2017","7.1","",
"31","Nebraska","31169","Thayer","2005","2014","8.2","",
"31","Nebraska","31169","Thayer","2006","2015","8.0","",
"31","Nebraska","31169","Thayer","2007","2016","8.2","",
"31","Nebraska","31169","Thayer","2008","2017","8.3","",
"31","Nebraska","31171","Thomas","2005","2014","1.0","< 10 Tests",
"31","Nebraska","31171","Thomas","2006","2015","0.8","< 10 Tests",
"31","Nebraska","31171","Thomas","2007","2016","1.4","",
"31","Nebraska","31171","Thomas","2008","2017","1.4","< 10 Tests",
"31","Nebraska","31173","Thurston","2005","2014","8.7","",
"31","Nebraska","31173","Thurston","2006","2015","8.8","",
"31","Nebraska","31173","Thurston","2007","2016","9.2","",
"31","Nebraska","31173","Thurston","2008","2017","9.0","",
"31","Nebraska","31175","Valley","2005","2014","6.0","",
"31","Nebraska","31175","Valley","2006","2015","5.8","",
"31","Nebraska","31175","Valley","2007","2016","5.8","",
"31","Nebraska","31175","Valley","2008","2017","5.8","",
"31","Nebraska","31177","Washington","2005","2014","7.6","",
"31","Nebraska","31177","Washington","2006","2015","7.6","",
"31","Nebraska","31177","Washington","2007","2016","7.3","",
"31","Nebraska","31177","Washington","2008","2017","7.5","",
"31","Nebraska","31179","Wayne","2005","2014","8.9","",
"31","Nebraska","31179","Wayne","2006","2015","9.3","",
"31","Nebraska","31179","Wayne","2007","2016","9.6","",
"31","Nebraska","31179","Wayne","2008","2017","9.8","",
"31","Nebraska","31181","Webster","2005","2014","9.1","",
"31","Nebraska","31181","Webster","2006","2015","9.0","",
"31","Nebraska","31181","Webster","2007","2016","9.1","",
"31","Nebraska","31181","Webster","2008","2017","9.3","",
"31","Nebraska","31183","Wheeler","2005","2014","2.3","< 10 Tests",
"31","Nebraska","31183","Wheeler","2006","2015","2.1","< 10 Tests",
"31","Nebraska","31183","Wheeler","2007","2016","2.1","< 10 Tests",
"31","Nebraska","31183","Wheeler","2008","2017","2.1","< 10 Tests",
"31","Nebraska","31185","York","2005","2014","9.0","",
"31","Nebraska","31185","York","2006","2015","8.8","",
"31","Nebraska","31185","York","2007","2016","9.0","",
"31","Nebraska","31185","York","2008","2017","9.0","",
"32","Nevada","32510","Carson City","2005","2014","4.7","",
"32","Nevada","32510","Carson City","2006","2015","4.7","",
"32","Nevada","32510","Carson City","2007","2016","4.8","",
"32","Nevada","32510","Carson City","2008","2017","4.8","",
"32","Nevada","32001","Churchill","2005","2014","2.4","",
"32","Nevada","32001","Churchill","2006","2015","2.4","",
"32","Nevada","32001","Churchill","2007","2016","2.5","",
"32","Nevada","32001","Churchill","2008","2017","2.5","",
"32","Nevada","32003","Clark","2005","2014","1.6","",
"32","Nevada","32003","Clark","2006","2015","1.6","",
"32","Nevada","32003","Clark","2007","2016","1.6","",
"32","Nevada","32003","Clark","2008","2017","1.6","",
"32","Nevada","32005","Douglas","2005","2014","4.5","",
"32","Nevada","32005","Douglas","2006","2015","4.5","",
"32","Nevada","32005","Douglas","2007","2016","4.5","",
"32","Nevada","32005","Douglas","2008","2017","4.5","",
"32","Nevada","32007","Elko","2005","2014","4.3","",
"32","Nevada","32007","Elko","2006","2015","4.4","",
"32","Nevada","32007","Elko","2007","2016","4.4","",
"32","Nevada","32007","Elko","2008","2017","4.5","",
"32","Nevada","32009","Esmeralda","2005","2014","No Events","",
"32","Nevada","32009","Esmeralda","2006","2015","No Events","",
"32","Nevada","32009","Esmeralda","2007","2016","No Events","",
"32","Nevada","32009","Esmeralda","2008","2017","No Events","",
"32","Nevada","32011","Eureka","2005","2014","0.3","< 10 Tests",
"32","Nevada","32011","Eureka","2006","2015","0.3","< 10 Tests",
"32","Nevada","32011","Eureka","2007","2016","0.3","< 10 Tests",
"32","Nevada","32011","Eureka","2008","2017","0.3","< 10 Tests",
"32","Nevada","32013","Humboldt","2005","2014","3.8","",
"32","Nevada","32013","Humboldt","2006","2015","3.7","",
"32","Nevada","32013","Humboldt","2007","2016","4.2","",
"32","Nevada","32013","Humboldt","2008","2017","4.4","",
"32","Nevada","32015","Lander","2005","2014","3.5","",
"32","Nevada","32015","Lander","2006","2015","3.3","",
"32","Nevada","32015","Lander","2007","2016","3.1","",
"32","Nevada","32015","Lander","2008","2017","3.1","",
"32","Nevada","32017","Lincoln","2005","2014","2.5","",
"32","Nevada","32017","Lincoln","2006","2015","2.5","",
"32","Nevada","32017","Lincoln","2007","2016","2.7","",
"32","Nevada","32017","Lincoln","2008","2017","3.2","",
"32","Nevada","32019","Lyon","2005","2014","3.9","",
"32","Nevada","32019","Lyon","2006","2015","4.0","",
"32","Nevada","32019","Lyon","2007","2016","4.0","",
"32","Nevada","32019","Lyon","2008","2017","4.2","",
"32","Nevada","32021","Mineral","2005","2014","6.5","< 10 Tests",
"32","Nevada","32021","Mineral","2006","2015","6.3","< 10 Tests",
"32","Nevada","32021","Mineral","2007","2016","6.3","< 10 Tests",
"32","Nevada","32021","Mineral","2008","2017","3.4","< 10 Tests",
"32","Nevada","32023","Nye","2005","2014","1.8","",
"32","Nevada","32023","Nye","2006","2015","1.9","",
"32","Nevada","32023","Nye","2007","2016","1.8","",
"32","Nevada","32023","Nye","2008","2017","1.8","",
"32","Nevada","32027","Pershing","2005","2014","5.7","",
"32","Nevada","32027","Pershing","2006","2015","5.5","",
"32","Nevada","32027","Pershing","2007","2016","6.6","",
"32","Nevada","32027","Pershing","2008","2017","6.6","",
"32","Nevada","32029","Storey","2005","2014","1.8","",
"32","Nevada","32029","Storey","2006","2015","1.8","",
"32","Nevada","32029","Storey","2007","2016","2.7","",
"32","Nevada","32029","Storey","2008","2017","2.7","",
"32","Nevada","32031","Washoe","2005","2014","3.2","",
"32","Nevada","32031","Washoe","2006","2015","3.4","",
"32","Nevada","32031","Washoe","2007","2016","3.3","",
"32","Nevada","32031","Washoe","2008","2017","3.3","",
"32","Nevada","32033","White Pine","2005","2014","4.4","",
"32","Nevada","32033","White Pine","2006","2015","4.4","",
"32","Nevada","32033","White Pine","2007","2016","4.4","",
"32","Nevada","32033","White Pine","2008","2017","4.4","",
"33","New Hampshire","33001","Belknap","2005","2014","4.9","",
"33","New Hampshire","33001","Belknap","2006","2015","4.8","",
"33","New Hampshire","33001","Belknap","2007","2016","5.4","",
"33","New Hampshire","33001","Belknap","2008","2017","5.9","",
"33","New Hampshire","33003","Carroll","2005","2014","8.5","",
"33","New Hampshire","33003","Carroll","2006","2015","8.6","",
"33","New Hampshire","33003","Carroll","2007","2016","8.8","",
"33","New Hampshire","33003","Carroll","2008","2017","8.2","",
"33","New Hampshire","33005","Cheshire","2005","2014","2.4","",
"33","New Hampshire","33005","Cheshire","2006","2015","2.7","",
"33","New Hampshire","33005","Cheshire","2007","2016","2.9","",
"33","New Hampshire","33005","Cheshire","2008","2017","3.2","",
"33","New Hampshire","33007","Coos","2005","2014","6.5","",
"33","New Hampshire","33007","Coos","2006","2015","6.6","",
"33","New Hampshire","33007","Coos","2007","2016","5.0","",
"33","New Hampshire","33007","Coos","2008","2017","5.1","",
"33","New Hampshire","33009","Grafton","2005","2014","3.6","",
"33","New Hampshire","33009","Grafton","2006","2015","3.6","",
"33","New Hampshire","33009","Grafton","2007","2016","3.5","",
"33","New Hampshire","33009","Grafton","2008","2017","3.7","",
"33","New Hampshire","33011","Hillsborough","2005","2014","5.1","",
"33","New Hampshire","33011","Hillsborough","2006","2015","5.1","",
"33","New Hampshire","33011","Hillsborough","2007","2016","5.3","",
"33","New Hampshire","33011","Hillsborough","2008","2017","5.3","",
"33","New Hampshire","33013","Merrimack","2005","2014","4.5","",
"33","New Hampshire","33013","Merrimack","2006","2015","4.6","",
"33","New Hampshire","33013","Merrimack","2007","2016","5.0","",
"33","New Hampshire","33013","Merrimack","2008","2017","4.9","",
"33","New Hampshire","33015","Rockingham","2005","2014","5.6","",
"33","New Hampshire","33015","Rockingham","2006","2015","5.8","",
"33","New Hampshire","33015","Rockingham","2007","2016","6.1","",
"33","New Hampshire","33015","Rockingham","2008","2017","6.6","",
"33","New Hampshire","33017","Strafford","2005","2014","5.6","",
"33","New Hampshire","33017","Strafford","2006","2015","5.8","",
"33","New Hampshire","33017","Strafford","2007","2016","5.9","",
"33","New Hampshire","33017","Strafford","2008","2017","6.1","",
"33","New Hampshire","33019","Sullivan","2005","2014","2.1","",
"33","New Hampshire","33019","Sullivan","2006","2015","2.2","",
"33","New Hampshire","33019","Sullivan","2007","2016","3.3","",
"33","New Hampshire","33019","Sullivan","2008","2017","3.2","",
"35","New Mexico","35001","Bernalillo","2005","2014","3.5","",
"35","New Mexico","35001","Bernalillo","2006","2015","3.4","",
"35","New Mexico","35001","Bernalillo","2007","2016","3.3","",
"35","New Mexico","35001","Bernalillo","2008","2017","3.4","",
"35","New Mexico","35003","Catron","2005","2014","2.4","< 10 Tests",
"35","New Mexico","35003","Catron","2006","2015","3.9","< 10 Tests",
"35","New Mexico","35003","Catron","2007","2016","3.9","< 10 Tests",
"35","New Mexico","35003","Catron","2008","2017","3.9","< 10 Tests",
"35","New Mexico","35005","Chaves","2005","2014","5.0","",
"35","New Mexico","35005","Chaves","2006","2015","7.2","",
"35","New Mexico","35005","Chaves","2007","2016","6.9","",
"35","New Mexico","35005","Chaves","2008","2017","5.4","< 10 Tests",
"35","New Mexico","35006","Cibola","2005","2014","4.9","",
"35","New Mexico","35006","Cibola","2006","2015","5.3","",
"35","New Mexico","35006","Cibola","2007","2016","5.9","",
"35","New Mexico","35006","Cibola","2008","2017","5.7","",
"35","New Mexico","35007","Colfax","2005","2014","8.8","",
"35","New Mexico","35007","Colfax","2006","2015","8.3","",
"35","New Mexico","35007","Colfax","2007","2016","7.6","",
"35","New Mexico","35007","Colfax","2008","2017","6.1","",
"35","New Mexico","35009","Curry","2005","2014","9.0","",
"35","New Mexico","35009","Curry","2006","2015","9.0","",
"35","New Mexico","35009","Curry","2007","2016","16.7","< 10 Tests",
"35","New Mexico","35009","Curry","2008","2017","1.3","",
"35","New Mexico","35011","De Baca","2005","2014","No Events","",
"35","New Mexico","35011","De Baca","2006","2015","No Events","",
"35","New Mexico","35011","De Baca","2007","2016","No Events","",
"35","New Mexico","35011","De Baca","2008","2017","No Events","",
"35","New Mexico","35013","Doña Ana","2005","2014","3.1","",
"35","New Mexico","35013","Doña Ana","2006","2015","2.7","",
"35","New Mexico","35013","Doña Ana","2007","2016","2.2","",
"35","New Mexico","35013","Doña Ana","2008","2017","1.9","",
"35","New Mexico","35015","Eddy","2005","2014","1.1","",
"35","New Mexico","35015","Eddy","2006","2015","1.4","",
"35","New Mexico","35015","Eddy","2007","2016","1.5","",
"35","New Mexico","35015","Eddy","2008","2017","1.5","",
"35","New Mexico","35017","Grant","2005","2014","3.2","",
"35","New Mexico","35017","Grant","2006","2015","3.4","",
"35","New Mexico","35017","Grant","2007","2016","3.7","",
"35","New Mexico","35017","Grant","2008","2017","3.8","",
"35","New Mexico","35019","Guadalupe","2005","2014","No Events","",
"35","New Mexico","35019","Guadalupe","2006","2015","No Events","",
"35","New Mexico","35019","Guadalupe","2007","2016","No Events","",
"35","New Mexico","35019","Guadalupe","2008","2017","No Events","",
"35","New Mexico","35021","Harding","2005","2014","3.3","< 10 Tests",
"35","New Mexico","35021","Harding","2006","2015","3.3","< 10 Tests",
"35","New Mexico","35021","Harding","2007","2016","No Events","",
"35","New Mexico","35021","Harding","2008","2017","No Events","",
"35","New Mexico","35023","Hidalgo","2005","2014","No Events","",
"35","New Mexico","35023","Hidalgo","2006","2015","No Events","",
"35","New Mexico","35023","Hidalgo","2007","2016","No Events","",
"35","New Mexico","35023","Hidalgo","2008","2017","No Events","",
"35","New Mexico","35025","Lea","2005","2014","2.2","",
"35","New Mexico","35025","Lea","2006","2015","2.3","",
"35","New Mexico","35025","Lea","2007","2016","2.5","",
"35","New Mexico","35025","Lea","2008","2017","2.4","",
"35","New Mexico","35027","Lincoln","2005","2014","2.5","",
"35","New Mexico","35027","Lincoln","2006","2015","2.6","",
"35","New Mexico","35027","Lincoln","2007","2016","3.2","",
"35","New Mexico","35027","Lincoln","2008","2017","3.0","",
"35","New Mexico","35028","Los Alamos","2005","2014","4.5","",
"35","New Mexico","35028","Los Alamos","2006","2015","5.6","",
"35","New Mexico","35028","Los Alamos","2007","2016","5.7","",
"35","New Mexico","35028","Los Alamos","2008","2017","6.1","",
"35","New Mexico","35029","Luna","2005","2014","2.9","",
"35","New Mexico","35029","Luna","2006","2015","3.1","",
"35","New Mexico","35029","Luna","2007","2016","3.3","",
"35","New Mexico","35029","Luna","2008","2017","3.6","< 10 Tests",
"35","New Mexico","35031","McKinley","2005","2014","5.3","",
"35","New Mexico","35031","McKinley","2006","2015","4.2","",
"35","New Mexico","35031","McKinley","2007","2016","3.6","",
"35","New Mexico","35031","McKinley","2008","2017","3.3","",
"35","New Mexico","35033","Mora","2005","2014","4.0","< 10 Tests",
"35","New Mexico","35033","Mora","2006","2015","4.7","< 10 Tests",
"35","New Mexico","35033","Mora","2007","2016","5.2","< 10 Tests",
"35","New Mexico","35033","Mora","2008","2017","5.2","< 10 Tests",
"35","New Mexico","35035","Otero","2005","2014","1.9","",
"35","New Mexico","35035","Otero","2006","2015","1.9","",
"35","New Mexico","35035","Otero","2007","2016","2.8","",
"35","New Mexico","35035","Otero","2008","2017","2.7","",
"35","New Mexico","35037","Quay","2005","2014","3.3","< 10 Tests",
"35","New Mexico","35037","Quay","2006","2015","4.3","< 10 Tests",
"35","New Mexico","35037","Quay","2007","2016","5.3","< 10 Tests",
"35","New Mexico","35037","Quay","2008","2017","5.3","< 10 Tests",
"35","New Mexico","35039","Rio Arriba","2005","2014","4.0","",
"35","New Mexico","35039","Rio Arriba","2006","2015","3.6","",
"35","New Mexico","35039","Rio Arriba","2007","2016","4.3","",
"35","New Mexico","35039","Rio Arriba","2008","2017","5.2","",
"35","New Mexico","35041","Roosevelt","2005","2014","4.5","< 10 Tests",
"35","New Mexico","35041","Roosevelt","2006","2015","5.0","< 10 Tests",
"35","New Mexico","35041","Roosevelt","2007","2016","8.0","< 10 Tests",
"35","New Mexico","35041","Roosevelt","2008","2017","8.0","< 10 Tests",
"35","New Mexico","35045","San Juan","2005","2014","4.6","",
"35","New Mexico","35045","San Juan","2006","2015","4.3","",
"35","New Mexico","35045","San Juan","2007","2016","4.4","",
"35","New Mexico","35045","San Juan","2008","2017","4.6","",
"35","New Mexico","35047","San Miguel","2005","2014","5.2","",
"35","New Mexico","35047","San Miguel","2006","2015","5.3","",
"35","New Mexico","35047","San Miguel","2007","2016","6.4","",
"35","New Mexico","35047","San Miguel","2008","2017","6.1","",
"35","New Mexico","35043","Sandoval","2005","2014","3.1","",
"35","New Mexico","35043","Sandoval","2006","2015","3.1","",
"35","New Mexico","35043","Sandoval","2007","2016","2.9","",
"35","New Mexico","35043","Sandoval","2008","2017","3.3","",
"35","New Mexico","35049","Santa Fe","2005","2014","3.9","",
"35","New Mexico","35049","Santa Fe","2006","2015","4.1","",
"35","New Mexico","35049","Santa Fe","2007","2016","4.1","",
"35","New Mexico","35049","Santa Fe","2008","2017","3.9","",
"35","New Mexico","35051","Sierra","2005","2014","1.7","< 10 Tests",
"35","New Mexico","35051","Sierra","2006","2015","1.7","< 10 Tests",
"35","New Mexico","35051","Sierra","2007","2016","2.2","< 10 Tests",
"35","New Mexico","35051","Sierra","2008","2017","2.2","< 10 Tests",
"35","New Mexico","35053","Socorro","2005","2014","1.0","< 10 Tests",
"35","New Mexico","35053","Socorro","2006","2015","1.0","< 10 Tests",
"35","New Mexico","35053","Socorro","2007","2016","0.8","< 10 Tests",
"35","New Mexico","35053","Socorro","2008","2017","0.8","< 10 Tests",
"35","New Mexico","35055","Taos","2005","2014","9.0","",
"35","New Mexico","35055","Taos","2006","2015","8.9","",
"35","New Mexico","35055","Taos","2007","2016","9.5","",
"35","New Mexico","35055","Taos","2008","2017","9.5","",
"35","New Mexico","35057","Torrance","2005","2014","1.8","",
"35","New Mexico","35057","Torrance","2006","2015","2.3","",
"35","New Mexico","35057","Torrance","2007","2016","2.5","< 10 Tests",
"35","New Mexico","35057","Torrance","2008","2017","3.0","< 10 Tests",
"35","New Mexico","35059","Union","2005","2014","2.3","< 10 Tests",
"35","New Mexico","35059","Union","2006","2015","4.1","< 10 Tests",
"35","New Mexico","35059","Union","2007","2016","4.1","< 10 Tests",
"35","New Mexico","35059","Union","2008","2017","5.5","< 10 Tests",
"35","New Mexico","35061","Valencia","2005","2014","2.1","",
"35","New Mexico","35061","Valencia","2006","2015","2.2","",
"35","New Mexico","35061","Valencia","2007","2016","2.4","",
"35","New Mexico","35061","Valencia","2008","2017","2.5","",
"36","New York","36001","Albany","2005","2014","2.8","",
"36","New York","36001","Albany","2006","2015","2.7","",
"36","New York","36001","Albany","2007","2016","2.7","",
"36","New York","36001","Albany","2008","2017","2.6","",
"36","New York","36003","Allegany","2005","2014","6.0","",
"36","New York","36003","Allegany","2006","2015","5.9","",
"36","New York","36003","Allegany","2007","2016","5.6","",
"36","New York","36003","Allegany","2008","2017","5.8","",
"36","New York","36005","Bronx","2005","2014","1.0","",
"36","New York","36005","Bronx","2006","2015","0.9","",
"36","New York","36005","Bronx","2007","2016","1.0","",
"36","New York","36005","Bronx","2008","2017","1.0","",
"36","New York","36007","Broome","2005","2014","3.6","",
"36","New York","36007","Broome","2006","2015","3.6","",
"36","New York","36007","Broome","2007","2016","3.6","",
"36","New York","36007","Broome","2008","2017","3.6","",
"36","New York","36009","Cattaraugus","2005","2014","7.4","",
"36","New York","36009","Cattaraugus","2006","2015","6.8","",
"36","New York","36009","Cattaraugus","2007","2016","6.7","",
"36","New York","36009","Cattaraugus","2008","2017","6.6","",
"36","New York","36011","Cayuga","2005","2014","4.8","",
"36","New York","36011","Cayuga","2006","2015","4.6","",
"36","New York","36011","Cayuga","2007","2016","4.5","",
"36","New York","36011","Cayuga","2008","2017","4.4","",
"36","New York","36013","Chautauqua","2005","2014","5.5","",
"36","New York","36013","Chautauqua","2006","2015","5.6","",
"36","New York","36013","Chautauqua","2007","2016","5.4","",
"36","New York","36013","Chautauqua","2008","2017","5.4","",
"36","New York","36015","Chemung","2005","2014","8.1","",
"36","New York","36015","Chemung","2006","2015","8.4","",
"36","New York","36015","Chemung","2007","2016","8.1","",
"36","New York","36015","Chemung","2008","2017","8.1","",
"36","New York","36017","Chenango","2005","2014","5.7","",
"36","New York","36017","Chenango","2006","2015","5.7","",
"36","New York","36017","Chenango","2007","2016","5.5","",
"36","New York","36017","Chenango","2008","2017","5.4","",
"36","New York","36019","Clinton","2005","2014","1.9","",
"36","New York","36019","Clinton","2006","2015","1.8","",
"36","New York","36019","Clinton","2007","2016","1.7","",
"36","New York","36019","Clinton","2008","2017","2.2","",
"36","New York","36021","Columbia","2005","2014","6.3","",
"36","New York","36021","Columbia","2006","2015","6.5","",
"36","New York","36021","Columbia","2007","2016","5.7","",
"36","New York","36021","Columbia","2008","2017","5.4","",
"36","New York","36023","Cortland","2005","2014","7.8","",
"36","New York","36023","Cortland","2006","2015","7.7","",
"36","New York","36023","Cortland","2007","2016","8.1","",
"36","New York","36023","Cortland","2008","2017","8.5","",
"36","New York","36025","Delaware","2005","2014","5.5","",
"36","New York","36025","Delaware","2006","2015","5.4","",
"36","New York","36025","Delaware","2007","2016","5.1","",
"36","New York","36025","Delaware","2008","2017","5.1","",
"36","New York","36027","Dutchess","2005","2014","5.1","",
"36","New York","36027","Dutchess","2006","2015","5.2","",
"36","New York","36027","Dutchess","2007","2016","5.2","",
"36","New York","36027","Dutchess","2008","2017","5.1","",
"36","New York","36029","Erie","2005","2014","3.8","",
"36","New York","36029","Erie","2006","2015","3.7","",
"36","New York","36029","Erie","2007","2016","3.5","",
"36","New York","36029","Erie","2008","2017","3.4","",
"36","New York","36031","Essex","2005","2014","1.7","",
"36","New York","36031","Essex","2006","2015","2.2","",
"36","New York","36031","Essex","2007","2016","2.4","",
"36","New York","36031","Essex","2008","2017","2.4","",
"36","New York","36033","Franklin","2005","2014","3.8","",
"36","New York","36033","Franklin","2006","2015","3.4","",
"36","New York","36033","Franklin","2007","2016","3.6","",
"36","New York","36033","Franklin","2008","2017","3.3","",
"36","New York","36035","Fulton","2005","2014","1.8","",
"36","New York","36035","Fulton","2006","2015","2.0","",
"36","New York","36035","Fulton","2007","2016","1.9","",
"36","New York","36035","Fulton","2008","2017","1.9","",
"36","New York","36037","Genesee","2005","2014","5.5","",
"36","New York","36037","Genesee","2006","2015","5.6","",
"36","New York","36037","Genesee","2007","2016","6.7","",
"36","New York","36037","Genesee","2008","2017","7.9","",
"36","New York","36039","Greene","2005","2014","3.9","",
"36","New York","36039","Greene","2006","2015","3.8","",
"36","New York","36039","Greene","2007","2016","3.9","",
"36","New York","36039","Greene","2008","2017","3.7","",
"36","New York","36041","Hamilton","2005","2014","1.9","< 10 Tests",
"36","New York","36041","Hamilton","2006","2015","2.4","",
"36","New York","36041","Hamilton","2007","2016","2.4","",
"36","New York","36041","Hamilton","2008","2017","2.4","",
"36","New York","36043","Herkimer","2005","2014","6.1","",
"36","New York","36043","Herkimer","2006","2015","6.0","",
"36","New York","36043","Herkimer","2007","2016","5.9","",
"36","New York","36043","Herkimer","2008","2017","5.4","",
"36","New York","36045","Jefferson","2005","2014","3.7","",
"36","New York","36045","Jefferson","2006","2015","3.2","",
"36","New York","36045","Jefferson","2007","2016","2.9","",
"36","New York","36045","Jefferson","2008","2017","2.8","",
"36","New York","36047","Kings","2005","2014","1.3","",
"36","New York","36047","Kings","2006","2015","1.3","",
"36","New York","36047","Kings","2007","2016","1.4","",
"36","New York","36047","Kings","2008","2017","1.4","",
"36","New York","36049","Lewis","2005","2014","2.8","",
"36","New York","36049","Lewis","2006","2015","2.6","",
"36","New York","36049","Lewis","2007","2016","2.7","",
"36","New York","36049","Lewis","2008","2017","2.6","",
"36","New York","36051","Livingston","2005","2014","7.1","",
"36","New York","36051","Livingston","2006","2015","7.2","",
"36","New York","36051","Livingston","2007","2016","7.3","",
"36","New York","36051","Livingston","2008","2017","7.3","",
"36","New York","36053","Madison","2005","2014","5.3","",
"36","New York","36053","Madison","2006","2015","5.4","",
"36","New York","36053","Madison","2007","2016","4.9","",
"36","New York","36053","Madison","2008","2017","4.8","",
"36","New York","36055","Monroe","2005","2014","2.5","",
"36","New York","36055","Monroe","2006","2015","2.6","",
"36","New York","36055","Monroe","2007","2016","2.6","",
"36","New York","36055","Monroe","2008","2017","2.6","",
"36","New York","36057","Montgomery","2005","2014","2.8","",
"36","New York","36057","Montgomery","2006","2015","2.5","",
"36","New York","36057","Montgomery","2007","2016","2.5","",
"36","New York","36057","Montgomery","2008","2017","2.5","",
"36","New York","36059","Nassau","2005","2014","2.2","",
"36","New York","36059","Nassau","2006","2015","2.2","",
"36","New York","36059","Nassau","2007","2016","2.2","",
"36","New York","36059","Nassau","2008","2017","2.2","",
"36","New York","36061","New York","2005","2014","1.6","",
"36","New York","36061","New York","2006","2015","1.6","",
"36","New York","36061","New York","2007","2016","1.5","",
"36","New York","36061","New York","2008","2017","1.5","",
"36","New York","36063","Niagara","2005","2014","2.5","",
"36","New York","36063","Niagara","2006","2015","2.6","",
"36","New York","36063","Niagara","2007","2016","2.6","",
"36","New York","36063","Niagara","2008","2017","2.6","",
"36","New York","36065","Oneida","2005","2014","5.7","",
"36","New York","36065","Oneida","2006","2015","5.7","",
"36","New York","36065","Oneida","2007","2016","5.4","",
"36","New York","36065","Oneida","2008","2017","5.2","",
"36","New York","36067","Onondaga","2005","2014","4.7","",
"36","New York","36067","Onondaga","2006","2015","4.5","",
"36","New York","36067","Onondaga","2007","2016","4.4","",
"36","New York","36067","Onondaga","2008","2017","4.3","",
"36","New York","36069","Ontario","2005","2014","4.6","",
"36","New York","36069","Ontario","2006","2015","4.6","",
"36","New York","36069","Ontario","2007","2016","4.6","",
"36","New York","36069","Ontario","2008","2017","4.6","",
"36","New York","36071","Orange","2005","2014","4.2","",
"36","New York","36071","Orange","2006","2015","4.1","",
"36","New York","36071","Orange","2007","2016","4.0","",
"36","New York","36071","Orange","2008","2017","4.0","",
"36","New York","36073","Orleans","2005","2014","3.5","",
"36","New York","36073","Orleans","2006","2015","3.4","",
"36","New York","36073","Orleans","2007","2016","3.3","",
"36","New York","36073","Orleans","2008","2017","3.4","",
"36","New York","36075","Oswego","2005","2014","3.0","",
"36","New York","36075","Oswego","2006","2015","2.9","",
"36","New York","36075","Oswego","2007","2016","2.7","",
"36","New York","36075","Oswego","2008","2017","2.7","",
"36","New York","36077","Otsego","2005","2014","5.6","",
"36","New York","36077","Otsego","2006","2015","5.2","",
"36","New York","36077","Otsego","2007","2016","5.2","",
"36","New York","36077","Otsego","2008","2017","5.2","",
"36","New York","36079","Putnam","2005","2014","3.4","",
"36","New York","36079","Putnam","2006","2015","3.7","",
"36","New York","36079","Putnam","2007","2016","3.6","",
"36","New York","36079","Putnam","2008","2017","3.6","",
"36","New York","36081","Queens","2005","2014","1.1","",
"36","New York","36081","Queens","2006","2015","1.4","",
"36","New York","36081","Queens","2007","2016","1.4","",
"36","New York","36081","Queens","2008","2017","2.3","",
"36","New York","36083","Rensselaer","2005","2014","4.9","",
"36","New York","36083","Rensselaer","2006","2015","4.8","",
"36","New York","36083","Rensselaer","2007","2016","4.6","",
"36","New York","36083","Rensselaer","2008","2017","4.7","",
"36","New York","36085","Richmond","2005","2014","1.7","",
"36","New York","36085","Richmond","2006","2015","1.7","",
"36","New York","36085","Richmond","2007","2016","1.7","",
"36","New York","36085","Richmond","2008","2017","1.8","",
"36","New York","36087","Rockland","2005","2014","2.8","",
"36","New York","36087","Rockland","2006","2015","2.8","",
"36","New York","36087","Rockland","2007","2016","2.6","",
"36","New York","36087","Rockland","2008","2017","2.4","",
"36","New York","36091","Saratoga","2005","2014","3.5","",
"36","New York","36091","Saratoga","2006","2015","3.6","",
"36","New York","36091","Saratoga","2007","2016","3.5","",
"36","New York","36091","Saratoga","2008","2017","3.4","",
"36","New York","36093","Schenectady","2005","2014","3.4","",
"36","New York","36093","Schenectady","2006","2015","3.2","",
"36","New York","36093","Schenectady","2007","2016","3.0","",
"36","New York","36093","Schenectady","2008","2017","2.7","",
"36","New York","36095","Schoharie","2005","2014","4.1","",
"36","New York","36095","Schoharie","2006","2015","3.7","",
"36","New York","36095","Schoharie","2007","2016","3.6","",
"36","New York","36095","Schoharie","2008","2017","3.5","",
"36","New York","36097","Schuyler","2005","2014","4.7","",
"36","New York","36097","Schuyler","2006","2015","4.9","",
"36","New York","36097","Schuyler","2007","2016","4.4","",
"36","New York","36097","Schuyler","2008","2017","4.7","",
"36","New York","36099","Seneca","2005","2014","3.4","",
"36","New York","36099","Seneca","2006","2015","3.4","",
"36","New York","36099","Seneca","2007","2016","3.3","",
"36","New York","36099","Seneca","2008","2017","3.2","",
"36","New York","36089","St. Lawrence","2005","2014","3.0","",
"36","New York","36089","St. Lawrence","2006","2015","2.1","",
"36","New York","36089","St. Lawrence","2007","2016","2.6","",
"36","New York","36089","St. Lawrence","2008","2017","2.6","",
"36","New York","36101","Steuben","2005","2014","8.0","",
"36","New York","36101","Steuben","2006","2015","8.0","",
"36","New York","36101","Steuben","2007","2016","7.4","",
"36","New York","36101","Steuben","2008","2017","7.9","",
"36","New York","36103","Suffolk","2005","2014","1.8","",
"36","New York","36103","Suffolk","2006","2015","1.6","",
"36","New York","36103","Suffolk","2007","2016","1.6","",
"36","New York","36103","Suffolk","2008","2017","1.8","",
"36","New York","36105","Sullivan","2005","2014","2.6","",
"36","New York","36105","Sullivan","2006","2015","2.8","",
"36","New York","36105","Sullivan","2007","2016","2.7","",
"36","New York","36105","Sullivan","2008","2017","2.7","",
"36","New York","36107","Tioga","2005","2014","6.1","",
"36","New York","36107","Tioga","2006","2015","6.1","",
"36","New York","36107","Tioga","2007","2016","5.8","",
"36","New York","36107","Tioga","2008","2017","5.9","",
"36","New York","36109","Tompkins","2005","2014","3.9","",
"36","New York","36109","Tompkins","2006","2015","3.9","",
"36","New York","36109","Tompkins","2007","2016","3.9","",
"36","New York","36109","Tompkins","2008","2017","3.9","",
"36","New York","36111","Ulster","2005","2014","3.8","",
"36","New York","36111","Ulster","2006","2015","3.9","",
"36","New York","36111","Ulster","2007","2016","4.0","",
"36","New York","36111","Ulster","2008","2017","4.0","",
"36","New York","36113","Warren","2005","2014","2.5","",
"36","New York","36113","Warren","2006","2015","2.5","",
"36","New York","36113","Warren","2007","2016","2.5","",
"36","New York","36113","Warren","2008","2017","2.5","",
"36","New York","36115","Washington","2005","2014","3.6","",
"36","New York","36115","Washington","2006","2015","3.5","",
"36","New York","36115","Washington","2007","2016","3.6","",
"36","New York","36115","Washington","2008","2017","3.6","",
"36","New York","36117","Wayne","2005","2014","3.8","",
"36","New York","36117","Wayne","2006","2015","4.0","",
"36","New York","36117","Wayne","2007","2016","3.9","",
"36","New York","36117","Wayne","2008","2017","4.0","",
"36","New York","36119","Westchester","2005","2014","2.5","",
"36","New York","36119","Westchester","2006","2015","2.5","",
"36","New York","36119","Westchester","2007","2016","2.5","",
"36","New York","36119","Westchester","2008","2017","2.5","",
"36","New York","36121","Wyoming","2005","2014","5.5","",
"36","New York","36121","Wyoming","2006","2015","5.3","",
"36","New York","36121","Wyoming","2007","2016","5.5","",
"36","New York","36121","Wyoming","2008","2017","5.9","",
"36","New York","36123","Yates","2005","2014","4.5","",
"36","New York","36123","Yates","2006","2015","4.8","",
"36","New York","36123","Yates","2007","2016","5.1","",
"36","New York","36123","Yates","2008","2017","4.9","",
"37","North Carolina","37001","Alamance","2005","2014","1.1","",
"37","North Carolina","37001","Alamance","2006","2015","1.0","",
"37","North Carolina","37001","Alamance","2007","2016","1.0","",
"37","North Carolina","37001","Alamance","2008","2017","1.0","",
"37","North Carolina","37003","Alexander","2005","2014","7.0","",
"37","North Carolina","37003","Alexander","2006","2015","6.9","",
"37","North Carolina","37003","Alexander","2007","2016","6.4","",
"37","North Carolina","37003","Alexander","2008","2017","6.1","",
"37","North Carolina","37005","Alleghany","2005","2014","7.7","",
"37","North Carolina","37005","Alleghany","2006","2015","7.1","",
"37","North Carolina","37005","Alleghany","2007","2016","7.3","",
"37","North Carolina","37005","Alleghany","2008","2017","7.2","",
"37","North Carolina","37007","Anson","2005","2014","0.7","",
"37","North Carolina","37007","Anson","2006","2015","0.6","",
"37","North Carolina","37007","Anson","2007","2016","0.6","",
"37","North Carolina","37007","Anson","2008","2017","0.6","",
"37","North Carolina","37009","Ashe","2005","2014","4.4","",
"37","North Carolina","37009","Ashe","2006","2015","4.3","",
"37","North Carolina","37009","Ashe","2007","2016","4.4","",
"37","North Carolina","37009","Ashe","2008","2017","4.3","",
"37","North Carolina","37011","Avery","2005","2014","4.5","",
"37","North Carolina","37011","Avery","2006","2015","5.3","",
"37","North Carolina","37011","Avery","2007","2016","6.0","",
"37","North Carolina","37011","Avery","2008","2017","6.1","",
"37","North Carolina","37013","Beaufort","2005","2014","0.7","",
"37","North Carolina","37013","Beaufort","2006","2015","0.6","",
"37","North Carolina","37013","Beaufort","2007","2016","0.6","",
"37","North Carolina","37013","Beaufort","2008","2017","0.6","",
"37","North Carolina","37015","Bertie","2005","2014","1.1","< 10 Tests",
"37","North Carolina","37015","Bertie","2006","2015","2.5","< 10 Tests",
"37","North Carolina","37015","Bertie","2007","2016","2.5","< 10 Tests",
"37","North Carolina","37015","Bertie","2008","2017","2.5","< 10 Tests",
"37","North Carolina","37017","Bladen","2005","2014","0.5","< 10 Tests",
"37","North Carolina","37017","Bladen","2006","2015","0.4","",
"37","North Carolina","37017","Bladen","2007","2016","0.4","",
"37","North Carolina","37017","Bladen","2008","2017","0.5","",
"37","North Carolina","37019","Brunswick","2005","2014","0.7","",
"37","North Carolina","37019","Brunswick","2006","2015","0.7","",
"37","North Carolina","37019","Brunswick","2007","2016","0.7","",
"37","North Carolina","37019","Brunswick","2008","2017","0.7","",
"37","North Carolina","37021","Buncombe","2005","2014","3.7","",
"37","North Carolina","37021","Buncombe","2006","2015","3.7","",
"37","North Carolina","37021","Buncombe","2007","2016","3.6","",
"37","North Carolina","37021","Buncombe","2008","2017","3.6","",
"37","North Carolina","37023","Burke","2005","2014","3.7","",
"37","North Carolina","37023","Burke","2006","2015","3.5","",
"37","North Carolina","37023","Burke","2007","2016","3.4","",
"37","North Carolina","37023","Burke","2008","2017","3.4","",
"37","North Carolina","37025","Cabarrus","2005","2014","1.7","",
"37","North Carolina","37025","Cabarrus","2006","2015","1.7","",
"37","North Carolina","37025","Cabarrus","2007","2016","1.7","",
"37","North Carolina","37025","Cabarrus","2008","2017","1.7","",
"37","North Carolina","37027","Caldwell","2005","2014","4.4","",
"37","North Carolina","37027","Caldwell","2006","2015","4.3","",
"37","North Carolina","37027","Caldwell","2007","2016","4.2","",
"37","North Carolina","37027","Caldwell","2008","2017","4.1","",
"37","North Carolina","37029","Camden","2005","2014","No Events","",
"37","North Carolina","37029","Camden","2006","2015","No Events","",
"37","North Carolina","37029","Camden","2007","2016","No Events","",
"37","North Carolina","37029","Camden","2008","2017","No Events","",
"37","North Carolina","37031","Carteret","2005","2014","0.6","",
"37","North Carolina","37031","Carteret","2006","2015","0.6","",
"37","North Carolina","37031","Carteret","2007","2016","0.6","",
"37","North Carolina","37031","Carteret","2008","2017","0.6","",
"37","North Carolina","37033","Caswell","2005","2014","2.8","",
"37","North Carolina","37033","Caswell","2006","2015","2.6","",
"37","North Carolina","37033","Caswell","2007","2016","2.8","",
"37","North Carolina","37033","Caswell","2008","2017","1.9","",
"37","North Carolina","37035","Catawba","2005","2014","3.2","",
"37","North Carolina","37035","Catawba","2006","2015","3.2","",
"37","North Carolina","37035","Catawba","2007","2016","3.1","",
"37","North Carolina","37035","Catawba","2008","2017","3.0","",
"37","North Carolina","37037","Chatham","2005","2014","1.7","",
"37","North Carolina","37037","Chatham","2006","2015","1.8","",
"37","North Carolina","37037","Chatham","2007","2016","1.8","",
"37","North Carolina","37037","Chatham","2008","2017","1.9","",
"37","North Carolina","37039","Cherokee","2005","2014","5.6","",
"37","North Carolina","37039","Cherokee","2006","2015","5.4","",
"37","North Carolina","37039","Cherokee","2007","2016","5.2","",
"37","North Carolina","37039","Cherokee","2008","2017","5.2","",
"37","North Carolina","37041","Chowan","2005","2014","0.5","< 10 Tests",
"37","North Carolina","37041","Chowan","2006","2015","0.5","< 10 Tests",
"37","North Carolina","37041","Chowan","2007","2016","0.4","< 10 Tests",
"37","North Carolina","37041","Chowan","2008","2017","0.4","< 10 Tests",
"37","North Carolina","37043","Clay","2005","2014","6.3","",
"37","North Carolina","37043","Clay","2006","2015","5.9","",
"37","North Carolina","37043","Clay","2007","2016","5.6","",
"37","North Carolina","37043","Clay","2008","2017","5.4","",
"37","North Carolina","37045","Cleveland","2005","2014","5.2","",
"37","North Carolina","37045","Cleveland","2006","2015","5.4","",
"37","North Carolina","37045","Cleveland","2007","2016","4.9","",
"37","North Carolina","37045","Cleveland","2008","2017","4.9","",
"37","North Carolina","37047","Columbus","2005","2014","0.4","",
"37","North Carolina","37047","Columbus","2006","2015","0.4","",
"37","North Carolina","37047","Columbus","2007","2016","0.4","",
"37","North Carolina","37047","Columbus","2008","2017","0.5","",
"37","North Carolina","37049","Craven","2005","2014","0.5","",
"37","North Carolina","37049","Craven","2006","2015","0.5","",
"37","North Carolina","37049","Craven","2007","2016","0.5","",
"37","North Carolina","37049","Craven","2008","2017","0.5","",
"37","North Carolina","37051","Cumberland","2005","2014","1.0","",
"37","North Carolina","37051","Cumberland","2006","2015","0.9","",
"37","North Carolina","37051","Cumberland","2007","2016","0.9","",
"37","North Carolina","37051","Cumberland","2008","2017","0.9","",
"37","North Carolina","37053","Currituck","2005","2014","0.5","< 10 Tests",
"37","North Carolina","37053","Currituck","2006","2015","0.5","< 10 Tests",
"37","North Carolina","37053","Currituck","2007","2016","0.5","< 10 Tests",
"37","North Carolina","37053","Currituck","2008","2017","0.5","< 10 Tests",
"37","North Carolina","37055","Dare","2005","2014","8.5","",
"37","North Carolina","37055","Dare","2006","2015","7.4","",
"37","North Carolina","37055","Dare","2007","2016","4.3","",
"37","North Carolina","37055","Dare","2008","2017","3.7","",
"37","North Carolina","37057","Davidson","2005","2014","3.3","",
"37","North Carolina","37057","Davidson","2006","2015","3.4","",
"37","North Carolina","37057","Davidson","2007","2016","3.3","",
"37","North Carolina","37057","Davidson","2008","2017","3.2","",
"37","North Carolina","37059","Davie","2005","2014","2.8","",
"37","North Carolina","37059","Davie","2006","2015","2.7","",
"37","North Carolina","37059","Davie","2007","2016","2.6","",
"37","North Carolina","37059","Davie","2008","2017","2.7","",
"37","North Carolina","37061","Duplin","2005","2014","0.4","< 10 Tests",
"37","North Carolina","37061","Duplin","2006","2015","0.4","< 10 Tests",
"37","North Carolina","37061","Duplin","2007","2016","0.4","< 10 Tests",
"37","North Carolina","37061","Duplin","2008","2017","0.3","< 10 Tests",
"37","North Carolina","37063","Durham","2005","2014","1.2","",
"37","North Carolina","37063","Durham","2006","2015","1.2","",
"37","North Carolina","37063","Durham","2007","2016","1.1","",
"37","North Carolina","37063","Durham","2008","2017","1.2","",
"37","North Carolina","37065","Edgecombe","2005","2014","0.5","< 10 Tests",
"37","North Carolina","37065","Edgecombe","2006","2015","0.4","< 10 Tests",
"37","North Carolina","37065","Edgecombe","2007","2016","0.4","< 10 Tests",
"37","North Carolina","37065","Edgecombe","2008","2017","0.4","< 10 Tests",
"37","North Carolina","37067","Forsyth","2005","2014","3.8","",
"37","North Carolina","37067","Forsyth","2006","2015","3.7","",
"37","North Carolina","37067","Forsyth","2007","2016","3.6","",
"37","North Carolina","37067","Forsyth","2008","2017","3.6","",
"37","North Carolina","37069","Franklin","2005","2014","3.1","",
"37","North Carolina","37069","Franklin","2006","2015","3.1","",
"37","North Carolina","37069","Franklin","2007","2016","2.8","",
"37","North Carolina","37069","Franklin","2008","2017","2.7","",
"37","North Carolina","37071","Gaston","2005","2014","3.5","",
"37","North Carolina","37071","Gaston","2006","2015","3.4","",
"37","North Carolina","37071","Gaston","2007","2016","3.2","",
"37","North Carolina","37071","Gaston","2008","2017","2.9","",
"37","North Carolina","37073","Gates","2005","2014","No Events","",
"37","North Carolina","37073","Gates","2006","2015","0.1","< 10 Tests",
"37","North Carolina","37073","Gates","2007","2016","0.1","< 10 Tests",
"37","North Carolina","37073","Gates","2008","2017","0.1","< 10 Tests",
"37","North Carolina","37075","Graham","2005","2014","7.8","",
"37","North Carolina","37075","Graham","2006","2015","7.9","",
"37","North Carolina","37075","Graham","2007","2016","7.4","",
"37","North Carolina","37075","Graham","2008","2017","7.3","",
"37","North Carolina","37077","Granville","2005","2014","1.6","",
"37","North Carolina","37077","Granville","2006","2015","1.4","",
"37","North Carolina","37077","Granville","2007","2016","1.5","",
"37","North Carolina","37077","Granville","2008","2017","1.6","",
"37","North Carolina","37079","Greene","2005","2014","1.0","< 10 Tests",
"37","North Carolina","37079","Greene","2006","2015","1.4","< 10 Tests",
"37","North Carolina","37079","Greene","2007","2016","1.2","< 10 Tests",
"37","North Carolina","37079","Greene","2008","2017","1.1","< 10 Tests",
"37","North Carolina","37081","Guilford","2005","2014","1.5","",
"37","North Carolina","37081","Guilford","2006","2015","1.6","",
"37","North Carolina","37081","Guilford","2007","2016","1.5","",
"37","North Carolina","37081","Guilford","2008","2017","1.5","",
"37","North Carolina","37083","Halifax","2005","2014","6.4","",
"37","North Carolina","37083","Halifax","2006","2015","5.7","",
"37","North Carolina","37083","Halifax","2007","2016","4.9","",
"37","North Carolina","37083","Halifax","2008","2017","4.9","",
"37","North Carolina","37085","Harnett","2005","2014","0.7","",
"37","North Carolina","37085","Harnett","2006","2015","0.7","",
"37","North Carolina","37085","Harnett","2007","2016","0.8","",
"37","North Carolina","37085","Harnett","2008","2017","0.8","",
"37","North Carolina","37087","Haywood","2005","2014","3.9","",
"37","North Carolina","37087","Haywood","2006","2015","3.9","",
"37","North Carolina","37087","Haywood","2007","2016","3.9","",
"37","North Carolina","37087","Haywood","2008","2017","4.0","",
"37","North Carolina","37089","Henderson","2005","2014","5.2","",
"37","North Carolina","37089","Henderson","2006","2015","5.3","",
"37","North Carolina","37089","Henderson","2007","2016","5.2","",
"37","North Carolina","37089","Henderson","2008","2017","5.2","",
"37","North Carolina","37091","Hertford","2005","2014","0.6","< 10 Tests",
"37","North Carolina","37091","Hertford","2006","2015","0.4","< 10 Tests",
"37","North Carolina","37091","Hertford","2007","2016","0.4","< 10 Tests",
"37","North Carolina","37091","Hertford","2008","2017","0.4","< 10 Tests",
"37","North Carolina","37093","Hoke","2005","2014","0.9","",
"37","North Carolina","37093","Hoke","2006","2015","0.9","",
"37","North Carolina","37093","Hoke","2007","2016","0.9","",
"37","North Carolina","37093","Hoke","2008","2017","0.9","",
"37","North Carolina","37095","Hyde","2005","2014","No Events","",
"37","North Carolina","37095","Hyde","2006","2015","No Events","",
"37","North Carolina","37095","Hyde","2007","2016","0.1","< 10 Tests",
"37","North Carolina","37095","Hyde","2008","2017","0.1","< 10 Tests",
"37","North Carolina","37097","Iredell","2005","2014","2.6","",
"37","North Carolina","37097","Iredell","2006","2015","2.7","",
"37","North Carolina","37097","Iredell","2007","2016","2.7","",
"37","North Carolina","37097","Iredell","2008","2017","2.7","",
"37","North Carolina","37099","Jackson","2005","2014","3.3","",
"37","North Carolina","37099","Jackson","2006","2015","3.5","",
"37","North Carolina","37099","Jackson","2007","2016","3.4","",
"37","North Carolina","37099","Jackson","2008","2017","3.5","",
"37","North Carolina","37101","Johnston","2005","2014","1.4","",
"37","North Carolina","37101","Johnston","2006","2015","1.4","",
"37","North Carolina","37101","Johnston","2007","2016","1.5","",
"37","North Carolina","37101","Johnston","2008","2017","1.5","",
"37","North Carolina","37103","Jones","2005","2014","1.8","< 10 Tests",
"37","North Carolina","37103","Jones","2006","2015","1.8","< 10 Tests",
"37","North Carolina","37103","Jones","2007","2016","1.8","< 10 Tests",
"37","North Carolina","37103","Jones","2008","2017","1.8","< 10 Tests",
"37","North Carolina","37105","Lee","2005","2014","1.0","",
"37","North Carolina","37105","Lee","2006","2015","1.0","",
"37","North Carolina","37105","Lee","2007","2016","1.0","",
"37","North Carolina","37105","Lee","2008","2017","1.1","",
"37","North Carolina","37107","Lenoir","2005","2014","0.6","",
"37","North Carolina","37107","Lenoir","2006","2015","0.5","",
"37","North Carolina","37107","Lenoir","2007","2016","0.5","",
"37","North Carolina","37107","Lenoir","2008","2017","0.6","",
"37","North Carolina","37109","Lincoln","2005","2014","4.3","",
"37","North Carolina","37109","Lincoln","2006","2015","4.1","",
"37","North Carolina","37109","Lincoln","2007","2016","4.0","",
"37","North Carolina","37109","Lincoln","2008","2017","3.9","",
"37","North Carolina","37113","Macon","2005","2014","2.5","",
"37","North Carolina","37113","Macon","2006","2015","2.5","",
"37","North Carolina","37113","Macon","2007","2016","2.4","",
"37","North Carolina","37113","Macon","2008","2017","2.4","",
"37","North Carolina","37115","Madison","2005","2014","2.7","",
"37","North Carolina","37115","Madison","2006","2015","2.9","",
"37","North Carolina","37115","Madison","2007","2016","2.6","",
"37","North Carolina","37115","Madison","2008","2017","2.5","",
"37","North Carolina","37117","Martin","2005","2014","0.7","< 10 Tests",
"37","North Carolina","37117","Martin","2006","2015","0.5","< 10 Tests",
"37","North Carolina","37117","Martin","2007","2016","0.5","< 10 Tests",
"37","North Carolina","37117","Martin","2008","2017","0.8","< 10 Tests",
"37","North Carolina","37111","McDowell","2005","2014","4.5","",
"37","North Carolina","37111","McDowell","2006","2015","4.6","",
"37","North Carolina","37111","McDowell","2007","2016","4.5","",
"37","North Carolina","37111","McDowell","2008","2017","4.6","",
"37","North Carolina","37119","Mecklenburg","2005","2014","1.6","",
"37","North Carolina","37119","Mecklenburg","2006","2015","1.6","",
"37","North Carolina","37119","Mecklenburg","2007","2016","1.6","",
"37","North Carolina","37119","Mecklenburg","2008","2017","1.6","",
"37","North Carolina","37121","Mitchell","2005","2014","3.0","",
"37","North Carolina","37121","Mitchell","2006","2015","3.1","",
"37","North Carolina","37121","Mitchell","2007","2016","3.3","",
"37","North Carolina","37121","Mitchell","2008","2017","3.6","",
"37","North Carolina","37123","Montgomery","2005","2014","2.8","",
"37","North Carolina","37123","Montgomery","2006","2015","2.7","",
"37","North Carolina","37123","Montgomery","2007","2016","3.0","",
"37","North Carolina","37123","Montgomery","2008","2017","2.7","",
"37","North Carolina","37125","Moore","2005","2014","2.1","",
"37","North Carolina","37125","Moore","2006","2015","2.2","",
"37","North Carolina","37125","Moore","2007","2016","2.2","",
"37","North Carolina","37125","Moore","2008","2017","2.3","",
"37","North Carolina","37127","Nash","2005","2014","1.8","",
"37","North Carolina","37127","Nash","2006","2015","1.0","",
"37","North Carolina","37127","Nash","2007","2016","0.6","",
"37","North Carolina","37127","Nash","2008","2017","0.7","",
"37","North Carolina","37129","New Hanover","2005","2014","0.8","",
"37","North Carolina","37129","New Hanover","2006","2015","0.8","",
"37","North Carolina","37129","New Hanover","2007","2016","0.8","",
"37","North Carolina","37129","New Hanover","2008","2017","0.8","",
"37","North Carolina","37131","Northampton","2005","2014","6.9","",
"37","North Carolina","37131","Northampton","2006","2015","6.5","",
"37","North Carolina","37131","Northampton","2007","2016","5.9","",
"37","North Carolina","37131","Northampton","2008","2017","7.1","",
"37","North Carolina","37133","Onslow","2005","2014","0.5","",
"37","North Carolina","37133","Onslow","2006","2015","0.7","",
"37","North Carolina","37133","Onslow","2007","2016","0.8","",
"37","North Carolina","37133","Onslow","2008","2017","0.9","",
"37","North Carolina","37135","Orange","2005","2014","2.2","",
"37","North Carolina","37135","Orange","2006","2015","2.1","",
"37","North Carolina","37135","Orange","2007","2016","2.0","",
"37","North Carolina","37135","Orange","2008","2017","1.9","",
"37","North Carolina","37137","Pamlico","2005","2014","0.1","< 10 Tests",
"37","North Carolina","37137","Pamlico","2006","2015","0.1","< 10 Tests",
"37","North Carolina","37137","Pamlico","2007","2016","0.1","< 10 Tests",
"37","North Carolina","37137","Pamlico","2008","2017","0.1","< 10 Tests",
"37","North Carolina","37139","Pasquotank","2005","2014","0.3","< 10 Tests",
"37","North Carolina","37139","Pasquotank","2006","2015","2.4","< 10 Tests",
"37","North Carolina","37139","Pasquotank","2007","2016","2.2","< 10 Tests",
"37","North Carolina","37139","Pasquotank","2008","2017","2.2","< 10 Tests",
"37","North Carolina","37141","Pender","2005","2014","10.9","< 10 Tests",
"37","North Carolina","37141","Pender","2006","2015","7.8","< 10 Tests",
"37","North Carolina","37141","Pender","2007","2016","4.0","",
"37","North Carolina","37141","Pender","2008","2017","3.6","",
"37","North Carolina","37143","Perquimans","2005","2014","0.9","< 10 Tests",
"37","North Carolina","37143","Perquimans","2006","2015","0.9","< 10 Tests",
"37","North Carolina","37143","Perquimans","2007","2016","0.7","< 10 Tests",
"37","North Carolina","37143","Perquimans","2008","2017","0.7","< 10 Tests",
"37","North Carolina","37145","Person","2005","2014","4.1","",
"37","North Carolina","37145","Person","2006","2015","3.7","",
"37","North Carolina","37145","Person","2007","2016","3.5","",
"37","North Carolina","37145","Person","2008","2017","3.4","",
"37","North Carolina","37147","Pitt","2005","2014","1.0","",
"37","North Carolina","37147","Pitt","2006","2015","1.0","",
"37","North Carolina","37147","Pitt","2007","2016","0.7","",
"37","North Carolina","37147","Pitt","2008","2017","0.6","",
"37","North Carolina","37149","Polk","2005","2014","3.3","",
"37","North Carolina","37149","Polk","2006","2015","3.4","",
"37","North Carolina","37149","Polk","2007","2016","3.4","",
"37","North Carolina","37149","Polk","2008","2017","3.3","",
"37","North Carolina","37151","Randolph","2005","2014","1.7","",
"37","North Carolina","37151","Randolph","2006","2015","1.7","",
"37","North Carolina","37151","Randolph","2007","2016","1.7","",
"37","North Carolina","37151","Randolph","2008","2017","1.6","",
"37","North Carolina","37153","Richmond","2005","2014","0.5","",
"37","North Carolina","37153","Richmond","2006","2015","0.5","",
"37","North Carolina","37153","Richmond","2007","2016","0.5","",
"37","North Carolina","37153","Richmond","2008","2017","0.7","",
"37","North Carolina","37155","Robeson","2005","2014","1.6","",
"37","North Carolina","37155","Robeson","2006","2015","1.5","",
"37","North Carolina","37155","Robeson","2007","2016","1.2","",
"37","North Carolina","37155","Robeson","2008","2017","1.2","",
"37","North Carolina","37157","Rockingham","2005","2014","3.8","",
"37","North Carolina","37157","Rockingham","2006","2015","3.8","",
"37","North Carolina","37157","Rockingham","2007","2016","3.8","",
"37","North Carolina","37157","Rockingham","2008","2017","3.6","",
"37","North Carolina","37159","Rowan","2005","2014","2.4","",
"37","North Carolina","37159","Rowan","2006","2015","2.6","",
"37","North Carolina","37159","Rowan","2007","2016","2.5","",
"37","North Carolina","37159","Rowan","2008","2017","2.5","",
"37","North Carolina","37161","Rutherford","2005","2014","3.5","",
"37","North Carolina","37161","Rutherford","2006","2015","3.3","",
"37","North Carolina","37161","Rutherford","2007","2016","3.2","",
"37","North Carolina","37161","Rutherford","2008","2017","3.1","",
"37","North Carolina","37163","Sampson","2005","2014","0.6","< 10 Tests",
"37","North Carolina","37163","Sampson","2006","2015","0.5","",
"37","North Carolina","37163","Sampson","2007","2016","0.5","",
"37","North Carolina","37163","Sampson","2008","2017","0.5","",
"37","North Carolina","37165","Scotland","2005","2014","1.3","",
"37","North Carolina","37165","Scotland","2006","2015","1.2","",
"37","North Carolina","37165","Scotland","2007","2016","1.1","",
"37","North Carolina","37165","Scotland","2008","2017","1.2","",
"37","North Carolina","37167","Stanly","2005","2014","3.1","",
"37","North Carolina","37167","Stanly","2006","2015","3.0","",
"37","North Carolina","37167","Stanly","2007","2016","3.0","",
"37","North Carolina","37167","Stanly","2008","2017","2.8","",
"37","North Carolina","37169","Stokes","2005","2014","2.8","",
"37","North Carolina","37169","Stokes","2006","2015","3.1","",
"37","North Carolina","37169","Stokes","2007","2016","2.9","",
"37","North Carolina","37169","Stokes","2008","2017","2.8","",
"37","North Carolina","37171","Surry","2005","2014","4.5","",
"37","North Carolina","37171","Surry","2006","2015","4.5","",
"37","North Carolina","37171","Surry","2007","2016","4.2","",
"37","North Carolina","37171","Surry","2008","2017","4.1","",
"37","North Carolina","37173","Swain","2005","2014","5.7","",
"37","North Carolina","37173","Swain","2006","2015","5.5","",
"37","North Carolina","37173","Swain","2007","2016","5.3","",
"37","North Carolina","37173","Swain","2008","2017","5.4","",
"37","North Carolina","37175","Transylvania","2005","2014","6.8","",
"37","North Carolina","37175","Transylvania","2006","2015","6.9","",
"37","North Carolina","37175","Transylvania","2007","2016","6.8","",
"37","North Carolina","37175","Transylvania","2008","2017","6.8","",
"37","North Carolina","37177","Tyrrell","2005","2014","0.1","< 10 Tests",
"37","North Carolina","37177","Tyrrell","2006","2015","0.1","< 10 Tests",
"37","North Carolina","37177","Tyrrell","2007","2016","0.1","< 10 Tests",
"37","North Carolina","37177","Tyrrell","2008","2017","0.1","< 10 Tests",
"37","North Carolina","37179","Union","2005","2014","1.9","",
"37","North Carolina","37179","Union","2006","2015","1.8","",
"37","North Carolina","37179","Union","2007","2016","1.8","",
"37","North Carolina","37179","Union","2008","2017","1.8","",
"37","North Carolina","37181","Vance","2005","2014","2.3","",
"37","North Carolina","37181","Vance","2006","2015","2.1","",
"37","North Carolina","37181","Vance","2007","2016","2.2","",
"37","North Carolina","37181","Vance","2008","2017","2.2","",
"37","North Carolina","37183","Wake","2005","2014","1.7","",
"37","North Carolina","37183","Wake","2006","2015","1.8","",
"37","North Carolina","37183","Wake","2007","2016","1.8","",
"37","North Carolina","37183","Wake","2008","2017","1.8","",
"37","North Carolina","37185","Warren","2005","2014","6.1","",
"37","North Carolina","37185","Warren","2006","2015","5.6","",
"37","North Carolina","37185","Warren","2007","2016","5.4","",
"37","North Carolina","37185","Warren","2008","2017","5.7","",
"37","North Carolina","37187","Washington","2005","2014","No Events","",
"37","North Carolina","37187","Washington","2006","2015","No Events","",
"37","North Carolina","37187","Washington","2007","2016","0.1","< 10 Tests",
"37","North Carolina","37187","Washington","2008","2017","0.1","< 10 Tests",
"37","North Carolina","37189","Watauga","2005","2014","7.8","",
"37","North Carolina","37189","Watauga","2006","2015","7.6","",
"37","North Carolina","37189","Watauga","2007","2016","7.4","",
"37","North Carolina","37189","Watauga","2008","2017","7.2","",
"37","North Carolina","37191","Wayne","2005","2014","0.9","",
"37","North Carolina","37191","Wayne","2006","2015","1.1","",
"37","North Carolina","37191","Wayne","2007","2016","1.1","",
"37","North Carolina","37191","Wayne","2008","2017","1.0","",
"37","North Carolina","37193","Wilkes","2005","2014","13.9","",
"37","North Carolina","37193","Wilkes","2006","2015","13.1","",
"37","North Carolina","37193","Wilkes","2007","2016","12.6","",
"37","North Carolina","37193","Wilkes","2008","2017","12.6","",
"37","North Carolina","37195","Wilson","2005","2014","0.3","",
"37","North Carolina","37195","Wilson","2006","2015","0.4","",
"37","North Carolina","37195","Wilson","2007","2016","0.4","",
"37","North Carolina","37195","Wilson","2008","2017","0.6","",
"37","North Carolina","37197","Yadkin","2005","2014","3.6","",
"37","North Carolina","37197","Yadkin","2006","2015","3.5","",
"37","North Carolina","37197","Yadkin","2007","2016","3.5","",
"37","North Carolina","37197","Yadkin","2008","2017","3.5","",
"37","North Carolina","37199","Yancey","2005","2014","3.9","",
"37","North Carolina","37199","Yancey","2006","2015","3.8","",
"37","North Carolina","37199","Yancey","2007","2016","3.6","",
"37","North Carolina","37199","Yancey","2008","2017","3.8","",
"38","North Dakota","38001","Adams","2005","2014","10.2","",
"38","North Dakota","38001","Adams","2006","2015","10.7","",
"38","North Dakota","38001","Adams","2007","2016","10.8","",
"38","North Dakota","38001","Adams","2008","2017","11.1","",
"38","North Dakota","38003","Barnes","2005","2014","6.9","",
"38","North Dakota","38003","Barnes","2006","2015","7.1","",
"38","North Dakota","38003","Barnes","2007","2016","7.3","",
"38","North Dakota","38003","Barnes","2008","2017","6.8","",
"38","North Dakota","38005","Benson","2005","2014","5.5","",
"38","North Dakota","38005","Benson","2006","2015","6.3","",
"38","North Dakota","38005","Benson","2007","2016","6.1","",
"38","North Dakota","38005","Benson","2008","2017","6.6","",
"38","North Dakota","38007","Billings","2005","2014","21.4","",
"38","North Dakota","38007","Billings","2006","2015","20.8","",
"38","North Dakota","38007","Billings","2007","2016","18.6","",
"38","North Dakota","38007","Billings","2008","2017","16.4","",
"38","North Dakota","38009","Bottineau","2005","2014","7.8","",
"38","North Dakota","38009","Bottineau","2006","2015","8.3","",
"38","North Dakota","38009","Bottineau","2007","2016","8.2","",
"38","North Dakota","38009","Bottineau","2008","2017","8.2","",
"38","North Dakota","38011","Bowman","2005","2014","15.0","",
"38","North Dakota","38011","Bowman","2006","2015","14.9","",
"38","North Dakota","38011","Bowman","2007","2016","16.1","",
"38","North Dakota","38011","Bowman","2008","2017","11.1","",
"38","North Dakota","38013","Burke","2005","2014","6.0","",
"38","North Dakota","38013","Burke","2006","2015","6.5","",
"38","North Dakota","38013","Burke","2007","2016","7.5","",
"38","North Dakota","38013","Burke","2008","2017","6.4","< 10 Tests",
"38","North Dakota","38015","Burleigh","2005","2014","5.0","",
"38","North Dakota","38015","Burleigh","2006","2015","5.0","",
"38","North Dakota","38015","Burleigh","2007","2016","5.1","",
"38","North Dakota","38015","Burleigh","2008","2017","5.1","",
"38","North Dakota","38017","Cass","2005","2014","6.0","",
"38","North Dakota","38017","Cass","2006","2015","6.5","",
"38","North Dakota","38017","Cass","2007","2016","7.0","",
"38","North Dakota","38017","Cass","2008","2017","7.1","",
"38","North Dakota","38019","Cavalier","2005","2014","4.5","",
"38","North Dakota","38019","Cavalier","2006","2015","5.1","",
"38","North Dakota","38019","Cavalier","2007","2016","5.0","",
"38","North Dakota","38019","Cavalier","2008","2017","5.1","",
"38","North Dakota","38021","Dickey","2005","2014","4.6","",
"38","North Dakota","38021","Dickey","2006","2015","5.5","",
"38","North Dakota","38021","Dickey","2007","2016","5.8","",
"38","North Dakota","38021","Dickey","2008","2017","5.9","",
"38","North Dakota","38023","Divide","2005","2014","4.5","",
"38","North Dakota","38023","Divide","2006","2015","4.8","",
"38","North Dakota","38023","Divide","2007","2016","5.2","",
"38","North Dakota","38023","Divide","2008","2017","4.7","",
"38","North Dakota","38025","Dunn","2005","2014","9.0","",
"38","North Dakota","38025","Dunn","2006","2015","9.5","",
"38","North Dakota","38025","Dunn","2007","2016","9.2","",
"38","North Dakota","38025","Dunn","2008","2017","9.1","",
"38","North Dakota","38027","Eddy","2005","2014","4.2","",
"38","North Dakota","38027","Eddy","2006","2015","4.4","",
"38","North Dakota","38027","Eddy","2007","2016","4.5","",
"38","North Dakota","38027","Eddy","2008","2017","2.1","< 10 Tests",
"38","North Dakota","38029","Emmons","2005","2014","8.9","",
"38","North Dakota","38029","Emmons","2006","2015","9.8","",
"38","North Dakota","38029","Emmons","2007","2016","11.4","",
"38","North Dakota","38029","Emmons","2008","2017","9.9","",
"38","North Dakota","38031","Foster","2005","2014","3.9","",
"38","North Dakota","38031","Foster","2006","2015","4.8","",
"38","North Dakota","38031","Foster","2007","2016","4.8","",
"38","North Dakota","38031","Foster","2008","2017","5.2","",
"38","North Dakota","38033","Golden Valley","2005","2014","3.0","",
"38","North Dakota","38033","Golden Valley","2006","2015","3.4","",
"38","North Dakota","38033","Golden Valley","2007","2016","3.6","",
"38","North Dakota","38033","Golden Valley","2008","2017","5.9","< 10 Tests",
"38","North Dakota","38035","Grand Forks","2005","2014","9.3","",
"38","North Dakota","38035","Grand Forks","2006","2015","10.0","",
"38","North Dakota","38035","Grand Forks","2007","2016","10.2","",
"38","North Dakota","38035","Grand Forks","2008","2017","10.7","",
"38","North Dakota","38037","Grant","2005","2014","8.6","",
"38","North Dakota","38037","Grant","2006","2015","8.8","",
"38","North Dakota","38037","Grant","2007","2016","9.3","",
"38","North Dakota","38037","Grant","2008","2017","10.6","",
"38","North Dakota","38039","Griggs","2005","2014","5.7","",
"38","North Dakota","38039","Griggs","2006","2015","5.8","",
"38","North Dakota","38039","Griggs","2007","2016","6.0","",
"38","North Dakota","38039","Griggs","2008","2017","6.1","< 10 Tests",
"38","North Dakota","38041","Hettinger","2005","2014","6.7","",
"38","North Dakota","38041","Hettinger","2006","2015","6.8","",
"38","North Dakota","38041","Hettinger","2007","2016","7.9","",
"38","North Dakota","38041","Hettinger","2008","2017","6.1","",
"38","North Dakota","38043","Kidder","2005","2014","7.0","",
"38","North Dakota","38043","Kidder","2006","2015","7.2","",
"38","North Dakota","38043","Kidder","2007","2016","7.5","",
"38","North Dakota","38043","Kidder","2008","2017","8.2","",
"38","North Dakota","38045","LaMoure","2005","2014","5.5","",
"38","North Dakota","38045","LaMoure","2006","2015","5.8","",
"38","North Dakota","38045","LaMoure","2007","2016","5.8","",
"38","North Dakota","38045","LaMoure","2008","2017","6.0","",
"38","North Dakota","38047","Logan","2005","2014","4.6","",
"38","North Dakota","38047","Logan","2006","2015","4.7","",
"38","North Dakota","38047","Logan","2007","2016","4.3","",
"38","North Dakota","38047","Logan","2008","2017","6.9","",
"38","North Dakota","38049","McHenry","2005","2014","6.1","",
"38","North Dakota","38049","McHenry","2006","2015","6.7","",
"38","North Dakota","38049","McHenry","2007","2016","7.2","",
"38","North Dakota","38049","McHenry","2008","2017","7.3","",
"38","North Dakota","38051","McIntosh","2005","2014","6.5","",
"38","North Dakota","38051","McIntosh","2006","2015","6.6","",
"38","North Dakota","38051","McIntosh","2007","2016","9.8","",
"38","North Dakota","38051","McIntosh","2008","2017","10.1","",
"38","North Dakota","38053","McKenzie","2005","2014","6.4","",
"38","North Dakota","38053","McKenzie","2006","2015","6.8","",
"38","North Dakota","38053","McKenzie","2007","2016","6.5","",
"38","North Dakota","38053","McKenzie","2008","2017","5.8","",
"38","North Dakota","38055","McLean","2005","2014","5.1","",
"38","North Dakota","38055","McLean","2006","2015","5.4","",
"38","North Dakota","38055","McLean","2007","2016","5.7","",
"38","North Dakota","38055","McLean","2008","2017","6.8","",
"38","North Dakota","38057","Mercer","2005","2014","7.0","",
"38","North Dakota","38057","Mercer","2006","2015","7.2","",
"38","North Dakota","38057","Mercer","2007","2016","7.2","",
"38","North Dakota","38057","Mercer","2008","2017","6.9","",
"38","North Dakota","38059","Morton","2005","2014","6.1","",
"38","North Dakota","38059","Morton","2006","2015","6.3","",
"38","North Dakota","38059","Morton","2007","2016","6.3","",
"38","North Dakota","38059","Morton","2008","2017","6.5","",
"38","North Dakota","38061","Mountrail","2005","2014","8.7","",
"38","North Dakota","38061","Mountrail","2006","2015","9.1","",
"38","North Dakota","38061","Mountrail","2007","2016","9.7","",
"38","North Dakota","38061","Mountrail","2008","2017","9.7","",
"38","North Dakota","38063","Nelson","2005","2014","7.9","",
"38","North Dakota","38063","Nelson","2006","2015","8.1","",
"38","North Dakota","38063","Nelson","2007","2016","9.0","",
"38","North Dakota","38063","Nelson","2008","2017","11.1","",
"38","North Dakota","38065","Oliver","2005","2014","7.7","",
"38","North Dakota","38065","Oliver","2006","2015","7.4","",
"38","North Dakota","38065","Oliver","2007","2016","9.1","",
"38","North Dakota","38065","Oliver","2008","2017","8.5","",
"38","North Dakota","38067","Pembina","2005","2014","11.1","",
"38","North Dakota","38067","Pembina","2006","2015","12.2","",
"38","North Dakota","38067","Pembina","2007","2016","13.3","",
"38","North Dakota","38067","Pembina","2008","2017","13.8","",
"38","North Dakota","38069","Pierce","2005","2014","4.9","",
"38","North Dakota","38069","Pierce","2006","2015","5.2","",
"38","North Dakota","38069","Pierce","2007","2016","5.4","",
"38","North Dakota","38069","Pierce","2008","2017","5.8","",
"38","North Dakota","38071","Ramsey","2005","2014","8.4","",
"38","North Dakota","38071","Ramsey","2006","2015","8.8","",
"38","North Dakota","38071","Ramsey","2007","2016","9.4","",
"38","North Dakota","38071","Ramsey","2008","2017","9.2","",
"38","North Dakota","38073","Ransom","2005","2014","9.6","",
"38","North Dakota","38073","Ransom","2006","2015","10.2","",
"38","North Dakota","38073","Ransom","2007","2016","10.7","",
"38","North Dakota","38073","Ransom","2008","2017","11.1","",
"38","North Dakota","38075","Renville","2005","2014","8.9","< 10 Tests",
"38","North Dakota","38075","Renville","2006","2015","6.8","",
"38","North Dakota","38075","Renville","2007","2016","7.5","",
"38","North Dakota","38075","Renville","2008","2017","7.2","",
"38","North Dakota","38077","Richland","2005","2014","4.2","",
"38","North Dakota","38077","Richland","2006","2015","4.1","",
"38","North Dakota","38077","Richland","2007","2016","4.7","",
"38","North Dakota","38077","Richland","2008","2017","5.0","",
"38","North Dakota","38079","Rolette","2005","2014","5.8","",
"38","North Dakota","38079","Rolette","2006","2015","5.3","",
"38","North Dakota","38079","Rolette","2007","2016","5.3","",
"38","North Dakota","38079","Rolette","2008","2017","5.2","",
"38","North Dakota","38081","Sargent","2005","2014","5.2","",
"38","North Dakota","38081","Sargent","2006","2015","5.5","",
"38","North Dakota","38081","Sargent","2007","2016","6.2","",
"38","North Dakota","38081","Sargent","2008","2017","8.1","",
"38","North Dakota","38083","Sheridan","2005","2014","6.5","",
"38","North Dakota","38083","Sheridan","2006","2015","6.2","",
"38","North Dakota","38083","Sheridan","2007","2016","5.8","",
"38","North Dakota","38083","Sheridan","2008","2017","5.0","",
"38","North Dakota","38085","Sioux","2005","2014","9.3","< 10 Tests",
"38","North Dakota","38085","Sioux","2006","2015","9.3","< 10 Tests",
"38","North Dakota","38085","Sioux","2007","2016","9.3","< 10 Tests",
"38","North Dakota","38085","Sioux","2008","2017","9.3","< 10 Tests",
"38","North Dakota","38087","Slope","2005","2014","13.8","",
"38","North Dakota","38087","Slope","2006","2015","13.0","",
"38","North Dakota","38087","Slope","2007","2016","12.5","",
"38","North Dakota","38087","Slope","2008","2017","11.5","< 10 Tests",
"38","North Dakota","38089","Stark","2005","2014","6.8","",
"38","North Dakota","38089","Stark","2006","2015","6.9","",
"38","North Dakota","38089","Stark","2007","2016","6.6","",
"38","North Dakota","38089","Stark","2008","2017","6.5","",
"38","North Dakota","38091","Steele","2005","2014","1.4","< 10 Tests",
"38","North Dakota","38091","Steele","2006","2015","1.4","< 10 Tests",
"38","North Dakota","38091","Steele","2007","2016","1.4","< 10 Tests",
"38","North Dakota","38091","Steele","2008","2017","2.0","< 10 Tests",
"38","North Dakota","38093","Stutsman","2005","2014","7.1","",
"38","North Dakota","38093","Stutsman","2006","2015","7.5","",
"38","North Dakota","38093","Stutsman","2007","2016","7.5","",
"38","North Dakota","38093","Stutsman","2008","2017","7.5","",
"38","North Dakota","38095","Towner","2005","2014","5.9","",
"38","North Dakota","38095","Towner","2006","2015","6.1","",
"38","North Dakota","38095","Towner","2007","2016","5.3","",
"38","North Dakota","38095","Towner","2008","2017","6.0","",
"38","North Dakota","38097","Traill","2005","2014","5.4","",
"38","North Dakota","38097","Traill","2006","2015","5.5","",
"38","North Dakota","38097","Traill","2007","2016","6.1","",
"38","North Dakota","38097","Traill","2008","2017","6.5","",
"38","North Dakota","38099","Walsh","2005","2014","11.8","",
"38","North Dakota","38099","Walsh","2006","2015","12.0","",
"38","North Dakota","38099","Walsh","2007","2016","12.6","",
"38","North Dakota","38099","Walsh","2008","2017","13.2","",
"38","North Dakota","38101","Ward","2005","2014","4.0","",
"38","North Dakota","38101","Ward","2006","2015","4.0","",
"38","North Dakota","38101","Ward","2007","2016","4.2","",
"38","North Dakota","38101","Ward","2008","2017","4.3","",
"38","North Dakota","38103","Wells","2005","2014","4.3","",
"38","North Dakota","38103","Wells","2006","2015","4.4","",
"38","North Dakota","38103","Wells","2007","2016","4.6","",
"38","North Dakota","38103","Wells","2008","2017","4.6","",
"38","North Dakota","38105","Williams","2005","2014","3.7","",
"38","North Dakota","38105","Williams","2006","2015","3.8","",
"38","North Dakota","38105","Williams","2007","2016","4.0","",
"38","North Dakota","38105","Williams","2008","2017","3.6","",
"39","Ohio","39001","Adams","2005","2014","9.4","",
"39","Ohio","39001","Adams","2006","2015","9.1","",
"39","Ohio","39001","Adams","2007","2016","9.1","",
"39","Ohio","39001","Adams","2008","2017","10.0","",
"39","Ohio","39003","Allen","2005","2014","7.8","",
"39","Ohio","39003","Allen","2006","2015","7.9","",
"39","Ohio","39003","Allen","2007","2016","7.8","",
"39","Ohio","39003","Allen","2008","2017","7.6","",
"39","Ohio","39005","Ashland","2005","2014","11.0","",
"39","Ohio","39005","Ashland","2006","2015","10.7","",
"39","Ohio","39005","Ashland","2007","2016","10.8","",
"39","Ohio","39005","Ashland","2008","2017","11.2","",
"39","Ohio","39007","Ashtabula","2005","2014","6.8","",
"39","Ohio","39007","Ashtabula","2006","2015","6.4","",
"39","Ohio","39007","Ashtabula","2007","2016","6.5","",
"39","Ohio","39007","Ashtabula","2008","2017","5.7","",
"39","Ohio","39009","Athens","2005","2014","4.4","",
"39","Ohio","39009","Athens","2006","2015","4.4","",
"39","Ohio","39009","Athens","2007","2016","4.4","",
"39","Ohio","39009","Athens","2008","2017","4.5","",
"39","Ohio","39011","Auglaize","2005","2014","8.7","",
"39","Ohio","39011","Auglaize","2006","2015","8.5","",
"39","Ohio","39011","Auglaize","2007","2016","8.1","",
"39","Ohio","39011","Auglaize","2008","2017","7.7","",
"39","Ohio","39013","Belmont","2005","2014","6.8","",
"39","Ohio","39013","Belmont","2006","2015","6.7","",
"39","Ohio","39013","Belmont","2007","2016","6.5","",
"39","Ohio","39013","Belmont","2008","2017","6.5","",
"39","Ohio","39015","Brown","2005","2014","5.1","",
"39","Ohio","39015","Brown","2006","2015","4.9","",
"39","Ohio","39015","Brown","2007","2016","5.0","",
"39","Ohio","39015","Brown","2008","2017","4.4","",
"39","Ohio","39017","Butler","2005","2014","6.0","",
"39","Ohio","39017","Butler","2006","2015","6.0","",
"39","Ohio","39017","Butler","2007","2016","6.5","",
"39","Ohio","39017","Butler","2008","2017","6.7","",
"39","Ohio","39019","Carroll","2005","2014","15.7","",
"39","Ohio","39019","Carroll","2006","2015","16.2","",
"39","Ohio","39019","Carroll","2007","2016","16.6","",
"39","Ohio","39019","Carroll","2008","2017","16.8","",
"39","Ohio","39021","Champaign","2005","2014","10.7","",
"39","Ohio","39021","Champaign","2006","2015","11.1","",
"39","Ohio","39021","Champaign","2007","2016","11.7","",
"39","Ohio","39021","Champaign","2008","2017","11.5","",
"39","Ohio","39023","Clark","2005","2014","7.8","",
"39","Ohio","39023","Clark","2006","2015","8.3","",
"39","Ohio","39023","Clark","2007","2016","8.3","",
"39","Ohio","39023","Clark","2008","2017","7.7","",
"39","Ohio","39025","Clermont","2005","2014","4.8","",
"39","Ohio","39025","Clermont","2006","2015","4.9","",
"39","Ohio","39025","Clermont","2007","2016","5.0","",
"39","Ohio","39025","Clermont","2008","2017","5.1","",
"39","Ohio","39027","Clinton","2005","2014","6.2","",
"39","Ohio","39027","Clinton","2006","2015","6.2","",
"39","Ohio","39027","Clinton","2007","2016","6.1","",
"39","Ohio","39027","Clinton","2008","2017","5.7","",
"39","Ohio","39029","Columbiana","2005","2014","9.4","",
"39","Ohio","39029","Columbiana","2006","2015","9.5","",
"39","Ohio","39029","Columbiana","2007","2016","9.4","",
"39","Ohio","39029","Columbiana","2008","2017","9.5","",
"39","Ohio","39031","Coshocton","2005","2014","10.8","",
"39","Ohio","39031","Coshocton","2006","2015","10.5","",
"39","Ohio","39031","Coshocton","2007","2016","12.9","",
"39","Ohio","39031","Coshocton","2008","2017","13.3","",
"39","Ohio","39033","Crawford","2005","2014","6.8","",
"39","Ohio","39033","Crawford","2006","2015","6.8","",
"39","Ohio","39033","Crawford","2007","2016","6.9","",
"39","Ohio","39033","Crawford","2008","2017","6.7","",
"39","Ohio","39035","Cuyahoga","2005","2014","3.1","",
"39","Ohio","39035","Cuyahoga","2006","2015","3.1","",
"39","Ohio","39035","Cuyahoga","2007","2016","3.0","",
"39","Ohio","39035","Cuyahoga","2008","2017","3.0","",
"39","Ohio","39037","Darke","2005","2014","7.4","",
"39","Ohio","39037","Darke","2006","2015","7.1","",
"39","Ohio","39037","Darke","2007","2016","7.4","",
"39","Ohio","39037","Darke","2008","2017","7.8","",
"39","Ohio","39039","Defiance","2005","2014","5.5","",
"39","Ohio","39039","Defiance","2006","2015","5.4","",
"39","Ohio","39039","Defiance","2007","2016","5.4","",
"39","Ohio","39039","Defiance","2008","2017","5.5","",
"39","Ohio","39041","Delaware","2005","2014","8.2","",
"39","Ohio","39041","Delaware","2006","2015","8.4","",
"39","Ohio","39041","Delaware","2007","2016","8.4","",
"39","Ohio","39041","Delaware","2008","2017","8.4","",
"39","Ohio","39043","Erie","2005","2014","7.4","",
"39","Ohio","39043","Erie","2006","2015","7.4","",
"39","Ohio","39043","Erie","2007","2016","7.3","",
"39","Ohio","39043","Erie","2008","2017","7.3","",
"39","Ohio","39045","Fairfield","2005","2014","10.8","",
"39","Ohio","39045","Fairfield","2006","2015","11.1","",
"39","Ohio","39045","Fairfield","2007","2016","11.1","",
"39","Ohio","39045","Fairfield","2008","2017","10.9","",
"39","Ohio","39047","Fayette","2005","2014","6.2","",
"39","Ohio","39047","Fayette","2006","2015","7.3","",
"39","Ohio","39047","Fayette","2007","2016","8.6","",
"39","Ohio","39047","Fayette","2008","2017","8.8","",
"39","Ohio","39049","Franklin","2005","2014","9.7","",
"39","Ohio","39049","Franklin","2006","2015","9.8","",
"39","Ohio","39049","Franklin","2007","2016","9.7","",
"39","Ohio","39049","Franklin","2008","2017","9.5","",
"39","Ohio","39051","Fulton","2005","2014","4.5","",
"39","Ohio","39051","Fulton","2006","2015","4.7","",
"39","Ohio","39051","Fulton","2007","2016","4.8","",
"39","Ohio","39051","Fulton","2008","2017","4.7","",
"39","Ohio","39053","Gallia","2005","2014","6.9","",
"39","Ohio","39053","Gallia","2006","2015","6.1","",
"39","Ohio","39053","Gallia","2007","2016","4.7","",
"39","Ohio","39053","Gallia","2008","2017","4.8","",
"39","Ohio","39055","Geauga","2005","2014","3.3","",
"39","Ohio","39055","Geauga","2006","2015","3.3","",
"39","Ohio","39055","Geauga","2007","2016","3.1","",
"39","Ohio","39055","Geauga","2008","2017","3.1","",
"39","Ohio","39057","Greene","2005","2014","7.4","",
"39","Ohio","39057","Greene","2006","2015","7.6","",
"39","Ohio","39057","Greene","2007","2016","7.6","",
"39","Ohio","39057","Greene","2008","2017","7.9","",
"39","Ohio","39059","Guernsey","2005","2014","8.2","",
"39","Ohio","39059","Guernsey","2006","2015","8.1","",
"39","Ohio","39059","Guernsey","2007","2016","8.1","",
"39","Ohio","39059","Guernsey","2008","2017","7.4","",
"39","Ohio","39061","Hamilton","2005","2014","4.0","",
"39","Ohio","39061","Hamilton","2006","2015","4.1","",
"39","Ohio","39061","Hamilton","2007","2016","4.2","",
"39","Ohio","39061","Hamilton","2008","2017","4.1","",
"39","Ohio","39063","Hancock","2005","2014","5.3","",
"39","Ohio","39063","Hancock","2006","2015","5.3","",
"39","Ohio","39063","Hancock","2007","2016","5.2","",
"39","Ohio","39063","Hancock","2008","2017","5.3","",
"39","Ohio","39065","Hardin","2005","2014","3.9","",
"39","Ohio","39065","Hardin","2006","2015","3.8","",
"39","Ohio","39065","Hardin","2007","2016","4.2","",
"39","Ohio","39065","Hardin","2008","2017","4.4","",
"39","Ohio","39067","Harrison","2005","2014","9.3","",
"39","Ohio","39067","Harrison","2006","2015","8.6","",
"39","Ohio","39067","Harrison","2007","2016","8.0","",
"39","Ohio","39067","Harrison","2008","2017","7.7","",
"39","Ohio","39069","Henry","2005","2014","5.0","",
"39","Ohio","39069","Henry","2006","2015","5.2","",
"39","Ohio","39069","Henry","2007","2016","5.1","",
"39","Ohio","39069","Henry","2008","2017","5.8","",
"39","Ohio","39071","Highland","2005","2014","6.3","",
"39","Ohio","39071","Highland","2006","2015","6.4","",
"39","Ohio","39071","Highland","2007","2016","6.4","",
"39","Ohio","39071","Highland","2008","2017","6.9","",
"39","Ohio","39073","Hocking","2005","2014","6.2","",
"39","Ohio","39073","Hocking","2006","2015","6.2","",
"39","Ohio","39073","Hocking","2007","2016","6.4","",
"39","Ohio","39073","Hocking","2008","2017","8.4","",
"39","Ohio","39075","Holmes","2005","2014","13.3","",
"39","Ohio","39075","Holmes","2006","2015","15.3","",
"39","Ohio","39075","Holmes","2007","2016","16.3","",
"39","Ohio","39075","Holmes","2008","2017","16.2","",
"39","Ohio","39077","Huron","2005","2014","7.9","",
"39","Ohio","39077","Huron","2006","2015","8.1","",
"39","Ohio","39077","Huron","2007","2016","7.9","",
"39","Ohio","39077","Huron","2008","2017","7.9","",
"39","Ohio","39079","Jackson","2005","2014","4.6","",
"39","Ohio","39079","Jackson","2006","2015","4.5","",
"39","Ohio","39079","Jackson","2007","2016","4.5","",
"39","Ohio","39079","Jackson","2008","2017","4.4","",
"39","Ohio","39081","Jefferson","2005","2014","10.2","",
"39","Ohio","39081","Jefferson","2006","2015","10.3","",
"39","Ohio","39081","Jefferson","2007","2016","9.9","",
"39","Ohio","39081","Jefferson","2008","2017","9.7","",
"39","Ohio","39083","Knox","2005","2014","25.1","",
"39","Ohio","39083","Knox","2006","2015","25.0","",
"39","Ohio","39083","Knox","2007","2016","24.5","",
"39","Ohio","39083","Knox","2008","2017","23.6","",
"39","Ohio","39085","Lake","2005","2014","4.1","",
"39","Ohio","39085","Lake","2006","2015","4.2","",
"39","Ohio","39085","Lake","2007","2016","4.2","",
"39","Ohio","39085","Lake","2008","2017","4.0","",
"39","Ohio","39087","Lawrence","2005","2014","4.4","",
"39","Ohio","39087","Lawrence","2006","2015","4.1","",
"39","Ohio","39087","Lawrence","2007","2016","3.8","",
"39","Ohio","39087","Lawrence","2008","2017","3.5","",
"39","Ohio","39089","Licking","2005","2014","15.9","",
"39","Ohio","39089","Licking","2006","2015","15.3","",
"39","Ohio","39089","Licking","2007","2016","15.2","",
"39","Ohio","39089","Licking","2008","2017","15.5","",
"39","Ohio","39091","Logan","2005","2014","15.5","",
"39","Ohio","39091","Logan","2006","2015","15.3","",
"39","Ohio","39091","Logan","2007","2016","15.1","",
"39","Ohio","39091","Logan","2008","2017","14.4","",
"39","Ohio","39093","Lorain","2005","2014","5.5","",
"39","Ohio","39093","Lorain","2006","2015","5.4","",
"39","Ohio","39093","Lorain","2007","2016","5.4","",
"39","Ohio","39093","Lorain","2008","2017","5.3","",
"39","Ohio","39095","Lucas","2005","2014","4.1","",
"39","Ohio","39095","Lucas","2006","2015","4.3","",
"39","Ohio","39095","Lucas","2007","2016","4.6","",
"39","Ohio","39095","Lucas","2008","2017","4.7","",
"39","Ohio","39097","Madison","2005","2014","7.6","",
"39","Ohio","39097","Madison","2006","2015","8.0","",
"39","Ohio","39097","Madison","2007","2016","8.1","",
"39","Ohio","39097","Madison","2008","2017","8.0","",
"39","Ohio","39099","Mahoning","2005","2014","3.1","",
"39","Ohio","39099","Mahoning","2006","2015","3.0","",
"39","Ohio","39099","Mahoning","2007","2016","3.0","",
"39","Ohio","39099","Mahoning","2008","2017","3.2","",
"39","Ohio","39101","Marion","2005","2014","7.7","",
"39","Ohio","39101","Marion","2006","2015","8.2","",
"39","Ohio","39101","Marion","2007","2016","8.5","",
"39","Ohio","39101","Marion","2008","2017","9.1","",
"39","Ohio","39103","Medina","2005","2014","4.7","",
"39","Ohio","39103","Medina","2006","2015","4.8","",
"39","Ohio","39103","Medina","2007","2016","4.8","",
"39","Ohio","39103","Medina","2008","2017","4.7","",
"39","Ohio","39105","Meigs","2005","2014","4.4","",
"39","Ohio","39105","Meigs","2006","2015","4.3","",
"39","Ohio","39105","Meigs","2007","2016","4.3","",
"39","Ohio","39105","Meigs","2008","2017","2.8","",
"39","Ohio","39107","Mercer","2005","2014","6.8","",
"39","Ohio","39107","Mercer","2006","2015","6.9","",
"39","Ohio","39107","Mercer","2007","2016","7.4","",
"39","Ohio","39107","Mercer","2008","2017","7.5","",
"39","Ohio","39109","Miami","2005","2014","8.4","",
"39","Ohio","39109","Miami","2006","2015","8.6","",
"39","Ohio","39109","Miami","2007","2016","8.7","",
"39","Ohio","39109","Miami","2008","2017","8.8","",
"39","Ohio","39111","Monroe","2005","2014","8.7","",
"39","Ohio","39111","Monroe","2006","2015","8.6","",
"39","Ohio","39111","Monroe","2007","2016","8.3","",
"39","Ohio","39111","Monroe","2008","2017","8.2","",
"39","Ohio","39113","Montgomery","2005","2014","5.4","",
"39","Ohio","39113","Montgomery","2006","2015","5.5","",
"39","Ohio","39113","Montgomery","2007","2016","5.7","",
"39","Ohio","39113","Montgomery","2008","2017","5.7","",
"39","Ohio","39115","Morgan","2005","2014","4.0","< 10 Tests",
"39","Ohio","39115","Morgan","2006","2015","4.2","",
"39","Ohio","39115","Morgan","2007","2016","4.3","",
"39","Ohio","39115","Morgan","2008","2017","4.3","",
"39","Ohio","39117","Morrow","2005","2014","9.5","",
"39","Ohio","39117","Morrow","2006","2015","9.9","",
"39","Ohio","39117","Morrow","2007","2016","9.7","",
"39","Ohio","39117","Morrow","2008","2017","9.3","",
"39","Ohio","39119","Muskingum","2005","2014","7.6","",
"39","Ohio","39119","Muskingum","2006","2015","8.2","",
"39","Ohio","39119","Muskingum","2007","2016","8.4","",
"39","Ohio","39119","Muskingum","2008","2017","8.4","",
"39","Ohio","39121","Noble","2005","2014","3.5","",
"39","Ohio","39121","Noble","2006","2015","3.5","",
"39","Ohio","39121","Noble","2007","2016","3.5","",
"39","Ohio","39121","Noble","2008","2017","3.5","",
"39","Ohio","39123","Ottawa","2005","2014","5.5","",
"39","Ohio","39123","Ottawa","2006","2015","5.4","",
"39","Ohio","39123","Ottawa","2007","2016","5.1","",
"39","Ohio","39123","Ottawa","2008","2017","5.0","",
"39","Ohio","39125","Paulding","2005","2014","3.9","",
"39","Ohio","39125","Paulding","2006","2015","3.9","",
"39","Ohio","39125","Paulding","2007","2016","3.9","",
"39","Ohio","39125","Paulding","2008","2017","3.7","",
"39","Ohio","39127","Perry","2005","2014","7.2","",
"39","Ohio","39127","Perry","2006","2015","7.4","",
"39","Ohio","39127","Perry","2007","2016","7.3","",
"39","Ohio","39127","Perry","2008","2017","7.5","",
"39","Ohio","39129","Pickaway","2005","2014","15.3","",
"39","Ohio","39129","Pickaway","2006","2015","15.3","",
"39","Ohio","39129","Pickaway","2007","2016","13.9","",
"39","Ohio","39129","Pickaway","2008","2017","14.8","",
"39","Ohio","39131","Pike","2005","2014","6.8","",
"39","Ohio","39131","Pike","2006","2015","7.1","",
"39","Ohio","39131","Pike","2007","2016","7.3","",
"39","Ohio","39131","Pike","2008","2017","7.1","",
"39","Ohio","39133","Portage","2005","2014","4.8","",
"39","Ohio","39133","Portage","2006","2015","4.8","",
"39","Ohio","39133","Portage","2007","2016","4.7","",
"39","Ohio","39133","Portage","2008","2017","4.8","",
"39","Ohio","39135","Preble","2005","2014","9.1","",
"39","Ohio","39135","Preble","2006","2015","9.2","",
"39","Ohio","39135","Preble","2007","2016","9.7","",
"39","Ohio","39135","Preble","2008","2017","9.0","",
"39","Ohio","39137","Putnam","2005","2014","6.1","",
"39","Ohio","39137","Putnam","2006","2015","6.6","",
"39","Ohio","39137","Putnam","2007","2016","6.7","",
"39","Ohio","39137","Putnam","2008","2017","7.2","",
"39","Ohio","39139","Richland","2005","2014","10.1","",
"39","Ohio","39139","Richland","2006","2015","10.3","",
"39","Ohio","39139","Richland","2007","2016","9.7","",
"39","Ohio","39139","Richland","2008","2017","11.0","",
"39","Ohio","39141","Ross","2005","2014","12.5","",
"39","Ohio","39141","Ross","2006","2015","12.1","",
"39","Ohio","39141","Ross","2007","2016","12.8","",
"39","Ohio","39141","Ross","2008","2017","13.5","",
"39","Ohio","39143","Sandusky","2005","2014","9.1","",
"39","Ohio","39143","Sandusky","2006","2015","8.8","",
"39","Ohio","39143","Sandusky","2007","2016","8.1","",
"39","Ohio","39143","Sandusky","2008","2017","7.9","",
"39","Ohio","39145","Scioto","2005","2014","4.6","",
"39","Ohio","39145","Scioto","2006","2015","4.6","",
"39","Ohio","39145","Scioto","2007","2016","4.7","",
"39","Ohio","39145","Scioto","2008","2017","5.0","",
"39","Ohio","39147","Seneca","2005","2014","6.4","",
"39","Ohio","39147","Seneca","2006","2015","7.0","",
"39","Ohio","39147","Seneca","2007","2016","7.2","",
"39","Ohio","39147","Seneca","2008","2017","7.4","",
"39","Ohio","39149","Shelby","2005","2014","6.4","",
"39","Ohio","39149","Shelby","2006","2015","6.5","",
"39","Ohio","39149","Shelby","2007","2016","6.5","",
"39","Ohio","39149","Shelby","2008","2017","6.9","",
"39","Ohio","39151","Stark","2005","2014","8.8","",
"39","Ohio","39151","Stark","2006","2015","8.7","",
"39","Ohio","39151","Stark","2007","2016","8.2","",
"39","Ohio","39151","Stark","2008","2017","8.0","",
"39","Ohio","39153","Summit","2005","2014","5.0","",
"39","Ohio","39153","Summit","2006","2015","4.9","",
"39","Ohio","39153","Summit","2007","2016","4.9","",
"39","Ohio","39153","Summit","2008","2017","4.8","",
"39","Ohio","39155","Trumbull","2005","2014","3.4","",
"39","Ohio","39155","Trumbull","2006","2015","3.6","",
"39","Ohio","39155","Trumbull","2007","2016","3.6","",
"39","Ohio","39155","Trumbull","2008","2017","3.7","",
"39","Ohio","39157","Tuscarawas","2005","2014","9.8","",
"39","Ohio","39157","Tuscarawas","2006","2015","9.6","",
"39","Ohio","39157","Tuscarawas","2007","2016","9.9","",
"39","Ohio","39157","Tuscarawas","2008","2017","9.9","",
"39","Ohio","39159","Union","2005","2014","6.5","",
"39","Ohio","39159","Union","2006","2015","6.7","",
"39","Ohio","39159","Union","2007","2016","6.4","",
"39","Ohio","39159","Union","2008","2017","6.3","",
"39","Ohio","39161","Van Wert","2005","2014","5.3","",
"39","Ohio","39161","Van Wert","2006","2015","5.2","",
"39","Ohio","39161","Van Wert","2007","2016","4.7","",
"39","Ohio","39161","Van Wert","2008","2017","5.8","",
"39","Ohio","39163","Vinton","2005","2014","1.6","< 10 Tests",
"39","Ohio","39163","Vinton","2006","2015","1.6","< 10 Tests",
"39","Ohio","39163","Vinton","2007","2016","1.6","< 10 Tests",
"39","Ohio","39163","Vinton","2008","2017","3.1","< 10 Tests",
"39","Ohio","39165","Warren","2005","2014","5.2","",
"39","Ohio","39165","Warren","2006","2015","5.3","",
"39","Ohio","39165","Warren","2007","2016","5.5","",
"39","Ohio","39165","Warren","2008","2017","5.8","",
"39","Ohio","39167","Washington","2005","2014","4.5","",
"39","Ohio","39167","Washington","2006","2015","4.5","",
"39","Ohio","39167","Washington","2007","2016","4.7","",
"39","Ohio","39167","Washington","2008","2017","4.8","",
"39","Ohio","39169","Wayne","2005","2014","11.6","",
"39","Ohio","39169","Wayne","2006","2015","11.7","",
"39","Ohio","39169","Wayne","2007","2016","12.1","",
"39","Ohio","39169","Wayne","2008","2017","11.9","",
"39","Ohio","39171","Williams","2005","2014","3.6","",
"39","Ohio","39171","Williams","2006","2015","4.7","",
"39","Ohio","39171","Williams","2007","2016","4.9","",
"39","Ohio","39171","Williams","2008","2017","5.2","",
"39","Ohio","39173","Wood","2005","2014","4.9","",
"39","Ohio","39173","Wood","2006","2015","5.0","",
"39","Ohio","39173","Wood","2007","2016","5.4","",
"39","Ohio","39173","Wood","2008","2017","5.3","",
"39","Ohio","39175","Wyandot","2005","2014","5.6","",
"39","Ohio","39175","Wyandot","2006","2015","5.7","",
"39","Ohio","39175","Wyandot","2007","2016","5.8","",
"39","Ohio","39175","Wyandot","2008","2017","5.9","",
"40","Oklahoma","40001","Adair","2005","2014","3.8","< 10 Tests",
"40","Oklahoma","40001","Adair","2006","2015","3.8","< 10 Tests",
"40","Oklahoma","40001","Adair","2007","2016","3.8","< 10 Tests",
"40","Oklahoma","40001","Adair","2008","2017","3.8","< 10 Tests",
"40","Oklahoma","40003","Alfalfa","2005","2014","No Events","",
"40","Oklahoma","40003","Alfalfa","2006","2015","29.3","< 10 Tests",
"40","Oklahoma","40003","Alfalfa","2007","2016","29.3","< 10 Tests",
"40","Oklahoma","40003","Alfalfa","2008","2017","29.3","< 10 Tests",
"40","Oklahoma","40005","Atoka","2005","2014","No Events","",
"40","Oklahoma","40005","Atoka","2006","2015","No Events","",
"40","Oklahoma","40005","Atoka","2007","2016","No Events","",
"40","Oklahoma","40005","Atoka","2008","2017","No Events","",
"40","Oklahoma","40007","Beaver","2005","2014","0.6","< 10 Tests",
"40","Oklahoma","40007","Beaver","2006","2015","0.1","< 10 Tests",
"40","Oklahoma","40007","Beaver","2007","2016","No Events","",
"40","Oklahoma","40007","Beaver","2008","2017","No Events","",
"40","Oklahoma","40009","Beckham","2005","2014","1.4","< 10 Tests",
"40","Oklahoma","40009","Beckham","2006","2015","1.4","< 10 Tests",
"40","Oklahoma","40009","Beckham","2007","2016","1.4","< 10 Tests",
"40","Oklahoma","40009","Beckham","2008","2017","1.4","< 10 Tests",
"40","Oklahoma","40011","Blaine","2005","2014","No Events","",
"40","Oklahoma","40011","Blaine","2006","2015","No Events","",
"40","Oklahoma","40011","Blaine","2007","2016","No Events","",
"40","Oklahoma","40011","Blaine","2008","2017","No Events","",
"40","Oklahoma","40013","Bryan","2005","2014","0.6","< 10 Tests",
"40","Oklahoma","40013","Bryan","2006","2015","0.6","< 10 Tests",
"40","Oklahoma","40013","Bryan","2007","2016","0.6","< 10 Tests",
"40","Oklahoma","40013","Bryan","2008","2017","0.6","< 10 Tests",
"40","Oklahoma","40015","Caddo","2005","2014","No Events","",
"40","Oklahoma","40015","Caddo","2006","2015","No Events","",
"40","Oklahoma","40015","Caddo","2007","2016","No Events","",
"40","Oklahoma","40015","Caddo","2008","2017","No Events","",
"40","Oklahoma","40017","Canadian","2005","2014","11.8","",
"40","Oklahoma","40017","Canadian","2006","2015","11.3","",
"40","Oklahoma","40017","Canadian","2007","2016","11.3","",
"40","Oklahoma","40017","Canadian","2008","2017","11.3","",
"40","Oklahoma","40019","Carter","2005","2014","2.8","< 10 Tests",
"40","Oklahoma","40019","Carter","2006","2015","3.5","< 10 Tests",
"40","Oklahoma","40019","Carter","2007","2016","2.2","< 10 Tests",
"40","Oklahoma","40019","Carter","2008","2017","2.2","< 10 Tests",
"40","Oklahoma","40021","Cherokee","2005","2014","10.1","",
"40","Oklahoma","40021","Cherokee","2006","2015","9.7","",
"40","Oklahoma","40021","Cherokee","2007","2016","8.8","",
"40","Oklahoma","40021","Cherokee","2008","2017","9.1","",
"40","Oklahoma","40023","Choctaw","2005","2014","4.8","< 10 Tests",
"40","Oklahoma","40023","Choctaw","2006","2015","4.8","< 10 Tests",
"40","Oklahoma","40023","Choctaw","2007","2016","4.8","< 10 Tests",
"40","Oklahoma","40023","Choctaw","2008","2017","4.8","< 10 Tests",
"40","Oklahoma","40025","Cimarron","2005","2014","11.5","< 10 Tests",
"40","Oklahoma","40025","Cimarron","2006","2015","11.5","< 10 Tests",
"40","Oklahoma","40025","Cimarron","2007","2016","6.3","< 10 Tests",
"40","Oklahoma","40025","Cimarron","2008","2017","6.3","< 10 Tests",
"40","Oklahoma","40027","Cleveland","2005","2014","1.0","",
"40","Oklahoma","40027","Cleveland","2006","2015","1.1","",
"40","Oklahoma","40027","Cleveland","2007","2016","1.2","",
"40","Oklahoma","40027","Cleveland","2008","2017","1.2","",
"40","Oklahoma","40029","Coal","2005","2014","No Events","",
"40","Oklahoma","40029","Coal","2006","2015","No Events","",
"40","Oklahoma","40029","Coal","2007","2016","No Events","",
"40","Oklahoma","40029","Coal","2008","2017","No Events","",
"40","Oklahoma","40031","Comanche","2005","2014","1.1","",
"40","Oklahoma","40031","Comanche","2006","2015","1.1","",
"40","Oklahoma","40031","Comanche","2007","2016","0.6","",
"40","Oklahoma","40031","Comanche","2008","2017","1.0","< 10 Tests",
"40","Oklahoma","40033","Cotton","2005","2014","No Events","",
"40","Oklahoma","40033","Cotton","2006","2015","No Events","",
"40","Oklahoma","40033","Cotton","2007","2016","No Events","",
"40","Oklahoma","40033","Cotton","2008","2017","No Events","",
"40","Oklahoma","40035","Craig","2005","2014","3.6","< 10 Tests",
"40","Oklahoma","40035","Craig","2006","2015","3.6","< 10 Tests",
"40","Oklahoma","40035","Craig","2007","2016","2.6","< 10 Tests",
"40","Oklahoma","40035","Craig","2008","2017","2.6","< 10 Tests",
"40","Oklahoma","40037","Creek","2005","2014","1.1","",
"40","Oklahoma","40037","Creek","2006","2015","1.1","< 10 Tests",
"40","Oklahoma","40037","Creek","2007","2016","1.1","< 10 Tests",
"40","Oklahoma","40037","Creek","2008","2017","1.1","< 10 Tests",
"40","Oklahoma","40039","Custer","2005","2014","1.6","< 10 Tests",
"40","Oklahoma","40039","Custer","2006","2015","2.3","< 10 Tests",
"40","Oklahoma","40039","Custer","2007","2016","2.3","< 10 Tests",
"40","Oklahoma","40039","Custer","2008","2017","2.3","< 10 Tests",
"40","Oklahoma","40041","Delaware","2005","2014","8.1","",
"40","Oklahoma","40041","Delaware","2006","2015","8.3","",
"40","Oklahoma","40041","Delaware","2007","2016","8.4","",
"40","Oklahoma","40041","Delaware","2008","2017","8.5","",
"40","Oklahoma","40043","Dewey","2005","2014","7.1","< 10 Tests",
"40","Oklahoma","40043","Dewey","2006","2015","7.1","< 10 Tests",
"40","Oklahoma","40043","Dewey","2007","2016","7.1","< 10 Tests",
"40","Oklahoma","40043","Dewey","2008","2017","7.1","< 10 Tests",
"40","Oklahoma","40045","Ellis","2005","2014","No Events","",
"40","Oklahoma","40045","Ellis","2006","2015","No Events","",
"40","Oklahoma","40045","Ellis","2007","2016","No Events","",
"40","Oklahoma","40045","Ellis","2008","2017","No Events","",
"40","Oklahoma","40047","Garfield","2005","2014","2.1","< 10 Tests",
"40","Oklahoma","40047","Garfield","2006","2015","2.1","< 10 Tests",
"40","Oklahoma","40047","Garfield","2007","2016","3.3","< 10 Tests",
"40","Oklahoma","40047","Garfield","2008","2017","3.6","< 10 Tests",
"40","Oklahoma","40049","Garvin","2005","2014","1.9","< 10 Tests",
"40","Oklahoma","40049","Garvin","2006","2015","1.9","< 10 Tests",
"40","Oklahoma","40049","Garvin","2007","2016","1.9","< 10 Tests",
"40","Oklahoma","40049","Garvin","2008","2017","1.9","< 10 Tests",
"40","Oklahoma","40051","Grady","2005","2014","0.5","< 10 Tests",
"40","Oklahoma","40051","Grady","2006","2015","0.6","< 10 Tests",
"40","Oklahoma","40051","Grady","2007","2016","0.6","< 10 Tests",
"40","Oklahoma","40051","Grady","2008","2017","1.2","< 10 Tests",
"40","Oklahoma","40053","Grant","2005","2014","3.0","< 10 Tests",
"40","Oklahoma","40053","Grant","2006","2015","5.2","",
"40","Oklahoma","40053","Grant","2007","2016","5.5","< 10 Tests",
"40","Oklahoma","40053","Grant","2008","2017","5.5","< 10 Tests",
"40","Oklahoma","40055","Greer","2005","2014","No Events","",
"40","Oklahoma","40055","Greer","2006","2015","No Events","",
"40","Oklahoma","40055","Greer","2007","2016","No Events","",
"40","Oklahoma","40055","Greer","2008","2017","No Events","",
"40","Oklahoma","40057","Harmon","2005","2014","No Events","",
"40","Oklahoma","40057","Harmon","2006","2015","No Events","",
"40","Oklahoma","40057","Harmon","2007","2016","No Events","",
"40","Oklahoma","40057","Harmon","2008","2017","No Events","",
"40","Oklahoma","40059","Harper","2005","2014","No Events","",
"40","Oklahoma","40059","Harper","2006","2015","No Events","",
"40","Oklahoma","40059","Harper","2007","2016","No Events","",
"40","Oklahoma","40059","Harper","2008","2017","No Events","",
"40","Oklahoma","40061","Haskell","2005","2014","0.7","< 10 Tests",
"40","Oklahoma","40061","Haskell","2006","2015","0.7","< 10 Tests",
"40","Oklahoma","40061","Haskell","2007","2016","0.7","< 10 Tests",
"40","Oklahoma","40061","Haskell","2008","2017","0.7","< 10 Tests",
"40","Oklahoma","40063","Hughes","2005","2014","No Events","",
"40","Oklahoma","40063","Hughes","2006","2015","No Events","",
"40","Oklahoma","40063","Hughes","2007","2016","No Events","",
"40","Oklahoma","40063","Hughes","2008","2017","1.1","< 10 Tests",
"40","Oklahoma","40065","Jackson","2005","2014","0.4","< 10 Tests",
"40","Oklahoma","40065","Jackson","2006","2015","0.4","< 10 Tests",
"40","Oklahoma","40065","Jackson","2007","2016","0.4","< 10 Tests",
"40","Oklahoma","40065","Jackson","2008","2017","0.5","< 10 Tests",
"40","Oklahoma","40067","Jefferson","2005","2014","0.1","< 10 Tests",
"40","Oklahoma","40067","Jefferson","2006","2015","0.1","< 10 Tests",
"40","Oklahoma","40067","Jefferson","2007","2016","0.1","< 10 Tests",
"40","Oklahoma","40067","Jefferson","2008","2017","0.1","< 10 Tests",
"40","Oklahoma","40069","Johnston","2005","2014","No Events","",
"40","Oklahoma","40069","Johnston","2006","2015","No Events","",
"40","Oklahoma","40069","Johnston","2007","2016","No Events","",
"40","Oklahoma","40069","Johnston","2008","2017","No Events","",
"40","Oklahoma","40071","Kay","2005","2014","3.5","",
"40","Oklahoma","40071","Kay","2006","2015","3.8","",
"40","Oklahoma","40071","Kay","2007","2016","3.7","",
"40","Oklahoma","40071","Kay","2008","2017","3.8","",
"40","Oklahoma","40073","Kingfisher","2005","2014","0.6","< 10 Tests",
"40","Oklahoma","40073","Kingfisher","2006","2015","0.6","< 10 Tests",
"40","Oklahoma","40073","Kingfisher","2007","2016","1.2","< 10 Tests",
"40","Oklahoma","40073","Kingfisher","2008","2017","1.2","< 10 Tests",
"40","Oklahoma","40075","Kiowa","2005","2014","No Events","",
"40","Oklahoma","40075","Kiowa","2006","2015","No Events","",
"40","Oklahoma","40075","Kiowa","2007","2016","No Events","",
"40","Oklahoma","40075","Kiowa","2008","2017","No Events","",
"40","Oklahoma","40077","Latimer","2005","2014","No Events","",
"40","Oklahoma","40077","Latimer","2006","2015","No Events","",
"40","Oklahoma","40077","Latimer","2007","2016","No Events","",
"40","Oklahoma","40077","Latimer","2008","2017","No Events","",
"40","Oklahoma","40079","Le Flore","2005","2014","1.1","< 10 Tests",
"40","Oklahoma","40079","Le Flore","2006","2015","1.1","< 10 Tests",
"40","Oklahoma","40079","Le Flore","2007","2016","1.2","< 10 Tests",
"40","Oklahoma","40079","Le Flore","2008","2017","1.2","< 10 Tests",
"40","Oklahoma","40081","Lincoln","2005","2014","1.1","< 10 Tests",
"40","Oklahoma","40081","Lincoln","2006","2015","1.1","< 10 Tests",
"40","Oklahoma","40081","Lincoln","2007","2016","0.8","< 10 Tests",
"40","Oklahoma","40081","Lincoln","2008","2017","0.8","< 10 Tests",
"40","Oklahoma","40083","Logan","2005","2014","0.8","< 10 Tests",
"40","Oklahoma","40083","Logan","2006","2015","0.8","< 10 Tests",
"40","Oklahoma","40083","Logan","2007","2016","0.8","< 10 Tests",
"40","Oklahoma","40083","Logan","2008","2017","1.4","< 10 Tests",
"40","Oklahoma","40085","Love","2005","2014","No Events","",
"40","Oklahoma","40085","Love","2006","2015","No Events","",
"40","Oklahoma","40085","Love","2007","2016","No Events","",
"40","Oklahoma","40085","Love","2008","2017","No Events","",
"40","Oklahoma","40093","Major","2005","2014","No Events","",
"40","Oklahoma","40093","Major","2006","2015","2.7","< 10 Tests",
"40","Oklahoma","40093","Major","2007","2016","2.1","< 10 Tests",
"40","Oklahoma","40093","Major","2008","2017","2.1","< 10 Tests",
"40","Oklahoma","40095","Marshall","2005","2014","No Events","",
"40","Oklahoma","40095","Marshall","2006","2015","No Events","",
"40","Oklahoma","40095","Marshall","2007","2016","No Events","",
"40","Oklahoma","40095","Marshall","2008","2017","No Events","",
"40","Oklahoma","40097","Mayes","2005","2014","2.3","< 10 Tests",
"40","Oklahoma","40097","Mayes","2006","2015","2.3","< 10 Tests",
"40","Oklahoma","40097","Mayes","2007","2016","2.5","< 10 Tests",
"40","Oklahoma","40097","Mayes","2008","2017","5.1","< 10 Tests",
"40","Oklahoma","40087","McClain","2005","2014","1.5","< 10 Tests",
"40","Oklahoma","40087","McClain","2006","2015","1.5","< 10 Tests",
"40","Oklahoma","40087","McClain","2007","2016","3.2","< 10 Tests",
"40","Oklahoma","40087","McClain","2008","2017","3.2","< 10 Tests",
"40","Oklahoma","40089","McCurtain","2005","2014","No Events","",
"40","Oklahoma","40089","McCurtain","2006","2015","No Events","",
"40","Oklahoma","40089","McCurtain","2007","2016","No Events","",
"40","Oklahoma","40089","McCurtain","2008","2017","1.9","< 10 Tests",
"40","Oklahoma","40091","McIntosh","2005","2014","1.3","< 10 Tests",
"40","Oklahoma","40091","McIntosh","2006","2015","1.3","< 10 Tests",
"40","Oklahoma","40091","McIntosh","2007","2016","1.3","< 10 Tests",
"40","Oklahoma","40091","McIntosh","2008","2017","1.3","< 10 Tests",
"40","Oklahoma","40099","Murray","2005","2014","No Events","",
"40","Oklahoma","40099","Murray","2006","2015","No Events","",
"40","Oklahoma","40099","Murray","2007","2016","No Events","",
"40","Oklahoma","40099","Murray","2008","2017","No Events","",
"40","Oklahoma","40101","Muskogee","2005","2014","1.2","",
"40","Oklahoma","40101","Muskogee","2006","2015","1.6","",
"40","Oklahoma","40101","Muskogee","2007","2016","1.6","",
"40","Oklahoma","40101","Muskogee","2008","2017","1.5","",
"40","Oklahoma","40103","Noble","2005","2014","1.1","< 10 Tests",
"40","Oklahoma","40103","Noble","2006","2015","1.1","< 10 Tests",
"40","Oklahoma","40103","Noble","2007","2016","1.1","< 10 Tests",
"40","Oklahoma","40103","Noble","2008","2017","No Events","",
"40","Oklahoma","40105","Nowata","2005","2014","0.2","< 10 Tests",
"40","Oklahoma","40105","Nowata","2006","2015","0.2","< 10 Tests",
"40","Oklahoma","40105","Nowata","2007","2016","0.2","< 10 Tests",
"40","Oklahoma","40105","Nowata","2008","2017","No Events","",
"40","Oklahoma","40107","Okfuskee","2005","2014","No Events","",
"40","Oklahoma","40107","Okfuskee","2006","2015","No Events","",
"40","Oklahoma","40107","Okfuskee","2007","2016","No Events","",
"40","Oklahoma","40107","Okfuskee","2008","2017","No Events","",
"40","Oklahoma","40109","Oklahoma","2005","2014","1.7","",
"40","Oklahoma","40109","Oklahoma","2006","2015","1.7","",
"40","Oklahoma","40109","Oklahoma","2007","2016","1.6","",
"40","Oklahoma","40109","Oklahoma","2008","2017","1.6","",
"40","Oklahoma","40111","Okmulgee","2005","2014","1.1","< 10 Tests",
"40","Oklahoma","40111","Okmulgee","2006","2015","1.1","< 10 Tests",
"40","Oklahoma","40111","Okmulgee","2007","2016","1.5","< 10 Tests",
"40","Oklahoma","40111","Okmulgee","2008","2017","2.1","< 10 Tests",
"40","Oklahoma","40113","Osage","2005","2014","1.6","< 10 Tests",
"40","Oklahoma","40113","Osage","2006","2015","1.6","< 10 Tests",
"40","Oklahoma","40113","Osage","2007","2016","1.6","< 10 Tests",
"40","Oklahoma","40113","Osage","2008","2017","1.6","< 10 Tests",
"40","Oklahoma","40115","Ottawa","2005","2014","4.5","< 10 Tests",
"40","Oklahoma","40115","Ottawa","2006","2015","0.6","< 10 Tests",
"40","Oklahoma","40115","Ottawa","2007","2016","0.6","< 10 Tests",
"40","Oklahoma","40115","Ottawa","2008","2017","0.6","< 10 Tests",
"40","Oklahoma","40117","Pawnee","2005","2014","No Events","",
"40","Oklahoma","40117","Pawnee","2006","2015","No Events","",
"40","Oklahoma","40117","Pawnee","2007","2016","No Events","",
"40","Oklahoma","40117","Pawnee","2008","2017","No Events","",
"40","Oklahoma","40119","Payne","2005","2014","1.1","",
"40","Oklahoma","40119","Payne","2006","2015","1.2","",
"40","Oklahoma","40119","Payne","2007","2016","1.2","",
"40","Oklahoma","40119","Payne","2008","2017","1.3","",
"40","Oklahoma","40121","Pittsburg","2005","2014","No Events","",
"40","Oklahoma","40121","Pittsburg","2006","2015","No Events","",
"40","Oklahoma","40121","Pittsburg","2007","2016","No Events","",
"40","Oklahoma","40121","Pittsburg","2008","2017","No Events","",
"40","Oklahoma","40123","Pontotoc","2005","2014","0.5","< 10 Tests",
"40","Oklahoma","40123","Pontotoc","2006","2015","0.5","< 10 Tests",
"40","Oklahoma","40123","Pontotoc","2007","2016","0.5","< 10 Tests",
"40","Oklahoma","40123","Pontotoc","2008","2017","0.5","< 10 Tests",
"40","Oklahoma","40125","Pottawatomie","2005","2014","1.4","",
"40","Oklahoma","40125","Pottawatomie","2006","2015","1.4","",
"40","Oklahoma","40125","Pottawatomie","2007","2016","1.3","",
"40","Oklahoma","40125","Pottawatomie","2008","2017","1.5","< 10 Tests",
"40","Oklahoma","40127","Pushmataha","2005","2014","No Events","",
"40","Oklahoma","40127","Pushmataha","2006","2015","No Events","",
"40","Oklahoma","40127","Pushmataha","2007","2016","No Events","",
"40","Oklahoma","40127","Pushmataha","2008","2017","No Events","",
"40","Oklahoma","40129","Roger Mills","2005","2014","No Events","",
"40","Oklahoma","40129","Roger Mills","2006","2015","3.2","< 10 Tests",
"40","Oklahoma","40129","Roger Mills","2007","2016","3.2","< 10 Tests",
"40","Oklahoma","40129","Roger Mills","2008","2017","3.2","< 10 Tests",
"40","Oklahoma","40131","Rogers","2005","2014","4.1","",
"40","Oklahoma","40131","Rogers","2006","2015","1.3","",
"40","Oklahoma","40131","Rogers","2007","2016","2.0","",
"40","Oklahoma","40131","Rogers","2008","2017","2.1","",
"40","Oklahoma","40133","Seminole","2005","2014","No Events","",
"40","Oklahoma","40133","Seminole","2006","2015","No Events","",
"40","Oklahoma","40133","Seminole","2007","2016","No Events","",
"40","Oklahoma","40133","Seminole","2008","2017","No Events","",
"40","Oklahoma","40135","Sequoyah","2005","2014","1.7","< 10 Tests",
"40","Oklahoma","40135","Sequoyah","2006","2015","1.7","< 10 Tests",
"40","Oklahoma","40135","Sequoyah","2007","2016","1.7","< 10 Tests",
"40","Oklahoma","40135","Sequoyah","2008","2017","1.7","< 10 Tests",
"40","Oklahoma","40137","Stephens","2005","2014","0.8","< 10 Tests",
"40","Oklahoma","40137","Stephens","2006","2015","0.8","< 10 Tests",
"40","Oklahoma","40137","Stephens","2007","2016","0.8","< 10 Tests",
"40","Oklahoma","40137","Stephens","2008","2017","0.8","< 10 Tests",
"40","Oklahoma","40139","Texas","2005","2014","7.0","< 10 Tests",
"40","Oklahoma","40139","Texas","2006","2015","7.0","< 10 Tests",
"40","Oklahoma","40139","Texas","2007","2016","6.5","< 10 Tests",
"40","Oklahoma","40139","Texas","2008","2017","4.3","< 10 Tests",
"40","Oklahoma","40141","Tillman","2005","2014","No Events","",
"40","Oklahoma","40141","Tillman","2006","2015","No Events","",
"40","Oklahoma","40141","Tillman","2007","2016","No Events","",
"40","Oklahoma","40141","Tillman","2008","2017","No Events","",
"40","Oklahoma","40143","Tulsa","2005","2014","1.4","",
"40","Oklahoma","40143","Tulsa","2006","2015","1.6","",
"40","Oklahoma","40143","Tulsa","2007","2016","1.6","",
"40","Oklahoma","40143","Tulsa","2008","2017","1.8","",
"40","Oklahoma","40145","Wagoner","2005","2014","1.6","",
"40","Oklahoma","40145","Wagoner","2006","2015","1.9","",
"40","Oklahoma","40145","Wagoner","2007","2016","2.0","",
"40","Oklahoma","40145","Wagoner","2008","2017","1.8","< 10 Tests",
"40","Oklahoma","40147","Washington","2005","2014","2.4","",
"40","Oklahoma","40147","Washington","2006","2015","2.5","",
"40","Oklahoma","40147","Washington","2007","2016","2.1","",
"40","Oklahoma","40147","Washington","2008","2017","1.9","",
"40","Oklahoma","40149","Washita","2005","2014","2.4","< 10 Tests",
"40","Oklahoma","40149","Washita","2006","2015","2.5","< 10 Tests",
"40","Oklahoma","40149","Washita","2007","2016","2.5","< 10 Tests",
"40","Oklahoma","40149","Washita","2008","2017","2.5","< 10 Tests",
"40","Oklahoma","40151","Woods","2005","2014","No Events","",
"40","Oklahoma","40151","Woods","2006","2015","1.8","< 10 Tests",
"40","Oklahoma","40151","Woods","2007","2016","1.8","< 10 Tests",
"40","Oklahoma","40151","Woods","2008","2017","1.8","< 10 Tests",
"40","Oklahoma","40153","Woodward","2005","2014","No Events","",
"40","Oklahoma","40153","Woodward","2006","2015","No Events","",
"40","Oklahoma","40153","Woodward","2007","2016","No Events","",
"40","Oklahoma","40153","Woodward","2008","2017","No Events","",
"41","Oregon","41001","Baker","2005","2014","2.6","",
"41","Oregon","41001","Baker","2006","2015","2.9","",
"41","Oregon","41001","Baker","2007","2016","3.2","",
"41","Oregon","41001","Baker","2008","2017","3.7","",
"41","Oregon","41003","Benton","2005","2014","3.0","",
"41","Oregon","41003","Benton","2006","2015","2.9","",
"41","Oregon","41003","Benton","2007","2016","2.6","",
"41","Oregon","41003","Benton","2008","2017","2.5","",
"41","Oregon","41005","Clackamas","2005","2014","3.0","",
"41","Oregon","41005","Clackamas","2006","2015","3.0","",
"41","Oregon","41005","Clackamas","2007","2016","2.9","",
"41","Oregon","41005","Clackamas","2008","2017","2.8","",
"41","Oregon","41007","Clatsop","2005","2014","3.6","",
"41","Oregon","41007","Clatsop","2006","2015","3.6","",
"41","Oregon","41007","Clatsop","2007","2016","4.9","",
"41","Oregon","41007","Clatsop","2008","2017","5.4","",
"41","Oregon","41009","Columbia","2005","2014","6.4","",
"41","Oregon","41009","Columbia","2006","2015","5.5","",
"41","Oregon","41009","Columbia","2007","2016","5.7","",
"41","Oregon","41009","Columbia","2008","2017","5.2","",
"41","Oregon","41011","Coos","2005","2014","0.8","",
"41","Oregon","41011","Coos","2006","2015","0.8","",
"41","Oregon","41011","Coos","2007","2016","1.7","",
"41","Oregon","41011","Coos","2008","2017","1.9","",
"41","Oregon","41013","Crook","2005","2014","1.2","",
"41","Oregon","41013","Crook","2006","2015","1.4","",
"41","Oregon","41013","Crook","2007","2016","1.3","",
"41","Oregon","41013","Crook","2008","2017","1.3","",
"41","Oregon","41015","Curry","2005","2014","2.0","< 10 Tests",
"41","Oregon","41015","Curry","2006","2015","2.3","< 10 Tests",
"41","Oregon","41015","Curry","2007","2016","2.0","< 10 Tests",
"41","Oregon","41015","Curry","2008","2017","1.8","< 10 Tests",
"41","Oregon","41017","Deschutes","2005","2014","1.4","",
"41","Oregon","41017","Deschutes","2006","2015","1.3","",
"41","Oregon","41017","Deschutes","2007","2016","1.2","",
"41","Oregon","41017","Deschutes","2008","2017","1.2","",
"41","Oregon","41019","Douglas","2005","2014","1.4","",
"41","Oregon","41019","Douglas","2006","2015","1.6","",
"41","Oregon","41019","Douglas","2007","2016","1.8","",
"41","Oregon","41019","Douglas","2008","2017","1.7","",
"41","Oregon","41021","Gilliam","2005","2014","No Events","",
"41","Oregon","41021","Gilliam","2006","2015","No Events","",
"41","Oregon","41021","Gilliam","2007","2016","No Events","",
"41","Oregon","41021","Gilliam","2008","2017","No Events","",
"41","Oregon","41023","Grant","2005","2014","1.1","< 10 Tests",
"41","Oregon","41023","Grant","2006","2015","1.2","< 10 Tests",
"41","Oregon","41023","Grant","2007","2016","1.2","< 10 Tests",
"41","Oregon","41023","Grant","2008","2017","1.2","< 10 Tests",
"41","Oregon","41025","Harney","2005","2014","0.7","< 10 Tests",
"41","Oregon","41025","Harney","2006","2015","1.6","< 10 Tests",
"41","Oregon","41025","Harney","2007","2016","1.4","< 10 Tests",
"41","Oregon","41025","Harney","2008","2017","1.4","< 10 Tests",
"41","Oregon","41027","Hood River","2005","2014","3.9","",
"41","Oregon","41027","Hood River","2006","2015","4.2","",
"41","Oregon","41027","Hood River","2007","2016","4.7","",
"41","Oregon","41027","Hood River","2008","2017","4.8","",
"41","Oregon","41029","Jackson","2005","2014","1.2","",
"41","Oregon","41029","Jackson","2006","2015","1.3","",
"41","Oregon","41029","Jackson","2007","2016","1.5","",
"41","Oregon","41029","Jackson","2008","2017","1.5","",
"41","Oregon","41031","Jefferson","2005","2014","0.5","< 10 Tests",
"41","Oregon","41031","Jefferson","2006","2015","0.5","< 10 Tests",
"41","Oregon","41031","Jefferson","2007","2016","0.6","< 10 Tests",
"41","Oregon","41031","Jefferson","2008","2017","0.7","< 10 Tests",
"41","Oregon","41033","Josephine","2005","2014","2.2","",
"41","Oregon","41033","Josephine","2006","2015","2.2","",
"41","Oregon","41033","Josephine","2007","2016","2.4","",
"41","Oregon","41033","Josephine","2008","2017","1.5","",
"41","Oregon","41035","Klamath","2005","2014","1.2","",
"41","Oregon","41035","Klamath","2006","2015","1.2","",
"41","Oregon","41035","Klamath","2007","2016","1.2","",
"41","Oregon","41035","Klamath","2008","2017","1.2","",
"41","Oregon","41037","Lake","2005","2014","0.3","< 10 Tests",
"41","Oregon","41037","Lake","2006","2015","0.3","< 10 Tests",
"41","Oregon","41037","Lake","2007","2016","0.4","< 10 Tests",
"41","Oregon","41037","Lake","2008","2017","0.5","< 10 Tests",
"41","Oregon","41039","Lane","2005","2014","3.2","",
"41","Oregon","41039","Lane","2006","2015","3.1","",
"41","Oregon","41039","Lane","2007","2016","2.9","",
"41","Oregon","41039","Lane","2008","2017","1.7","",
"41","Oregon","41041","Lincoln","2005","2014","3.7","",
"41","Oregon","41041","Lincoln","2006","2015","3.7","",
"41","Oregon","41041","Lincoln","2007","2016","3.2","",
"41","Oregon","41041","Lincoln","2008","2017","3.1","",
"41","Oregon","41043","Linn","2005","2014","2.3","",
"41","Oregon","41043","Linn","2006","2015","2.0","",
"41","Oregon","41043","Linn","2007","2016","1.8","",
"41","Oregon","41043","Linn","2008","2017","1.8","",
"41","Oregon","41045","Malheur","2005","2014","1.5","",
"41","Oregon","41045","Malheur","2006","2015","1.5","",
"41","Oregon","41045","Malheur","2007","2016","1.7","",
"41","Oregon","41045","Malheur","2008","2017","2.1","",
"41","Oregon","41047","Marion","2005","2014","3.6","",
"41","Oregon","41047","Marion","2006","2015","3.6","",
"41","Oregon","41047","Marion","2007","2016","3.5","",
"41","Oregon","41047","Marion","2008","2017","3.3","",
"41","Oregon","41049","Morrow","2005","2014","0.8","< 10 Tests",
"41","Oregon","41049","Morrow","2006","2015","0.8","< 10 Tests",
"41","Oregon","41049","Morrow","2007","2016","0.8","< 10 Tests",
"41","Oregon","41049","Morrow","2008","2017","0.8","< 10 Tests",
"41","Oregon","41051","Multnomah","2005","2014","4.5","",
"41","Oregon","41051","Multnomah","2006","2015","4.5","",
"41","Oregon","41051","Multnomah","2007","2016","4.4","",
"41","Oregon","41051","Multnomah","2008","2017","4.3","",
"41","Oregon","41053","Polk","2005","2014","5.4","",
"41","Oregon","41053","Polk","2006","2015","4.9","",
"41","Oregon","41053","Polk","2007","2016","4.7","",
"41","Oregon","41053","Polk","2008","2017","4.4","",
"41","Oregon","41055","Sherman","2005","2014","No Events","",
"41","Oregon","41055","Sherman","2006","2015","No Events","",
"41","Oregon","41055","Sherman","2007","2016","No Events","",
"41","Oregon","41055","Sherman","2008","2017","No Events","< 10 Tests",
"41","Oregon","41057","Tillamook","2005","2014","4.5","",
"41","Oregon","41057","Tillamook","2006","2015","4.5","",
"41","Oregon","41057","Tillamook","2007","2016","6.9","",
"41","Oregon","41057","Tillamook","2008","2017","6.9","",
"41","Oregon","41059","Umatilla","2005","2014","2.6","",
"41","Oregon","41059","Umatilla","2006","2015","2.6","",
"41","Oregon","41059","Umatilla","2007","2016","2.7","",
"41","Oregon","41059","Umatilla","2008","2017","2.8","",
"41","Oregon","41061","Union","2005","2014","4.3","",
"41","Oregon","41061","Union","2006","2015","4.8","",
"41","Oregon","41061","Union","2007","2016","5.0","",
"41","Oregon","41061","Union","2008","2017","4.9","",
"41","Oregon","41063","Wallowa","2005","2014","2.5","",
"41","Oregon","41063","Wallowa","2006","2015","2.7","",
"41","Oregon","41063","Wallowa","2007","2016","2.7","",
"41","Oregon","41063","Wallowa","2008","2017","2.7","",
"41","Oregon","41065","Wasco","2005","2014","2.3","",
"41","Oregon","41065","Wasco","2006","2015","2.2","",
"41","Oregon","41065","Wasco","2007","2016","2.0","",
"41","Oregon","41065","Wasco","2008","2017","1.7","",
"41","Oregon","41067","Washington","2005","2014","2.0","",
"41","Oregon","41067","Washington","2006","2015","2.0","",
"41","Oregon","41067","Washington","2007","2016","2.0","",
"41","Oregon","41067","Washington","2008","2017","2.0","",
"41","Oregon","41069","Wheeler","2005","2014","0.1","< 10 Tests",
"41","Oregon","41069","Wheeler","2006","2015","0.1","< 10 Tests",
"41","Oregon","41069","Wheeler","2007","2016","0.1","< 10 Tests",
"41","Oregon","41069","Wheeler","2008","2017","0.1","< 10 Tests",
"41","Oregon","41071","Yamhill","2005","2014","3.8","",
"41","Oregon","41071","Yamhill","2006","2015","4.0","",
"41","Oregon","41071","Yamhill","2007","2016","3.8","",
"41","Oregon","41071","Yamhill","2008","2017","3.6","",
"42","Pennsylvania","42001","Adams","2005","2014","7.6","",
"42","Pennsylvania","42001","Adams","2006","2015","7.4","",
"42","Pennsylvania","42001","Adams","2007","2016","7.4","",
"42","Pennsylvania","42001","Adams","2008","2017","7.3","",
"42","Pennsylvania","42003","Allegheny","2005","2014","5.9","",
"42","Pennsylvania","42003","Allegheny","2006","2015","5.9","",
"42","Pennsylvania","42003","Allegheny","2007","2016","5.8","",
"42","Pennsylvania","42003","Allegheny","2008","2017","5.7","",
"42","Pennsylvania","42005","Armstrong","2005","2014","11.7","",
"42","Pennsylvania","42005","Armstrong","2006","2015","11.6","",
"42","Pennsylvania","42005","Armstrong","2007","2016","11.5","",
"42","Pennsylvania","42005","Armstrong","2008","2017","11.3","",
"42","Pennsylvania","42007","Beaver","2005","2014","8.3","",
"42","Pennsylvania","42007","Beaver","2006","2015","8.6","",
"42","Pennsylvania","42007","Beaver","2007","2016","8.5","",
"42","Pennsylvania","42007","Beaver","2008","2017","8.4","",
"42","Pennsylvania","42009","Bedford","2005","2014","12.2","",
"42","Pennsylvania","42009","Bedford","2006","2015","13.1","",
"42","Pennsylvania","42009","Bedford","2007","2016","13.5","",
"42","Pennsylvania","42009","Bedford","2008","2017","13.4","",
"42","Pennsylvania","42011","Berks","2005","2014","11.5","",
"42","Pennsylvania","42011","Berks","2006","2015","11.4","",
"42","Pennsylvania","42011","Berks","2007","2016","11.0","",
"42","Pennsylvania","42011","Berks","2008","2017","10.7","",
"42","Pennsylvania","42013","Blair","2005","2014","7.3","",
"42","Pennsylvania","42013","Blair","2006","2015","7.4","",
"42","Pennsylvania","42013","Blair","2007","2016","7.2","",
"42","Pennsylvania","42013","Blair","2008","2017","7.2","",
"42","Pennsylvania","42015","Bradford","2005","2014","9.6","",
"42","Pennsylvania","42015","Bradford","2006","2015","9.4","",
"42","Pennsylvania","42015","Bradford","2007","2016","9.1","",
"42","Pennsylvania","42015","Bradford","2008","2017","8.8","",
"42","Pennsylvania","42017","Bucks","2005","2014","4.4","",
"42","Pennsylvania","42017","Bucks","2006","2015","4.5","",
"42","Pennsylvania","42017","Bucks","2007","2016","4.5","",
"42","Pennsylvania","42017","Bucks","2008","2017","4.7","",
"42","Pennsylvania","42019","Butler","2005","2014","9.4","",
"42","Pennsylvania","42019","Butler","2006","2015","9.2","",
"42","Pennsylvania","42019","Butler","2007","2016","9.1","",
"42","Pennsylvania","42019","Butler","2008","2017","8.8","",
"42","Pennsylvania","42021","Cambria","2005","2014","7.9","",
"42","Pennsylvania","42021","Cambria","2006","2015","8.3","",
"42","Pennsylvania","42021","Cambria","2007","2016","8.3","",
"42","Pennsylvania","42021","Cambria","2008","2017","8.1","",
"42","Pennsylvania","42023","Cameron","2005","2014","9.7","",
"42","Pennsylvania","42023","Cameron","2006","2015","10.1","",
"42","Pennsylvania","42023","Cameron","2007","2016","7.7","",
"42","Pennsylvania","42023","Cameron","2008","2017","9.1","",
"42","Pennsylvania","42025","Carbon","2005","2014","15.0","",
"42","Pennsylvania","42025","Carbon","2006","2015","15.1","",
"42","Pennsylvania","42025","Carbon","2007","2016","14.8","",
"42","Pennsylvania","42025","Carbon","2008","2017","14.2","",
"42","Pennsylvania","42027","Centre","2005","2014","13.0","",
"42","Pennsylvania","42027","Centre","2006","2015","12.9","",
"42","Pennsylvania","42027","Centre","2007","2016","13.0","",
"42","Pennsylvania","42027","Centre","2008","2017","12.9","",
"42","Pennsylvania","42029","Chester","2005","2014","5.4","",
"42","Pennsylvania","42029","Chester","2006","2015","5.3","",
"42","Pennsylvania","42029","Chester","2007","2016","5.2","",
"42","Pennsylvania","42029","Chester","2008","2017","5.1","",
"42","Pennsylvania","42031","Clarion","2005","2014","10.5","",
"42","Pennsylvania","42031","Clarion","2006","2015","10.1","",
"42","Pennsylvania","42031","Clarion","2007","2016","9.5","",
"42","Pennsylvania","42031","Clarion","2008","2017","8.4","",
"42","Pennsylvania","42033","Clearfield","2005","2014","10.6","",
"42","Pennsylvania","42033","Clearfield","2006","2015","11.4","",
"42","Pennsylvania","42033","Clearfield","2007","2016","11.3","",
"42","Pennsylvania","42033","Clearfield","2008","2017","11.1","",
"42","Pennsylvania","42035","Clinton","2005","2014","10.6","",
"42","Pennsylvania","42035","Clinton","2006","2015","10.8","",
"42","Pennsylvania","42035","Clinton","2007","2016","10.4","",
"42","Pennsylvania","42035","Clinton","2008","2017","10.4","",
"42","Pennsylvania","42037","Columbia","2005","2014","19.1","",
"42","Pennsylvania","42037","Columbia","2006","2015","17.3","",
"42","Pennsylvania","42037","Columbia","2007","2016","17.0","",
"42","Pennsylvania","42037","Columbia","2008","2017","17.1","",
"42","Pennsylvania","42039","Crawford","2005","2014","4.7","",
"42","Pennsylvania","42039","Crawford","2006","2015","4.6","",
"42","Pennsylvania","42039","Crawford","2007","2016","4.5","",
"42","Pennsylvania","42039","Crawford","2008","2017","4.5","",
"42","Pennsylvania","42041","Cumberland","2005","2014","12.1","",
"42","Pennsylvania","42041","Cumberland","2006","2015","11.9","",
"42","Pennsylvania","42041","Cumberland","2007","2016","11.4","",
"42","Pennsylvania","42041","Cumberland","2008","2017","11.2","",
"42","Pennsylvania","42043","Dauphin","2005","2014","13.2","",
"42","Pennsylvania","42043","Dauphin","2006","2015","13.0","",
"42","Pennsylvania","42043","Dauphin","2007","2016","12.2","",
"42","Pennsylvania","42043","Dauphin","2008","2017","11.9","",
"42","Pennsylvania","42045","Delaware","2005","2014","3.1","",
"42","Pennsylvania","42045","Delaware","2006","2015","3.1","",
"42","Pennsylvania","42045","Delaware","2007","2016","3.0","",
"42","Pennsylvania","42045","Delaware","2008","2017","3.0","",
"42","Pennsylvania","42047","Elk","2005","2014","11.0","",
"42","Pennsylvania","42047","Elk","2006","2015","10.7","",
"42","Pennsylvania","42047","Elk","2007","2016","10.6","",
"42","Pennsylvania","42047","Elk","2008","2017","10.2","",
"42","Pennsylvania","42049","Erie","2005","2014","5.0","",
"42","Pennsylvania","42049","Erie","2006","2015","5.1","",
"42","Pennsylvania","42049","Erie","2007","2016","5.0","",
"42","Pennsylvania","42049","Erie","2008","2017","4.9","",
"42","Pennsylvania","42051","Fayette","2005","2014","5.8","",
"42","Pennsylvania","42051","Fayette","2006","2015","5.7","",
"42","Pennsylvania","42051","Fayette","2007","2016","5.8","",
"42","Pennsylvania","42051","Fayette","2008","2017","5.4","",
"42","Pennsylvania","42053","Forest","2005","2014","20.8","",
"42","Pennsylvania","42053","Forest","2006","2015","21.0","",
"42","Pennsylvania","42053","Forest","2007","2016","20.4","",
"42","Pennsylvania","42053","Forest","2008","2017","19.8","",
"42","Pennsylvania","42055","Franklin","2005","2014","10.7","",
"42","Pennsylvania","42055","Franklin","2006","2015","10.7","",
"42","Pennsylvania","42055","Franklin","2007","2016","10.6","",
"42","Pennsylvania","42055","Franklin","2008","2017","10.4","",
"42","Pennsylvania","42057","Fulton","2005","2014","18.6","",
"42","Pennsylvania","42057","Fulton","2006","2015","18.2","",
"42","Pennsylvania","42057","Fulton","2007","2016","18.0","",
"42","Pennsylvania","42057","Fulton","2008","2017","16.2","",
"42","Pennsylvania","42059","Greene","2005","2014","8.6","",
"42","Pennsylvania","42059","Greene","2006","2015","8.2","",
"42","Pennsylvania","42059","Greene","2007","2016","8.0","",
"42","Pennsylvania","42059","Greene","2008","2017","5.8","",
"42","Pennsylvania","42061","Huntingdon","2005","2014","12.3","",
"42","Pennsylvania","42061","Huntingdon","2006","2015","12.1","",
"42","Pennsylvania","42061","Huntingdon","2007","2016","11.1","",
"42","Pennsylvania","42061","Huntingdon","2008","2017","11.4","",
"42","Pennsylvania","42063","Indiana","2005","2014","9.3","",
"42","Pennsylvania","42063","Indiana","2006","2015","9.2","",
"42","Pennsylvania","42063","Indiana","2007","2016","8.9","",
"42","Pennsylvania","42063","Indiana","2008","2017","8.9","",
"42","Pennsylvania","42065","Jefferson","2005","2014","9.7","",
"42","Pennsylvania","42065","Jefferson","2006","2015","10.3","",
"42","Pennsylvania","42065","Jefferson","2007","2016","10.0","",
"42","Pennsylvania","42065","Jefferson","2008","2017","10.9","",
"42","Pennsylvania","42067","Juniata","2005","2014","16.0","",
"42","Pennsylvania","42067","Juniata","2006","2015","15.9","",
"42","Pennsylvania","42067","Juniata","2007","2016","15.4","",
"42","Pennsylvania","42067","Juniata","2008","2017","15.2","",
"42","Pennsylvania","42069","Lackawanna","2005","2014","5.0","",
"42","Pennsylvania","42069","Lackawanna","2006","2015","5.0","",
"42","Pennsylvania","42069","Lackawanna","2007","2016","5.0","",
"42","Pennsylvania","42069","Lackawanna","2008","2017","5.6","",
"42","Pennsylvania","42071","Lancaster","2005","2014","12.5","",
"42","Pennsylvania","42071","Lancaster","2006","2015","12.5","",
"42","Pennsylvania","42071","Lancaster","2007","2016","11.7","",
"42","Pennsylvania","42071","Lancaster","2008","2017","11.1","",
"42","Pennsylvania","42073","Lawrence","2005","2014","5.8","",
"42","Pennsylvania","42073","Lawrence","2006","2015","5.8","",
"42","Pennsylvania","42073","Lawrence","2007","2016","5.6","",
"42","Pennsylvania","42073","Lawrence","2008","2017","5.5","",
"42","Pennsylvania","42075","Lebanon","2005","2014","16.8","",
"42","Pennsylvania","42075","Lebanon","2006","2015","16.0","",
"42","Pennsylvania","42075","Lebanon","2007","2016","15.0","",
"42","Pennsylvania","42075","Lebanon","2008","2017","14.8","",
"42","Pennsylvania","42077","Lehigh","2005","2014","10.4","",
"42","Pennsylvania","42077","Lehigh","2006","2015","10.2","",
"42","Pennsylvania","42077","Lehigh","2007","2016","10.2","",
"42","Pennsylvania","42077","Lehigh","2008","2017","10.4","",
"42","Pennsylvania","42079","Luzerne","2005","2014","5.2","",
"42","Pennsylvania","42079","Luzerne","2006","2015","5.1","",
"42","Pennsylvania","42079","Luzerne","2007","2016","5.0","",
"42","Pennsylvania","42079","Luzerne","2008","2017","5.0","",
"42","Pennsylvania","42081","Lycoming","2005","2014","15.0","",
"42","Pennsylvania","42081","Lycoming","2006","2015","14.9","",
"42","Pennsylvania","42081","Lycoming","2007","2016","14.3","",
"42","Pennsylvania","42081","Lycoming","2008","2017","12.7","",
"42","Pennsylvania","42083","McKean","2005","2014","6.7","",
"42","Pennsylvania","42083","McKean","2006","2015","6.4","",
"42","Pennsylvania","42083","McKean","2007","2016","6.7","",
"42","Pennsylvania","42083","McKean","2008","2017","6.0","",
"42","Pennsylvania","42085","Mercer","2005","2014","5.0","",
"42","Pennsylvania","42085","Mercer","2006","2015","5.0","",
"42","Pennsylvania","42085","Mercer","2007","2016","4.9","",
"42","Pennsylvania","42085","Mercer","2008","2017","4.7","",
"42","Pennsylvania","42087","Mifflin","2005","2014","21.1","",
"42","Pennsylvania","42087","Mifflin","2006","2015","21.3","",
"42","Pennsylvania","42087","Mifflin","2007","2016","20.1","",
"42","Pennsylvania","42087","Mifflin","2008","2017","19.3","",
"42","Pennsylvania","42089","Monroe","2005","2014","8.7","",
"42","Pennsylvania","42089","Monroe","2006","2015","8.2","",
"42","Pennsylvania","42089","Monroe","2007","2016","8.5","",
"42","Pennsylvania","42089","Monroe","2008","2017","8.3","",
"42","Pennsylvania","42091","Montgomery","2005","2014","4.1","",
"42","Pennsylvania","42091","Montgomery","2006","2015","4.1","",
"42","Pennsylvania","42091","Montgomery","2007","2016","3.9","",
"42","Pennsylvania","42091","Montgomery","2008","2017","3.8","",
"42","Pennsylvania","42093","Montour","2005","2014","15.4","",
"42","Pennsylvania","42093","Montour","2006","2015","15.5","",
"42","Pennsylvania","42093","Montour","2007","2016","16.0","",
"42","Pennsylvania","42093","Montour","2008","2017","16.1","",
"42","Pennsylvania","42095","Northampton","2005","2014","10.5","",
"42","Pennsylvania","42095","Northampton","2006","2015","10.6","",
"42","Pennsylvania","42095","Northampton","2007","2016","10.0","",
"42","Pennsylvania","42095","Northampton","2008","2017","9.6","",
"42","Pennsylvania","42097","Northumberland","2005","2014","14.9","",
"42","Pennsylvania","42097","Northumberland","2006","2015","16.2","",
"42","Pennsylvania","42097","Northumberland","2007","2016","15.1","",
"42","Pennsylvania","42097","Northumberland","2008","2017","15.3","",
"42","Pennsylvania","42099","Perry","2005","2014","20.7","",
"42","Pennsylvania","42099","Perry","2006","2015","20.0","",
"42","Pennsylvania","42099","Perry","2007","2016","18.7","",
"42","Pennsylvania","42099","Perry","2008","2017","17.5","",
"42","Pennsylvania","42101","Philadelphia","2005","2014","2.4","",
"42","Pennsylvania","42101","Philadelphia","2006","2015","2.6","",
"42","Pennsylvania","42101","Philadelphia","2007","2016","2.5","",
"42","Pennsylvania","42101","Philadelphia","2008","2017","2.4","",
"42","Pennsylvania","42103","Pike","2005","2014","5.2","",
"42","Pennsylvania","42103","Pike","2006","2015","5.1","",
"42","Pennsylvania","42103","Pike","2007","2016","5.2","",
"42","Pennsylvania","42103","Pike","2008","2017","5.0","",
"42","Pennsylvania","42105","Potter","2005","2014","14.3","",
"42","Pennsylvania","42105","Potter","2006","2015","13.7","",
"42","Pennsylvania","42105","Potter","2007","2016","14.0","",
"42","Pennsylvania","42105","Potter","2008","2017","14.1","",
"42","Pennsylvania","42107","Schuylkill","2005","2014","16.7","",
"42","Pennsylvania","42107","Schuylkill","2006","2015","15.9","",
"42","Pennsylvania","42107","Schuylkill","2007","2016","15.3","",
"42","Pennsylvania","42107","Schuylkill","2008","2017","16.0","",
"42","Pennsylvania","42109","Snyder","2005","2014","17.0","",
"42","Pennsylvania","42109","Snyder","2006","2015","17.3","",
"42","Pennsylvania","42109","Snyder","2007","2016","16.6","",
"42","Pennsylvania","42109","Snyder","2008","2017","16.2","",
"42","Pennsylvania","42111","Somerset","2005","2014","8.2","",
"42","Pennsylvania","42111","Somerset","2006","2015","8.4","",
"42","Pennsylvania","42111","Somerset","2007","2016","8.4","",
"42","Pennsylvania","42111","Somerset","2008","2017","8.3","",
"42","Pennsylvania","42113","Sullivan","2005","2014","8.3","",
"42","Pennsylvania","42113","Sullivan","2006","2015","7.9","",
"42","Pennsylvania","42113","Sullivan","2007","2016","7.8","",
"42","Pennsylvania","42113","Sullivan","2008","2017","8.0","",
"42","Pennsylvania","42115","Susquehanna","2005","2014","5.4","",
"42","Pennsylvania","42115","Susquehanna","2006","2015","5.2","",
"42","Pennsylvania","42115","Susquehanna","2007","2016","5.1","",
"42","Pennsylvania","42115","Susquehanna","2008","2017","5.3","",
"42","Pennsylvania","42117","Tioga","2005","2014","6.2","",
"42","Pennsylvania","42117","Tioga","2006","2015","6.5","",
"42","Pennsylvania","42117","Tioga","2007","2016","6.7","",
"42","Pennsylvania","42117","Tioga","2008","2017","6.4","",
"42","Pennsylvania","42119","Union","2005","2014","12.0","",
"42","Pennsylvania","42119","Union","2006","2015","11.8","",
"42","Pennsylvania","42119","Union","2007","2016","11.7","",
"42","Pennsylvania","42119","Union","2008","2017","11.6","",
"42","Pennsylvania","42121","Venango","2005","2014","8.9","",
"42","Pennsylvania","42121","Venango","2006","2015","8.8","",
"42","Pennsylvania","42121","Venango","2007","2016","9.3","",
"42","Pennsylvania","42121","Venango","2008","2017","9.2","",
"42","Pennsylvania","42123","Warren","2005","2014","11.7","",
"42","Pennsylvania","42123","Warren","2006","2015","10.7","",
"42","Pennsylvania","42123","Warren","2007","2016","10.9","",
"42","Pennsylvania","42123","Warren","2008","2017","10.8","",
"42","Pennsylvania","42125","Washington","2005","2014","5.3","",
"42","Pennsylvania","42125","Washington","2006","2015","5.3","",
"42","Pennsylvania","42125","Washington","2007","2016","5.3","",
"42","Pennsylvania","42125","Washington","2008","2017","5.5","",
"42","Pennsylvania","42127","Wayne","2005","2014","4.7","",
"42","Pennsylvania","42127","Wayne","2006","2015","4.7","",
"42","Pennsylvania","42127","Wayne","2007","2016","4.9","",
"42","Pennsylvania","42127","Wayne","2008","2017","4.3","",
"42","Pennsylvania","42129","Westmoreland","2005","2014","6.5","",
"42","Pennsylvania","42129","Westmoreland","2006","2015","6.5","",
"42","Pennsylvania","42129","Westmoreland","2007","2016","6.4","",
"42","Pennsylvania","42129","Westmoreland","2008","2017","6.2","",
"42","Pennsylvania","42131","Wyoming","2005","2014","6.3","",
"42","Pennsylvania","42131","Wyoming","2006","2015","6.7","",
"42","Pennsylvania","42131","Wyoming","2007","2016","6.5","",
"42","Pennsylvania","42131","Wyoming","2008","2017","6.3","",
"42","Pennsylvania","42133","York","2005","2014","14.1","",
"42","Pennsylvania","42133","York","2006","2015","13.7","",
"42","Pennsylvania","42133","York","2007","2016","13.2","",
"42","Pennsylvania","42133","York","2008","2017","13.2","",
"44","Rhode Island","44001","Bristol","2005","2014","2.4","",
"44","Rhode Island","44001","Bristol","2006","2015","2.5","",
"44","Rhode Island","44001","Bristol","2007","2016","2.6","",
"44","Rhode Island","44001","Bristol","2008","2017","2.6","",
"44","Rhode Island","44003","Kent","2005","2014","3.6","",
"44","Rhode Island","44003","Kent","2006","2015","3.7","",
"44","Rhode Island","44003","Kent","2007","2016","3.8","",
"44","Rhode Island","44003","Kent","2008","2017","3.8","",
"44","Rhode Island","44005","Newport","2005","2014","4.2","",
"44","Rhode Island","44005","Newport","2006","2015","4.4","",
"44","Rhode Island","44005","Newport","2007","2016","4.3","",
"44","Rhode Island","44005","Newport","2008","2017","3.9","",
"44","Rhode Island","44007","Providence","2005","2014","2.6","",
"44","Rhode Island","44007","Providence","2006","2015","2.7","",
"44","Rhode Island","44007","Providence","2007","2016","2.7","",
"44","Rhode Island","44007","Providence","2008","2017","2.7","",
"44","Rhode Island","44009","Washington","2005","2014","5.1","",
"44","Rhode Island","44009","Washington","2006","2015","5.0","",
"44","Rhode Island","44009","Washington","2007","2016","5.2","",
"44","Rhode Island","44009","Washington","2008","2017","5.4","",
"45","South Carolina","45001","Abbeville","2005","2014","2.2","",
"45","South Carolina","45001","Abbeville","2006","2015","2.8","",
"45","South Carolina","45001","Abbeville","2007","2016","2.8","",
"45","South Carolina","45001","Abbeville","2008","2017","2.9","",
"45","South Carolina","45003","Aiken","2005","2014","2.0","",
"45","South Carolina","45003","Aiken","2006","2015","1.8","",
"45","South Carolina","45003","Aiken","2007","2016","1.8","",
"45","South Carolina","45003","Aiken","2008","2017","2.0","",
"45","South Carolina","45005","Allendale","2005","2014","0.1","< 10 Tests",
"45","South Carolina","45005","Allendale","2006","2015","0.1","< 10 Tests",
"45","South Carolina","45005","Allendale","2007","2016","0.1","< 10 Tests",
"45","South Carolina","45005","Allendale","2008","2017","0.1","< 10 Tests",
"45","South Carolina","45007","Anderson","2005","2014","1.8","",
"45","South Carolina","45007","Anderson","2006","2015","1.8","",
"45","South Carolina","45007","Anderson","2007","2016","1.8","",
"45","South Carolina","45007","Anderson","2008","2017","1.8","",
"45","South Carolina","45009","Bamberg","2005","2014","1.1","< 10 Tests",
"45","South Carolina","45009","Bamberg","2006","2015","1.3","",
"45","South Carolina","45009","Bamberg","2007","2016","1.3","",
"45","South Carolina","45009","Bamberg","2008","2017","1.3","",
"45","South Carolina","45011","Barnwell","2005","2014","2.0","< 10 Tests",
"45","South Carolina","45011","Barnwell","2006","2015","2.0","< 10 Tests",
"45","South Carolina","45011","Barnwell","2007","2016","2.0","< 10 Tests",
"45","South Carolina","45011","Barnwell","2008","2017","1.9","< 10 Tests",
"45","South Carolina","45013","Beaufort","2005","2014","0.9","",
"45","South Carolina","45013","Beaufort","2006","2015","0.9","",
"45","South Carolina","45013","Beaufort","2007","2016","0.9","",
"45","South Carolina","45013","Beaufort","2008","2017","0.9","",
"45","South Carolina","45015","Berkeley","2005","2014","1.0","",
"45","South Carolina","45015","Berkeley","2006","2015","1.0","",
"45","South Carolina","45015","Berkeley","2007","2016","1.0","",
"45","South Carolina","45015","Berkeley","2008","2017","1.0","",
"45","South Carolina","45017","Calhoun","2005","2014","0.9","",
"45","South Carolina","45017","Calhoun","2006","2015","0.9","",
"45","South Carolina","45017","Calhoun","2007","2016","0.9","",
"45","South Carolina","45017","Calhoun","2008","2017","0.6","< 10 Tests",
"45","South Carolina","45019","Charleston","2005","2014","0.9","",
"45","South Carolina","45019","Charleston","2006","2015","0.9","",
"45","South Carolina","45019","Charleston","2007","2016","0.9","",
"45","South Carolina","45019","Charleston","2008","2017","0.9","",
"45","South Carolina","45021","Cherokee","2005","2014","2.8","",
"45","South Carolina","45021","Cherokee","2006","2015","2.6","",
"45","South Carolina","45021","Cherokee","2007","2016","2.7","",
"45","South Carolina","45021","Cherokee","2008","2017","2.6","",
"45","South Carolina","45023","Chester","2005","2014","1.0","",
"45","South Carolina","45023","Chester","2006","2015","1.8","",
"45","South Carolina","45023","Chester","2007","2016","1.7","",
"45","South Carolina","45023","Chester","2008","2017","1.8","",
"45","South Carolina","45025","Chesterfield","2005","2014","0.7","",
"45","South Carolina","45025","Chesterfield","2006","2015","0.6","",
"45","South Carolina","45025","Chesterfield","2007","2016","0.7","",
"45","South Carolina","45025","Chesterfield","2008","2017","0.7","< 10 Tests",
"45","South Carolina","45027","Clarendon","2005","2014","1.1","< 10 Tests",
"45","South Carolina","45027","Clarendon","2006","2015","0.8","< 10 Tests",
"45","South Carolina","45027","Clarendon","2007","2016","0.8","< 10 Tests",
"45","South Carolina","45027","Clarendon","2008","2017","0.8","< 10 Tests",
"45","South Carolina","45029","Colleton","2005","2014","0.8","< 10 Tests",
"45","South Carolina","45029","Colleton","2006","2015","0.9","< 10 Tests",
"45","South Carolina","45029","Colleton","2007","2016","0.9","< 10 Tests",
"45","South Carolina","45029","Colleton","2008","2017","1.0","< 10 Tests",
"45","South Carolina","45031","Darlington","2005","2014","0.7","",
"45","South Carolina","45031","Darlington","2006","2015","0.7","",
"45","South Carolina","45031","Darlington","2007","2016","0.7","",
"45","South Carolina","45031","Darlington","2008","2017","0.6","",
"45","South Carolina","45033","Dillon","2005","2014","0.5","",
"45","South Carolina","45033","Dillon","2006","2015","0.5","",
"45","South Carolina","45033","Dillon","2007","2016","0.5","",
"45","South Carolina","45033","Dillon","2008","2017","0.5","",
"45","South Carolina","45035","Dorchester","2005","2014","1.3","",
"45","South Carolina","45035","Dorchester","2006","2015","1.6","",
"45","South Carolina","45035","Dorchester","2007","2016","1.6","",
"45","South Carolina","45035","Dorchester","2008","2017","1.5","",
"45","South Carolina","45037","Edgefield","2005","2014","2.6","< 10 Tests",
"45","South Carolina","45037","Edgefield","2006","2015","2.5","< 10 Tests",
"45","South Carolina","45037","Edgefield","2007","2016","2.0","",
"45","South Carolina","45037","Edgefield","2008","2017","2.1","",
"45","South Carolina","45039","Fairfield","2005","2014","2.1","",
"45","South Carolina","45039","Fairfield","2006","2015","2.1","",
"45","South Carolina","45039","Fairfield","2007","2016","2.1","",
"45","South Carolina","45039","Fairfield","2008","2017","1.8","",
"45","South Carolina","45041","Florence","2005","2014","0.9","",
"45","South Carolina","45041","Florence","2006","2015","0.8","",
"45","South Carolina","45041","Florence","2007","2016","0.7","",
"45","South Carolina","45041","Florence","2008","2017","0.7","",
"45","South Carolina","45043","Georgetown","2005","2014","0.7","",
"45","South Carolina","45043","Georgetown","2006","2015","0.7","",
"45","South Carolina","45043","Georgetown","2007","2016","0.7","",
"45","South Carolina","45043","Georgetown","2008","2017","0.4","",
"45","South Carolina","45045","Greenville","2005","2014","3.0","",
"45","South Carolina","45045","Greenville","2006","2015","3.0","",
"45","South Carolina","45045","Greenville","2007","2016","2.9","",
"45","South Carolina","45045","Greenville","2008","2017","2.9","",
"45","South Carolina","45047","Greenwood","2005","2014","1.6","",
"45","South Carolina","45047","Greenwood","2006","2015","1.6","",
"45","South Carolina","45047","Greenwood","2007","2016","1.6","",
"45","South Carolina","45047","Greenwood","2008","2017","1.5","",
"45","South Carolina","45049","Hampton","2005","2014","0.2","< 10 Tests",
"45","South Carolina","45049","Hampton","2006","2015","0.2","< 10 Tests",
"45","South Carolina","45049","Hampton","2007","2016","0.2","< 10 Tests",
"45","South Carolina","45049","Hampton","2008","2017","0.4","< 10 Tests",
"45","South Carolina","45051","Horry","2005","2014","0.8","",
"45","South Carolina","45051","Horry","2006","2015","0.8","",
"45","South Carolina","45051","Horry","2007","2016","0.8","",
"45","South Carolina","45051","Horry","2008","2017","0.8","",
"45","South Carolina","45053","Jasper","2005","2014","0.5","< 10 Tests",
"45","South Carolina","45053","Jasper","2006","2015","0.6","< 10 Tests",
"45","South Carolina","45053","Jasper","2007","2016","0.6","< 10 Tests",
"45","South Carolina","45053","Jasper","2008","2017","0.6","< 10 Tests",
"45","South Carolina","45055","Kershaw","2005","2014","0.9","",
"45","South Carolina","45055","Kershaw","2006","2015","1.0","",
"45","South Carolina","45055","Kershaw","2007","2016","1.0","",
"45","South Carolina","45055","Kershaw","2008","2017","1.0","",
"45","South Carolina","45057","Lancaster","2005","2014","2.5","",
"45","South Carolina","45057","Lancaster","2006","2015","2.5","",
"45","South Carolina","45057","Lancaster","2007","2016","2.4","",
"45","South Carolina","45057","Lancaster","2008","2017","2.2","",
"45","South Carolina","45059","Laurens","2005","2014","2.3","",
"45","South Carolina","45059","Laurens","2006","2015","2.3","",
"45","South Carolina","45059","Laurens","2007","2016","2.4","",
"45","South Carolina","45059","Laurens","2008","2017","2.4","",
"45","South Carolina","45061","Lee","2005","2014","0.7","< 10 Tests",
"45","South Carolina","45061","Lee","2006","2015","0.8","< 10 Tests",
"45","South Carolina","45061","Lee","2007","2016","0.8","< 10 Tests",
"45","South Carolina","45061","Lee","2008","2017","0.8","< 10 Tests",
"45","South Carolina","45063","Lexington","2005","2014","1.9","",
"45","South Carolina","45063","Lexington","2006","2015","1.9","",
"45","South Carolina","45063","Lexington","2007","2016","2.0","",
"45","South Carolina","45063","Lexington","2008","2017","2.2","",
"45","South Carolina","45067","Marion","2005","2014","0.8","< 10 Tests",
"45","South Carolina","45067","Marion","2006","2015","0.8","< 10 Tests",
"45","South Carolina","45067","Marion","2007","2016","0.9","< 10 Tests",
"45","South Carolina","45067","Marion","2008","2017","0.8","< 10 Tests",
"45","South Carolina","45069","Marlboro","2005","2014","0.8","< 10 Tests",
"45","South Carolina","45069","Marlboro","2006","2015","0.8","< 10 Tests",
"45","South Carolina","45069","Marlboro","2007","2016","0.8","< 10 Tests",
"45","South Carolina","45069","Marlboro","2008","2017","0.8","< 10 Tests",
"45","South Carolina","45065","McCormick","2005","2014","1.4","< 10 Tests",
"45","South Carolina","45065","McCormick","2006","2015","1.4","< 10 Tests",
"45","South Carolina","45065","McCormick","2007","2016","1.4","< 10 Tests",
"45","South Carolina","45065","McCormick","2008","2017","1.3","",
"45","South Carolina","45071","Newberry","2005","2014","1.8","",
"45","South Carolina","45071","Newberry","2006","2015","2.0","",
"45","South Carolina","45071","Newberry","2007","2016","2.0","",
"45","South Carolina","45071","Newberry","2008","2017","2.3","",
"45","South Carolina","45073","Oconee","2005","2014","5.0","",
"45","South Carolina","45073","Oconee","2006","2015","5.0","",
"45","South Carolina","45073","Oconee","2007","2016","4.9","",
"45","South Carolina","45073","Oconee","2008","2017","4.8","",
"45","South Carolina","45075","Orangeburg","2005","2014","1.0","",
"45","South Carolina","45075","Orangeburg","2006","2015","1.2","",
"45","South Carolina","45075","Orangeburg","2007","2016","1.2","",
"45","South Carolina","45075","Orangeburg","2008","2017","1.3","",
"45","South Carolina","45077","Pickens","2005","2014","3.4","",
"45","South Carolina","45077","Pickens","2006","2015","3.4","",
"45","South Carolina","45077","Pickens","2007","2016","3.4","",
"45","South Carolina","45077","Pickens","2008","2017","3.5","",
"45","South Carolina","45079","Richland","2005","2014","1.1","",
"45","South Carolina","45079","Richland","2006","2015","1.2","",
"45","South Carolina","45079","Richland","2007","2016","1.1","",
"45","South Carolina","45079","Richland","2008","2017","1.1","",
"45","South Carolina","45081","Saluda","2005","2014","1.5","",
"45","South Carolina","45081","Saluda","2006","2015","1.6","",
"45","South Carolina","45081","Saluda","2007","2016","1.6","",
"45","South Carolina","45081","Saluda","2008","2017","2.0","",
"45","South Carolina","45083","Spartanburg","2005","2014","2.8","",
"45","South Carolina","45083","Spartanburg","2006","2015","2.8","",
"45","South Carolina","45083","Spartanburg","2007","2016","2.8","",
"45","South Carolina","45083","Spartanburg","2008","2017","2.7","",
"45","South Carolina","45085","Sumter","2005","2014","1.3","",
"45","South Carolina","45085","Sumter","2006","2015","1.3","",
"45","South Carolina","45085","Sumter","2007","2016","1.5","",
"45","South Carolina","45085","Sumter","2008","2017","1.7","",
"45","South Carolina","45087","Union","2005","2014","1.1","",
"45","South Carolina","45087","Union","2006","2015","1.1","",
"45","South Carolina","45087","Union","2007","2016","1.1","",
"45","South Carolina","45087","Union","2008","2017","1.1","",
"45","South Carolina","45089","Williamsburg","2005","2014","0.6","",
"45","South Carolina","45089","Williamsburg","2006","2015","0.6","",
"45","South Carolina","45089","Williamsburg","2007","2016","0.6","",
"45","South Carolina","45089","Williamsburg","2008","2017","0.7","",
"45","South Carolina","45091","York","2005","2014","1.9","",
"45","South Carolina","45091","York","2006","2015","1.9","",
"45","South Carolina","45091","York","2007","2016","1.9","",
"45","South Carolina","45091","York","2008","2017","2.1","",
"46","South Dakota","46003","Aurora","2005","2014","5.1","< 10 Tests",
"46","South Dakota","46003","Aurora","2006","2015","4.9","",
"46","South Dakota","46003","Aurora","2007","2016","5.5","",
"46","South Dakota","46003","Aurora","2008","2017","4.9","",
"46","South Dakota","46005","Beadle","2005","2014","6.2","",
"46","South Dakota","46005","Beadle","2006","2015","6.4","",
"46","South Dakota","46005","Beadle","2007","2016","5.8","",
"46","South Dakota","46005","Beadle","2008","2017","6.6","",
"46","South Dakota","46007","Bennett","2005","2014","4.3","< 10 Tests",
"46","South Dakota","46007","Bennett","2006","2015","4.3","< 10 Tests",
"46","South Dakota","46007","Bennett","2007","2016","4.3","< 10 Tests",
"46","South Dakota","46007","Bennett","2008","2017","4.3","< 10 Tests",
"46","South Dakota","46009","Bon Homme","2005","2014","8.3","",
"46","South Dakota","46009","Bon Homme","2006","2015","9.5","",
"46","South Dakota","46009","Bon Homme","2007","2016","9.0","",
"46","South Dakota","46009","Bon Homme","2008","2017","8.5","",
"46","South Dakota","46011","Brookings","2005","2014","7.8","",
"46","South Dakota","46011","Brookings","2006","2015","8.2","",
"46","South Dakota","46011","Brookings","2007","2016","8.5","",
"46","South Dakota","46011","Brookings","2008","2017","8.6","",
"46","South Dakota","46013","Brown","2005","2014","5.3","",
"46","South Dakota","46013","Brown","2006","2015","5.7","",
"46","South Dakota","46013","Brown","2007","2016","5.6","",
"46","South Dakota","46013","Brown","2008","2017","6.6","",
"46","South Dakota","46015","Brule","2005","2014","7.7","",
"46","South Dakota","46015","Brule","2006","2015","7.2","",
"46","South Dakota","46015","Brule","2007","2016","7.3","",
"46","South Dakota","46015","Brule","2008","2017","7.5","",
"46","South Dakota","46017","Buffalo","2005","2014","10.9","< 10 Tests",
"46","South Dakota","46017","Buffalo","2006","2015","10.9","< 10 Tests",
"46","South Dakota","46017","Buffalo","2007","2016","No Events","",
"46","South Dakota","46017","Buffalo","2008","2017","No Events","",
"46","South Dakota","46019","Butte","2005","2014","6.8","",
"46","South Dakota","46019","Butte","2006","2015","6.1","",
"46","South Dakota","46019","Butte","2007","2016","7.0","",
"46","South Dakota","46019","Butte","2008","2017","7.8","",
"46","South Dakota","46021","Campbell","2005","2014","6.3","< 10 Tests",
"46","South Dakota","46021","Campbell","2006","2015","6.3","< 10 Tests",
"46","South Dakota","46021","Campbell","2007","2016","6.3","< 10 Tests",
"46","South Dakota","46021","Campbell","2008","2017","5.2","< 10 Tests",
"46","South Dakota","46023","Charles Mix","2005","2014","7.6","",
"46","South Dakota","46023","Charles Mix","2006","2015","7.1","",
"46","South Dakota","46023","Charles Mix","2007","2016","6.1","",
"46","South Dakota","46023","Charles Mix","2008","2017","10.8","",
"46","South Dakota","46025","Clark","2005","2014","9.5","< 10 Tests",
"46","South Dakota","46025","Clark","2006","2015","9.5","< 10 Tests",
"46","South Dakota","46025","Clark","2007","2016","8.4","< 10 Tests",
"46","South Dakota","46025","Clark","2008","2017","8.7","< 10 Tests",
"46","South Dakota","46027","Clay","2005","2014","5.7","",
"46","South Dakota","46027","Clay","2006","2015","5.7","",
"46","South Dakota","46027","Clay","2007","2016","5.0","",
"46","South Dakota","46027","Clay","2008","2017","5.4","",
"46","South Dakota","46029","Codington","2005","2014","9.6","",
"46","South Dakota","46029","Codington","2006","2015","9.6","",
"46","South Dakota","46029","Codington","2007","2016","9.2","",
"46","South Dakota","46029","Codington","2008","2017","8.9","",
"46","South Dakota","46031","Corson","2005","2014","8.0","< 10 Tests",
"46","South Dakota","46031","Corson","2006","2015","8.0","< 10 Tests",
"46","South Dakota","46031","Corson","2007","2016","No Events","",
"46","South Dakota","46031","Corson","2008","2017","No Events","",
"46","South Dakota","46033","Custer","2005","2014","40.9","",
"46","South Dakota","46033","Custer","2006","2015","40.0","",
"46","South Dakota","46033","Custer","2007","2016","35.1","",
"46","South Dakota","46033","Custer","2008","2017","30.1","",
"46","South Dakota","46035","Davison","2005","2014","5.0","",
"46","South Dakota","46035","Davison","2006","2015","5.0","",
"46","South Dakota","46035","Davison","2007","2016","4.9","",
"46","South Dakota","46035","Davison","2008","2017","5.1","",
"46","South Dakota","46037","Day","2005","2014","3.1","< 10 Tests",
"46","South Dakota","46037","Day","2006","2015","3.6","< 10 Tests",
"46","South Dakota","46037","Day","2007","2016","6.1","< 10 Tests",
"46","South Dakota","46037","Day","2008","2017","7.2","",
"46","South Dakota","46039","Deuel","2005","2014","9.2","",
"46","South Dakota","46039","Deuel","2006","2015","9.1","",
"46","South Dakota","46039","Deuel","2007","2016","10.1","",
"46","South Dakota","46039","Deuel","2008","2017","10.4","",
"46","South Dakota","46041","Dewey","2005","2014","0.6","< 10 Tests",
"46","South Dakota","46041","Dewey","2006","2015","0.6","< 10 Tests",
"46","South Dakota","46041","Dewey","2007","2016","0.6","< 10 Tests",
"46","South Dakota","46041","Dewey","2008","2017","0.6","< 10 Tests",
"46","South Dakota","46043","Douglas","2005","2014","1.7","< 10 Tests",
"46","South Dakota","46043","Douglas","2006","2015","1.7","< 10 Tests",
"46","South Dakota","46043","Douglas","2007","2016","1.7","< 10 Tests",
"46","South Dakota","46043","Douglas","2008","2017","1.7","< 10 Tests",
"46","South Dakota","46045","Edmunds","2005","2014","5.8","",
"46","South Dakota","46045","Edmunds","2006","2015","5.9","",
"46","South Dakota","46045","Edmunds","2007","2016","6.9","< 10 Tests",
"46","South Dakota","46045","Edmunds","2008","2017","6.9","< 10 Tests",
"46","South Dakota","46047","Fall River","2005","2014","7.0","",
"46","South Dakota","46047","Fall River","2006","2015","6.9","",
"46","South Dakota","46047","Fall River","2007","2016","6.5","",
"46","South Dakota","46047","Fall River","2008","2017","6.9","",
"46","South Dakota","46049","Faulk","2005","2014","32.2","< 10 Tests",
"46","South Dakota","46049","Faulk","2006","2015","32.2","< 10 Tests",
"46","South Dakota","46049","Faulk","2007","2016","32.2","< 10 Tests",
"46","South Dakota","46049","Faulk","2008","2017","32.2","< 10 Tests",
"46","South Dakota","46051","Grant","2005","2014","8.1","",
"46","South Dakota","46051","Grant","2006","2015","8.1","",
"46","South Dakota","46051","Grant","2007","2016","7.8","",
"46","South Dakota","46051","Grant","2008","2017","7.5","",
"46","South Dakota","46053","Gregory","2005","2014","8.1","",
"46","South Dakota","46053","Gregory","2006","2015","8.1","",
"46","South Dakota","46053","Gregory","2007","2016","7.2","",
"46","South Dakota","46053","Gregory","2008","2017","5.8","",
"46","South Dakota","46055","Haakon","2005","2014","6.3","< 10 Tests",
"46","South Dakota","46055","Haakon","2006","2015","6.3","< 10 Tests",
"46","South Dakota","46055","Haakon","2007","2016","6.3","< 10 Tests",
"46","South Dakota","46055","Haakon","2008","2017","7.2","< 10 Tests",
"46","South Dakota","46057","Hamlin","2005","2014","6.2","",
"46","South Dakota","46057","Hamlin","2006","2015","6.3","",
"46","South Dakota","46057","Hamlin","2007","2016","6.0","",
"46","South Dakota","46057","Hamlin","2008","2017","6.5","",
"46","South Dakota","46059","Hand","2005","2014","5.9","",
"46","South Dakota","46059","Hand","2006","2015","6.0","",
"46","South Dakota","46059","Hand","2007","2016","6.0","",
"46","South Dakota","46059","Hand","2008","2017","6.0","",
"46","South Dakota","46061","Hanson","2005","2014","3.3","< 10 Tests",
"46","South Dakota","46061","Hanson","2006","2015","3.3","< 10 Tests",
"46","South Dakota","46061","Hanson","2007","2016","3.3","< 10 Tests",
"46","South Dakota","46061","Hanson","2008","2017","3.4","< 10 Tests",
"46","South Dakota","46063","Harding","2005","2014","7.9","< 10 Tests",
"46","South Dakota","46063","Harding","2006","2015","7.9","< 10 Tests",
"46","South Dakota","46063","Harding","2007","2016","No Events","",
"46","South Dakota","46063","Harding","2008","2017","5.1","< 10 Tests",
"46","South Dakota","46065","Hughes","2005","2014","6.1","",
"46","South Dakota","46065","Hughes","2006","2015","5.9","",
"46","South Dakota","46065","Hughes","2007","2016","7.1","",
"46","South Dakota","46065","Hughes","2008","2017","6.6","",
"46","South Dakota","46067","Hutchinson","2005","2014","9.4","",
"46","South Dakota","46067","Hutchinson","2006","2015","9.6","",
"46","South Dakota","46067","Hutchinson","2007","2016","8.5","",
"46","South Dakota","46067","Hutchinson","2008","2017","8.0","",
"46","South Dakota","46069","Hyde","2005","2014","5.4","< 10 Tests",
"46","South Dakota","46069","Hyde","2006","2015","5.4","< 10 Tests",
"46","South Dakota","46069","Hyde","2007","2016","5.4","< 10 Tests",
"46","South Dakota","46069","Hyde","2008","2017","4.2","< 10 Tests",
"46","South Dakota","46071","Jackson","2005","2014","1.1","< 10 Tests",
"46","South Dakota","46071","Jackson","2006","2015","1.1","< 10 Tests",
"46","South Dakota","46071","Jackson","2007","2016","1.1","< 10 Tests",
"46","South Dakota","46071","Jackson","2008","2017","1.1","< 10 Tests",
"46","South Dakota","46073","Jerauld","2005","2014","9.4","",
"46","South Dakota","46073","Jerauld","2006","2015","9.1","",
"46","South Dakota","46073","Jerauld","2007","2016","8.9","",
"46","South Dakota","46073","Jerauld","2008","2017","9.1","",
"46","South Dakota","46075","Jones","2005","2014","30.9","< 10 Tests",
"46","South Dakota","46075","Jones","2006","2015","30.9","< 10 Tests",
"46","South Dakota","46075","Jones","2007","2016","26.1","< 10 Tests",
"46","South Dakota","46075","Jones","2008","2017","20.5","< 10 Tests",
"46","South Dakota","46077","Kingsbury","2005","2014","10.5","",
"46","South Dakota","46077","Kingsbury","2006","2015","9.5","",
"46","South Dakota","46077","Kingsbury","2007","2016","9.4","",
"46","South Dakota","46077","Kingsbury","2008","2017","8.9","",
"46","South Dakota","46079","Lake","2005","2014","9.3","",
"46","South Dakota","46079","Lake","2006","2015","9.3","",
"46","South Dakota","46079","Lake","2007","2016","8.3","",
"46","South Dakota","46079","Lake","2008","2017","10.0","",
"46","South Dakota","46081","Lawrence","2005","2014","28.6","",
"46","South Dakota","46081","Lawrence","2006","2015","34.8","",
"46","South Dakota","46081","Lawrence","2007","2016","30.9","",
"46","South Dakota","46081","Lawrence","2008","2017","29.0","",
"46","South Dakota","46083","Lincoln","2005","2014","6.8","",
"46","South Dakota","46083","Lincoln","2006","2015","6.7","",
"46","South Dakota","46083","Lincoln","2007","2016","6.4","",
"46","South Dakota","46083","Lincoln","2008","2017","6.5","",
"46","South Dakota","46085","Lyman","2005","2014","20.4","< 10 Tests",
"46","South Dakota","46085","Lyman","2006","2015","20.4","< 10 Tests",
"46","South Dakota","46085","Lyman","2007","2016","20.4","< 10 Tests",
"46","South Dakota","46085","Lyman","2008","2017","22.1","< 10 Tests",
"46","South Dakota","46091","Marshall","2005","2014","11.2","",
"46","South Dakota","46091","Marshall","2006","2015","11.2","",
"46","South Dakota","46091","Marshall","2007","2016","10.9","",
"46","South Dakota","46091","Marshall","2008","2017","10.7","",
"46","South Dakota","46087","McCook","2005","2014","6.7","",
"46","South Dakota","46087","McCook","2006","2015","6.1","",
"46","South Dakota","46087","McCook","2007","2016","5.1","",
"46","South Dakota","46087","McCook","2008","2017","5.4","",
"46","South Dakota","46089","McPherson","2005","2014","4.4","",
"46","South Dakota","46089","McPherson","2006","2015","4.4","",
"46","South Dakota","46089","McPherson","2007","2016","4.8","",
"46","South Dakota","46089","McPherson","2008","2017","6.3","",
"46","South Dakota","46093","Meade","2005","2014","7.5","",
"46","South Dakota","46093","Meade","2006","2015","7.1","",
"46","South Dakota","46093","Meade","2007","2016","7.1","",
"46","South Dakota","46093","Meade","2008","2017","7.1","",
"46","South Dakota","46095","Mellette","2005","2014","No Events","",
"46","South Dakota","46095","Mellette","2006","2015","No Events","",
"46","South Dakota","46095","Mellette","2007","2016","No Events","",
"46","South Dakota","46095","Mellette","2008","2017","No Events","",
"46","South Dakota","46097","Miner","2005","2014","9.7","< 10 Tests",
"46","South Dakota","46097","Miner","2006","2015","21.5","",
"46","South Dakota","46097","Miner","2007","2016","28.6","< 10 Tests",
"46","South Dakota","46097","Miner","2008","2017","34.4","< 10 Tests",
"46","South Dakota","46099","Minnehaha","2005","2014","7.1","",
"46","South Dakota","46099","Minnehaha","2006","2015","6.8","",
"46","South Dakota","46099","Minnehaha","2007","2016","6.6","",
"46","South Dakota","46099","Minnehaha","2008","2017","6.5","",
"46","South Dakota","46101","Moody","2005","2014","6.0","",
"46","South Dakota","46101","Moody","2006","2015","6.4","",
"46","South Dakota","46101","Moody","2007","2016","6.2","",
"46","South Dakota","46101","Moody","2008","2017","6.6","",
"46","South Dakota","46103","Pennington","2005","2014","18.4","",
"46","South Dakota","46103","Pennington","2006","2015","16.2","",
"46","South Dakota","46103","Pennington","2007","2016","12.0","",
"46","South Dakota","46103","Pennington","2008","2017","10.0","",
"46","South Dakota","46105","Perkins","2005","2014","7.0","",
"46","South Dakota","46105","Perkins","2006","2015","7.0","",
"46","South Dakota","46105","Perkins","2007","2016","7.6","",
"46","South Dakota","46105","Perkins","2008","2017","7.9","",
"46","South Dakota","46107","Potter","2005","2014","1.2","< 10 Tests",
"46","South Dakota","46107","Potter","2006","2015","1.2","< 10 Tests",
"46","South Dakota","46107","Potter","2007","2016","1.2","< 10 Tests",
"46","South Dakota","46107","Potter","2008","2017","1.2","< 10 Tests",
"46","South Dakota","46109","Roberts","2005","2014","4.8","",
"46","South Dakota","46109","Roberts","2006","2015","4.8","",
"46","South Dakota","46109","Roberts","2007","2016","5.0","",
"46","South Dakota","46109","Roberts","2008","2017","5.0","",
"46","South Dakota","46111","Sanborn","2005","2014","3.0","< 10 Tests",
"46","South Dakota","46111","Sanborn","2006","2015","4.9","< 10 Tests",
"46","South Dakota","46111","Sanborn","2007","2016","4.9","< 10 Tests",
"46","South Dakota","46111","Sanborn","2008","2017","5.3","< 10 Tests",
"46","South Dakota","46113","Shannon","2005","2014","No Events","",
"46","South Dakota","46113","Shannon","2006","2015","No Events","",
"46","South Dakota","46113","Shannon","2007","2016","No Events","",
"46","South Dakota","46113","Shannon","2008","2017","No Events","",
"46","South Dakota","46115","Spink","2005","2014","5.8","",
"46","South Dakota","46115","Spink","2006","2015","6.6","",
"46","South Dakota","46115","Spink","2007","2016","5.8","",
"46","South Dakota","46115","Spink","2008","2017","5.5","",
"46","South Dakota","46117","Stanley","2005","2014","5.2","< 10 Tests",
"46","South Dakota","46117","Stanley","2006","2015","5.2","< 10 Tests",
"46","South Dakota","46117","Stanley","2007","2016","5.2","< 10 Tests",
"46","South Dakota","46117","Stanley","2008","2017","3.9","< 10 Tests",
"46","South Dakota","46119","Sully","2005","2014","4.1","< 10 Tests",
"46","South Dakota","46119","Sully","2006","2015","4.1","< 10 Tests",
"46","South Dakota","46119","Sully","2007","2016","4.1","< 10 Tests",
"46","South Dakota","46119","Sully","2008","2017","4.1","< 10 Tests",
"46","South Dakota","46121","Todd","2005","2014","No Events","",
"46","South Dakota","46121","Todd","2006","2015","No Events","",
"46","South Dakota","46121","Todd","2007","2016","No Events","",
"46","South Dakota","46121","Todd","2008","2017","4.7","< 10 Tests",
"46","South Dakota","46123","Tripp","2005","2014","5.7","< 10 Tests",
"46","South Dakota","46123","Tripp","2006","2015","5.3","< 10 Tests",
"46","South Dakota","46123","Tripp","2007","2016","5.3","< 10 Tests",
"46","South Dakota","46123","Tripp","2008","2017","5.4","< 10 Tests",
"46","South Dakota","46125","Turner","2005","2014","10.5","",
"46","South Dakota","46125","Turner","2006","2015","9.3","",
"46","South Dakota","46125","Turner","2007","2016","9.3","",
"46","South Dakota","46125","Turner","2008","2017","8.8","",
"46","South Dakota","46127","Union","2005","2014","8.2","",
"46","South Dakota","46127","Union","2006","2015","7.7","",
"46","South Dakota","46127","Union","2007","2016","6.6","",
"46","South Dakota","46127","Union","2008","2017","6.9","",
"46","South Dakota","46129","Walworth","2005","2014","8.6","",
"46","South Dakota","46129","Walworth","2006","2015","8.9","",
"46","South Dakota","46129","Walworth","2007","2016","8.1","",
"46","South Dakota","46129","Walworth","2008","2017","7.5","",
"46","South Dakota","46135","Yankton","2005","2014","8.4","",
"46","South Dakota","46135","Yankton","2006","2015","8.0","",
"46","South Dakota","46135","Yankton","2007","2016","8.1","",
"46","South Dakota","46135","Yankton","2008","2017","8.6","",
"46","South Dakota","46137","Ziebach","2005","2014","12.0","< 10 Tests",
"46","South Dakota","46137","Ziebach","2006","2015","12.0","< 10 Tests",
"46","South Dakota","46137","Ziebach","2007","2016","12.0","< 10 Tests",
"46","South Dakota","46137","Ziebach","2008","2017","12.0","< 10 Tests",
"47","Tennessee","47001","Anderson","2005","2014","5.9","",
"47","Tennessee","47001","Anderson","2006","2015","6.2","",
"47","Tennessee","47001","Anderson","2007","2016","6.4","",
"47","Tennessee","47001","Anderson","2008","2017","6.4","",
"47","Tennessee","47003","Bedford","2005","2014","2.2","",
"47","Tennessee","47003","Bedford","2006","2015","2.4","",
"47","Tennessee","47003","Bedford","2007","2016","2.6","",
"47","Tennessee","47003","Bedford","2008","2017","2.6","",
"47","Tennessee","47005","Benton","2005","2014","3.2","",
"47","Tennessee","47005","Benton","2006","2015","3.0","",
"47","Tennessee","47005","Benton","2007","2016","2.9","",
"47","Tennessee","47005","Benton","2008","2017","3.0","",
"47","Tennessee","47007","Bledsoe","2005","2014","3.1","",
"47","Tennessee","47007","Bledsoe","2006","2015","3.1","",
"47","Tennessee","47007","Bledsoe","2007","2016","3.4","",
"47","Tennessee","47007","Bledsoe","2008","2017","3.4","",
"47","Tennessee","47009","Blount","2005","2014","5.5","",
"47","Tennessee","47009","Blount","2006","2015","5.6","",
"47","Tennessee","47009","Blount","2007","2016","5.6","",
"47","Tennessee","47009","Blount","2008","2017","5.3","",
"47","Tennessee","47011","Bradley","2005","2014","2.7","",
"47","Tennessee","47011","Bradley","2006","2015","2.8","",
"47","Tennessee","47011","Bradley","2007","2016","2.9","",
"47","Tennessee","47011","Bradley","2008","2017","2.8","",
"47","Tennessee","47013","Campbell","2005","2014","10.2","",
"47","Tennessee","47013","Campbell","2006","2015","8.5","",
"47","Tennessee","47013","Campbell","2007","2016","8.3","",
"47","Tennessee","47013","Campbell","2008","2017","8.8","",
"47","Tennessee","47015","Cannon","2005","2014","2.8","",
"47","Tennessee","47015","Cannon","2006","2015","2.7","",
"47","Tennessee","47015","Cannon","2007","2016","2.7","",
"47","Tennessee","47015","Cannon","2008","2017","2.5","",
"47","Tennessee","47017","Carroll","2005","2014","2.2","",
"47","Tennessee","47017","Carroll","2006","2015","2.4","",
"47","Tennessee","47017","Carroll","2007","2016","1.9","",
"47","Tennessee","47017","Carroll","2008","2017","1.9","",
"47","Tennessee","47019","Carter","2005","2014","8.2","",
"47","Tennessee","47019","Carter","2006","2015","7.4","",
"47","Tennessee","47019","Carter","2007","2016","7.2","",
"47","Tennessee","47019","Carter","2008","2017","7.2","",
"47","Tennessee","47021","Cheatham","2005","2014","4.3","",
"47","Tennessee","47021","Cheatham","2006","2015","4.2","",
"47","Tennessee","47021","Cheatham","2007","2016","4.3","",
"47","Tennessee","47021","Cheatham","2008","2017","4.1","",
"47","Tennessee","47023","Chester","2005","2014","1.1","",
"47","Tennessee","47023","Chester","2006","2015","1.1","",
"47","Tennessee","47023","Chester","2007","2016","1.2","",
"47","Tennessee","47023","Chester","2008","2017","1.3","",
"47","Tennessee","47025","Claiborne","2005","2014","7.6","",
"47","Tennessee","47025","Claiborne","2006","2015","7.4","",
"47","Tennessee","47025","Claiborne","2007","2016","6.7","",
"47","Tennessee","47025","Claiborne","2008","2017","6.9","",
"47","Tennessee","47027","Clay","2005","2014","3.4","",
"47","Tennessee","47027","Clay","2006","2015","3.4","",
"47","Tennessee","47027","Clay","2007","2016","3.5","",
"47","Tennessee","47027","Clay","2008","2017","3.7","",
"47","Tennessee","47029","Cocke","2005","2014","6.3","",
"47","Tennessee","47029","Cocke","2006","2015","6.2","",
"47","Tennessee","47029","Cocke","2007","2016","6.4","",
"47","Tennessee","47029","Cocke","2008","2017","6.2","",
"47","Tennessee","47031","Coffee","2005","2014","2.2","",
"47","Tennessee","47031","Coffee","2006","2015","2.2","",
"47","Tennessee","47031","Coffee","2007","2016","2.1","",
"47","Tennessee","47031","Coffee","2008","2017","2.3","",
"47","Tennessee","47033","Crockett","2005","2014","1.8","",
"47","Tennessee","47033","Crockett","2006","2015","2.1","",
"47","Tennessee","47033","Crockett","2007","2016","2.5","",
"47","Tennessee","47033","Crockett","2008","2017","2.5","",
"47","Tennessee","47035","Cumberland","2005","2014","2.0","",
"47","Tennessee","47035","Cumberland","2006","2015","2.0","",
"47","Tennessee","47035","Cumberland","2007","2016","1.9","",
"47","Tennessee","47035","Cumberland","2008","2017","1.8","",
"47","Tennessee","47037","Davidson","2005","2014","5.3","",
"47","Tennessee","47037","Davidson","2006","2015","5.3","",
"47","Tennessee","47037","Davidson","2007","2016","5.3","",
"47","Tennessee","47037","Davidson","2008","2017","5.2","",
"47","Tennessee","47039","Decatur","2005","2014","3.5","",
"47","Tennessee","47039","Decatur","2006","2015","3.2","",
"47","Tennessee","47039","Decatur","2007","2016","3.4","",
"47","Tennessee","47039","Decatur","2008","2017","3.4","",
"47","Tennessee","47041","DeKalb","2005","2014","4.5","",
"47","Tennessee","47041","DeKalb","2006","2015","4.7","",
"47","Tennessee","47041","DeKalb","2007","2016","3.6","",
"47","Tennessee","47041","DeKalb","2008","2017","3.5","",
"47","Tennessee","47043","Dickson","2005","2014","3.8","",
"47","Tennessee","47043","Dickson","2006","2015","3.8","",
"47","Tennessee","47043","Dickson","2007","2016","3.7","",
"47","Tennessee","47043","Dickson","2008","2017","3.6","",
"47","Tennessee","47045","Dyer","2005","2014","1.6","",
"47","Tennessee","47045","Dyer","2006","2015","1.6","",
"47","Tennessee","47045","Dyer","2007","2016","1.4","",
"47","Tennessee","47045","Dyer","2008","2017","1.4","",
"47","Tennessee","47047","Fayette","2005","2014","2.0","",
"47","Tennessee","47047","Fayette","2006","2015","2.0","",
"47","Tennessee","47047","Fayette","2007","2016","1.9","",
"47","Tennessee","47047","Fayette","2008","2017","1.9","",
"47","Tennessee","47049","Fentress","2005","2014","5.3","",
"47","Tennessee","47049","Fentress","2006","2015","3.9","",
"47","Tennessee","47049","Fentress","2007","2016","3.9","",
"47","Tennessee","47049","Fentress","2008","2017","3.2","",
"47","Tennessee","47051","Franklin","2005","2014","4.1","",
"47","Tennessee","47051","Franklin","2006","2015","4.3","",
"47","Tennessee","47051","Franklin","2007","2016","4.3","",
"47","Tennessee","47051","Franklin","2008","2017","4.2","",
"47","Tennessee","47053","Gibson","2005","2014","1.3","",
"47","Tennessee","47053","Gibson","2006","2015","1.3","",
"47","Tennessee","47053","Gibson","2007","2016","1.3","",
"47","Tennessee","47053","Gibson","2008","2017","1.5","",
"47","Tennessee","47055","Giles","2005","2014","4.6","",
"47","Tennessee","47055","Giles","2006","2015","4.6","",
"47","Tennessee","47055","Giles","2007","2016","4.9","",
"47","Tennessee","47055","Giles","2008","2017","4.5","",
"47","Tennessee","47057","Grainger","2005","2014","6.4","",
"47","Tennessee","47057","Grainger","2006","2015","6.4","",
"47","Tennessee","47057","Grainger","2007","2016","6.5","",
"47","Tennessee","47057","Grainger","2008","2017","6.3","",
"47","Tennessee","47059","Greene","2005","2014","4.5","",
"47","Tennessee","47059","Greene","2006","2015","4.5","",
"47","Tennessee","47059","Greene","2007","2016","4.5","",
"47","Tennessee","47059","Greene","2008","2017","4.8","",
"47","Tennessee","47061","Grundy","2005","2014","1.2","",
"47","Tennessee","47061","Grundy","2006","2015","1.1","",
"47","Tennessee","47061","Grundy","2007","2016","1.2","",
"47","Tennessee","47061","Grundy","2008","2017","1.2","",
"47","Tennessee","47063","Hamblen","2005","2014","5.8","",
"47","Tennessee","47063","Hamblen","2006","2015","6.1","",
"47","Tennessee","47063","Hamblen","2007","2016","5.9","",
"47","Tennessee","47063","Hamblen","2008","2017","6.0","",
"47","Tennessee","47065","Hamilton","2005","2014","2.5","",
"47","Tennessee","47065","Hamilton","2006","2015","2.5","",
"47","Tennessee","47065","Hamilton","2007","2016","2.9","",
"47","Tennessee","47065","Hamilton","2008","2017","3.0","",
"47","Tennessee","47067","Hancock","2005","2014","2.4","",
"47","Tennessee","47067","Hancock","2006","2015","2.3","",
"47","Tennessee","47067","Hancock","2007","2016","2.3","",
"47","Tennessee","47067","Hancock","2008","2017","2.3","",
"47","Tennessee","47069","Hardeman","2005","2014","3.3","< 10 Tests",
"47","Tennessee","47069","Hardeman","2006","2015","3.3","< 10 Tests",
"47","Tennessee","47069","Hardeman","2007","2016","3.1","< 10 Tests",
"47","Tennessee","47069","Hardeman","2008","2017","3.7","< 10 Tests",
"47","Tennessee","47071","Hardin","2005","2014","1.3","",
"47","Tennessee","47071","Hardin","2006","2015","1.5","",
"47","Tennessee","47071","Hardin","2007","2016","1.5","",
"47","Tennessee","47071","Hardin","2008","2017","1.4","",
"47","Tennessee","47073","Hawkins","2005","2014","4.5","",
"47","Tennessee","47073","Hawkins","2006","2015","4.6","",
"47","Tennessee","47073","Hawkins","2007","2016","4.7","",
"47","Tennessee","47073","Hawkins","2008","2017","4.8","",
"47","Tennessee","47075","Haywood","2005","2014","1.4","",
"47","Tennessee","47075","Haywood","2006","2015","1.4","",
"47","Tennessee","47075","Haywood","2007","2016","1.3","",
"47","Tennessee","47075","Haywood","2008","2017","1.2","",
"47","Tennessee","47077","Henderson","2005","2014","2.1","",
"47","Tennessee","47077","Henderson","2006","2015","1.9","",
"47","Tennessee","47077","Henderson","2007","2016","3.8","",
"47","Tennessee","47077","Henderson","2008","2017","3.8","",
"47","Tennessee","47079","Henry","2005","2014","2.1","",
"47","Tennessee","47079","Henry","2006","2015","2.6","",
"47","Tennessee","47079","Henry","2007","2016","2.5","",
"47","Tennessee","47079","Henry","2008","2017","2.4","",
"47","Tennessee","47081","Hickman","2005","2014","4.1","",
"47","Tennessee","47081","Hickman","2006","2015","3.9","",
"47","Tennessee","47081","Hickman","2007","2016","3.9","",
"47","Tennessee","47081","Hickman","2008","2017","3.7","",
"47","Tennessee","47083","Houston","2005","2014","4.3","",
"47","Tennessee","47083","Houston","2006","2015","4.3","",
"47","Tennessee","47083","Houston","2007","2016","4.4","",
"47","Tennessee","47083","Houston","2008","2017","4.6","",
"47","Tennessee","47085","Humphreys","2005","2014","3.3","",
"47","Tennessee","47085","Humphreys","2006","2015","3.1","",
"47","Tennessee","47085","Humphreys","2007","2016","3.2","",
"47","Tennessee","47085","Humphreys","2008","2017","3.2","",
"47","Tennessee","47087","Jackson","2005","2014","11.4","",
"47","Tennessee","47087","Jackson","2006","2015","10.6","",
"47","Tennessee","47087","Jackson","2007","2016","10.0","",
"47","Tennessee","47087","Jackson","2008","2017","10.5","",
"47","Tennessee","47089","Jefferson","2005","2014","7.1","",
"47","Tennessee","47089","Jefferson","2006","2015","7.2","",
"47","Tennessee","47089","Jefferson","2007","2016","6.9","",
"47","Tennessee","47089","Jefferson","2008","2017","6.9","",
"47","Tennessee","47091","Johnson","2005","2014","4.4","",
"47","Tennessee","47091","Johnson","2006","2015","4.6","",
"47","Tennessee","47091","Johnson","2007","2016","4.5","",
"47","Tennessee","47091","Johnson","2008","2017","4.4","",
"47","Tennessee","47093","Knox","2005","2014","4.0","",
"47","Tennessee","47093","Knox","2006","2015","4.1","",
"47","Tennessee","47093","Knox","2007","2016","4.1","",
"47","Tennessee","47093","Knox","2008","2017","4.0","",
"47","Tennessee","47095","Lake","2005","2014","0.6","< 10 Tests",
"47","Tennessee","47095","Lake","2006","2015","0.6","< 10 Tests",
"47","Tennessee","47095","Lake","2007","2016","0.7","< 10 Tests",
"47","Tennessee","47095","Lake","2008","2017","0.7","< 10 Tests",
"47","Tennessee","47097","Lauderdale","2005","2014","1.2","< 10 Tests",
"47","Tennessee","47097","Lauderdale","2006","2015","1.6","< 10 Tests",
"47","Tennessee","47097","Lauderdale","2007","2016","1.7","< 10 Tests",
"47","Tennessee","47097","Lauderdale","2008","2017","1.6","< 10 Tests",
"47","Tennessee","47099","Lawrence","2005","2014","2.7","",
"47","Tennessee","47099","Lawrence","2006","2015","2.6","",
"47","Tennessee","47099","Lawrence","2007","2016","2.5","",
"47","Tennessee","47099","Lawrence","2008","2017","2.6","",
"47","Tennessee","47101","Lewis","2005","2014","3.1","",
"47","Tennessee","47101","Lewis","2006","2015","3.0","",
"47","Tennessee","47101","Lewis","2007","2016","3.0","",
"47","Tennessee","47101","Lewis","2008","2017","2.9","",
"47","Tennessee","47103","Lincoln","2005","2014","2.7","",
"47","Tennessee","47103","Lincoln","2006","2015","2.8","",
"47","Tennessee","47103","Lincoln","2007","2016","2.5","",
"47","Tennessee","47103","Lincoln","2008","2017","2.8","",
"47","Tennessee","47105","Loudon","2005","2014","8.0","",
"47","Tennessee","47105","Loudon","2006","2015","7.7","",
"47","Tennessee","47105","Loudon","2007","2016","7.1","",
"47","Tennessee","47105","Loudon","2008","2017","7.0","",
"47","Tennessee","47111","Macon","2005","2014","2.7","",
"47","Tennessee","47111","Macon","2006","2015","2.6","",
"47","Tennessee","47111","Macon","2007","2016","3.0","",
"47","Tennessee","47111","Macon","2008","2017","2.8","",
"47","Tennessee","47113","Madison","2005","2014","2.2","",
"47","Tennessee","47113","Madison","2006","2015","2.1","",
"47","Tennessee","47113","Madison","2007","2016","2.3","",
"47","Tennessee","47113","Madison","2008","2017","2.4","",
"47","Tennessee","47115","Marion","2005","2014","3.8","",
"47","Tennessee","47115","Marion","2006","2015","4.4","",
"47","Tennessee","47115","Marion","2007","2016","4.2","",
"47","Tennessee","47115","Marion","2008","2017","4.1","",
"47","Tennessee","47117","Marshall","2005","2014","3.1","",
"47","Tennessee","47117","Marshall","2006","2015","3.0","",
"47","Tennessee","47117","Marshall","2007","2016","3.1","",
"47","Tennessee","47117","Marshall","2008","2017","2.8","",
"47","Tennessee","47119","Maury","2005","2014","5.2","",
"47","Tennessee","47119","Maury","2006","2015","5.2","",
"47","Tennessee","47119","Maury","2007","2016","5.3","",
"47","Tennessee","47119","Maury","2008","2017","5.2","",
"47","Tennessee","47107","McMinn","2005","2014","3.8","",
"47","Tennessee","47107","McMinn","2006","2015","3.8","",
"47","Tennessee","47107","McMinn","2007","2016","3.9","",
"47","Tennessee","47107","McMinn","2008","2017","3.9","",
"47","Tennessee","47109","McNairy","2005","2014","1.4","",
"47","Tennessee","47109","McNairy","2006","2015","1.4","",
"47","Tennessee","47109","McNairy","2007","2016","1.3","",
"47","Tennessee","47109","McNairy","2008","2017","1.2","",
"47","Tennessee","47121","Meigs","2005","2014","6.3","",
"47","Tennessee","47121","Meigs","2006","2015","6.3","",
"47","Tennessee","47121","Meigs","2007","2016","5.3","",
"47","Tennessee","47121","Meigs","2008","2017","5.0","",
"47","Tennessee","47123","Monroe","2005","2014","6.5","",
"47","Tennessee","47123","Monroe","2006","2015","6.3","",
"47","Tennessee","47123","Monroe","2007","2016","5.7","",
"47","Tennessee","47123","Monroe","2008","2017","5.5","",
"47","Tennessee","47125","Montgomery","2005","2014","6.3","",
"47","Tennessee","47125","Montgomery","2006","2015","6.5","",
"47","Tennessee","47125","Montgomery","2007","2016","5.7","",
"47","Tennessee","47125","Montgomery","2008","2017","5.6","",
"47","Tennessee","47127","Moore","2005","2014","4.4","",
"47","Tennessee","47127","Moore","2006","2015","4.4","",
"47","Tennessee","47127","Moore","2007","2016","4.4","",
"47","Tennessee","47127","Moore","2008","2017","4.6","",
"47","Tennessee","47129","Morgan","2005","2014","2.0","",
"47","Tennessee","47129","Morgan","2006","2015","1.9","",
"47","Tennessee","47129","Morgan","2007","2016","1.8","",
"47","Tennessee","47129","Morgan","2008","2017","1.7","",
"47","Tennessee","47131","Obion","2005","2014","2.3","",
"47","Tennessee","47131","Obion","2006","2015","2.4","",
"47","Tennessee","47131","Obion","2007","2016","2.5","",
"47","Tennessee","47131","Obion","2008","2017","2.5","",
"47","Tennessee","47133","Overton","2005","2014","6.4","",
"47","Tennessee","47133","Overton","2006","2015","6.8","",
"47","Tennessee","47133","Overton","2007","2016","6.2","",
"47","Tennessee","47133","Overton","2008","2017","6.3","",
"47","Tennessee","47135","Perry","2005","2014","6.3","",
"47","Tennessee","47135","Perry","2006","2015","6.1","",
"47","Tennessee","47135","Perry","2007","2016","5.6","",
"47","Tennessee","47135","Perry","2008","2017","6.1","",
"47","Tennessee","47137","Pickett","2005","2014","4.6","",
"47","Tennessee","47137","Pickett","2006","2015","4.7","",
"47","Tennessee","47137","Pickett","2007","2016","4.0","",
"47","Tennessee","47137","Pickett","2008","2017","5.0","",
"47","Tennessee","47139","Polk","2005","2014","3.3","",
"47","Tennessee","47139","Polk","2006","2015","3.2","",
"47","Tennessee","47139","Polk","2007","2016","3.7","",
"47","Tennessee","47139","Polk","2008","2017","3.5","",
"47","Tennessee","47141","Putnam","2005","2014","7.0","",
"47","Tennessee","47141","Putnam","2006","2015","6.6","",
"47","Tennessee","47141","Putnam","2007","2016","6.2","",
"47","Tennessee","47141","Putnam","2008","2017","6.0","",
"47","Tennessee","47143","Rhea","2005","2014","3.8","",
"47","Tennessee","47143","Rhea","2006","2015","3.7","",
"47","Tennessee","47143","Rhea","2007","2016","5.3","",
"47","Tennessee","47143","Rhea","2008","2017","4.6","",
"47","Tennessee","47145","Roane","2005","2014","6.3","",
"47","Tennessee","47145","Roane","2006","2015","5.8","",
"47","Tennessee","47145","Roane","2007","2016","4.8","",
"47","Tennessee","47145","Roane","2008","2017","4.6","",
"47","Tennessee","47147","Robertson","2005","2014","3.8","",
"47","Tennessee","47147","Robertson","2006","2015","3.9","",
"47","Tennessee","47147","Robertson","2007","2016","3.9","",
"47","Tennessee","47147","Robertson","2008","2017","4.1","",
"47","Tennessee","47149","Rutherford","2005","2014","2.2","",
"47","Tennessee","47149","Rutherford","2006","2015","2.2","",
"47","Tennessee","47149","Rutherford","2007","2016","2.3","",
"47","Tennessee","47149","Rutherford","2008","2017","2.4","",
"47","Tennessee","47151","Scott","2005","2014","1.8","",
"47","Tennessee","47151","Scott","2006","2015","1.8","",
"47","Tennessee","47151","Scott","2007","2016","1.8","",
"47","Tennessee","47151","Scott","2008","2017","1.5","",
"47","Tennessee","47153","Sequatchie","2005","2014","2.9","",
"47","Tennessee","47153","Sequatchie","2006","2015","3.0","",
"47","Tennessee","47153","Sequatchie","2007","2016","3.1","",
"47","Tennessee","47153","Sequatchie","2008","2017","3.2","",
"47","Tennessee","47155","Sevier","2005","2014","6.3","",
"47","Tennessee","47155","Sevier","2006","2015","6.3","",
"47","Tennessee","47155","Sevier","2007","2016","6.7","",
"47","Tennessee","47155","Sevier","2008","2017","6.5","",
"47","Tennessee","47157","Shelby","2005","2014","1.7","",
"47","Tennessee","47157","Shelby","2006","2015","1.7","",
"47","Tennessee","47157","Shelby","2007","2016","1.7","",
"47","Tennessee","47157","Shelby","2008","2017","1.7","",
"47","Tennessee","47159","Smith","2005","2014","14.6","",
"47","Tennessee","47159","Smith","2006","2015","14.3","",
"47","Tennessee","47159","Smith","2007","2016","13.3","",
"47","Tennessee","47159","Smith","2008","2017","12.8","",
"47","Tennessee","47161","Stewart","2005","2014","3.0","",
"47","Tennessee","47161","Stewart","2006","2015","3.2","",
"47","Tennessee","47161","Stewart","2007","2016","3.1","",
"47","Tennessee","47161","Stewart","2008","2017","3.2","",
"47","Tennessee","47163","Sullivan","2005","2014","6.2","",
"47","Tennessee","47163","Sullivan","2006","2015","6.2","",
"47","Tennessee","47163","Sullivan","2007","2016","6.4","",
"47","Tennessee","47163","Sullivan","2008","2017","6.4","",
"47","Tennessee","47165","Sumner","2005","2014","3.6","",
"47","Tennessee","47165","Sumner","2006","2015","3.4","",
"47","Tennessee","47165","Sumner","2007","2016","3.3","",
"47","Tennessee","47165","Sumner","2008","2017","3.4","",
"47","Tennessee","47167","Tipton","2005","2014","1.3","",
"47","Tennessee","47167","Tipton","2006","2015","1.3","",
"47","Tennessee","47167","Tipton","2007","2016","1.3","",
"47","Tennessee","47167","Tipton","2008","2017","1.3","",
"47","Tennessee","47169","Trousdale","2005","2014","20.6","",
"47","Tennessee","47169","Trousdale","2006","2015","18.8","",
"47","Tennessee","47169","Trousdale","2007","2016","17.3","",
"47","Tennessee","47169","Trousdale","2008","2017","16.9","",
"47","Tennessee","47171","Unicoi","2005","2014","5.7","",
"47","Tennessee","47171","Unicoi","2006","2015","5.5","",
"47","Tennessee","47171","Unicoi","2007","2016","5.7","",
"47","Tennessee","47171","Unicoi","2008","2017","5.4","",
"47","Tennessee","47173","Union","2005","2014","8.5","",
"47","Tennessee","47173","Union","2006","2015","8.0","",
"47","Tennessee","47173","Union","2007","2016","7.4","",
"47","Tennessee","47173","Union","2008","2017","7.4","",
"47","Tennessee","47175","Van Buren","2005","2014","14.7","",
"47","Tennessee","47175","Van Buren","2006","2015","12.1","",
"47","Tennessee","47175","Van Buren","2007","2016","9.2","",
"47","Tennessee","47175","Van Buren","2008","2017","9.2","",
"47","Tennessee","47177","Warren","2005","2014","4.2","",
"47","Tennessee","47177","Warren","2006","2015","4.9","",
"47","Tennessee","47177","Warren","2007","2016","4.8","",
"47","Tennessee","47177","Warren","2008","2017","5.0","",
"47","Tennessee","47179","Washington","2005","2014","5.8","",
"47","Tennessee","47179","Washington","2006","2015","5.6","",
"47","Tennessee","47179","Washington","2007","2016","5.5","",
"47","Tennessee","47179","Washington","2008","2017","5.5","",
"47","Tennessee","47181","Wayne","2005","2014","1.9","",
"47","Tennessee","47181","Wayne","2006","2015","1.7","",
"47","Tennessee","47181","Wayne","2007","2016","2.0","",
"47","Tennessee","47181","Wayne","2008","2017","2.0","",
"47","Tennessee","47183","Weakley","2005","2014","1.3","",
"47","Tennessee","47183","Weakley","2006","2015","1.4","",
"47","Tennessee","47183","Weakley","2007","2016","2.0","",
"47","Tennessee","47183","Weakley","2008","2017","2.0","",
"47","Tennessee","47185","White","2005","2014","6.8","",
"47","Tennessee","47185","White","2006","2015","6.7","",
"47","Tennessee","47185","White","2007","2016","6.7","",
"47","Tennessee","47185","White","2008","2017","6.7","",
"47","Tennessee","47187","Williamson","2005","2014","3.4","",
"47","Tennessee","47187","Williamson","2006","2015","3.5","",
"47","Tennessee","47187","Williamson","2007","2016","3.5","",
"47","Tennessee","47187","Williamson","2008","2017","3.6","",
"47","Tennessee","47189","Wilson","2005","2014","2.9","",
"47","Tennessee","47189","Wilson","2006","2015","2.9","",
"47","Tennessee","47189","Wilson","2007","2016","2.8","",
"47","Tennessee","47189","Wilson","2008","2017","2.8","",
"48","Texas","48001","Anderson","2005","2014","No Events","",
"48","Texas","48001","Anderson","2006","2015","No Events","",
"48","Texas","48001","Anderson","2007","2016","No Events","",
"48","Texas","48001","Anderson","2008","2017","No Events","",
"48","Texas","48003","Andrews","2005","2014","No Events","",
"48","Texas","48003","Andrews","2006","2015","No Events","",
"48","Texas","48003","Andrews","2007","2016","No Events","",
"48","Texas","48003","Andrews","2008","2017","No Events","",
"48","Texas","48005","Angelina","2005","2014","0.4","< 10 Tests",
"48","Texas","48005","Angelina","2006","2015","0.4","< 10 Tests",
"48","Texas","48005","Angelina","2007","2016","0.4","< 10 Tests",
"48","Texas","48005","Angelina","2008","2017","0.4","< 10 Tests",
"48","Texas","48007","Aransas","2005","2014","0.1","< 10 Tests",
"48","Texas","48007","Aransas","2006","2015","0.1","< 10 Tests",
"48","Texas","48007","Aransas","2007","2016","0.1","< 10 Tests",
"48","Texas","48007","Aransas","2008","2017","1.5","< 10 Tests",
"48","Texas","48009","Archer","2005","2014","No Events","",
"48","Texas","48009","Archer","2006","2015","No Events","",
"48","Texas","48009","Archer","2007","2016","No Events","",
"48","Texas","48009","Archer","2008","2017","No Events","",
"48","Texas","48011","Armstrong","2005","2014","No Events","",
"48","Texas","48011","Armstrong","2006","2015","No Events","",
"48","Texas","48011","Armstrong","2007","2016","No Events","",
"48","Texas","48011","Armstrong","2008","2017","No Events","",
"48","Texas","48013","Atascosa","2005","2014","1.1","< 10 Tests",
"48","Texas","48013","Atascosa","2006","2015","1.1","< 10 Tests",
"48","Texas","48013","Atascosa","2007","2016","1.1","< 10 Tests",
"48","Texas","48013","Atascosa","2008","2017","1.1","< 10 Tests",
"48","Texas","48015","Austin","2005","2014","0.3","< 10 Tests",
"48","Texas","48015","Austin","2006","2015","0.3","< 10 Tests",
"48","Texas","48015","Austin","2007","2016","0.1","< 10 Tests",
"48","Texas","48015","Austin","2008","2017","0.1","< 10 Tests",
"48","Texas","48017","Bailey","2005","2014","No Events","",
"48","Texas","48017","Bailey","2006","2015","No Events","",
"48","Texas","48017","Bailey","2007","2016","No Events","",
"48","Texas","48017","Bailey","2008","2017","No Events","",
"48","Texas","48019","Bandera","2005","2014","No Events","",
"48","Texas","48019","Bandera","2006","2015","No Events","",
"48","Texas","48019","Bandera","2007","2016","No Events","",
"48","Texas","48019","Bandera","2008","2017","No Events","",
"48","Texas","48021","Bastrop","2005","2014","14.7","",
"48","Texas","48021","Bastrop","2006","2015","14.7","",
"48","Texas","48021","Bastrop","2007","2016","19.0","",
"48","Texas","48021","Bastrop","2008","2017","14.9","",
"48","Texas","48023","Baylor","2005","2014","No Events","",
"48","Texas","48023","Baylor","2006","2015","No Events","",
"48","Texas","48023","Baylor","2007","2016","No Events","",
"48","Texas","48023","Baylor","2008","2017","No Events","",
"48","Texas","48025","Bee","2005","2014","No Events","",
"48","Texas","48025","Bee","2006","2015","No Events","",
"48","Texas","48025","Bee","2007","2016","No Events","",
"48","Texas","48025","Bee","2008","2017","No Events","",
"48","Texas","48027","Bell","2005","2014","1.7","",
"48","Texas","48027","Bell","2006","2015","1.8","",
"48","Texas","48027","Bell","2007","2016","1.8","",
"48","Texas","48027","Bell","2008","2017","2.0","",
"48","Texas","48029","Bexar","2005","2014","1.0","",
"48","Texas","48029","Bexar","2006","2015","0.9","",
"48","Texas","48029","Bexar","2007","2016","1.1","",
"48","Texas","48029","Bexar","2008","2017","1.1","",
"48","Texas","48031","Blanco","2005","2014","0.2","< 10 Tests",
"48","Texas","48031","Blanco","2006","2015","0.2","< 10 Tests",
"48","Texas","48031","Blanco","2007","2016","0.2","< 10 Tests",
"48","Texas","48031","Blanco","2008","2017","0.2","< 10 Tests",
"48","Texas","48033","Borden","2005","2014","No Events","",
"48","Texas","48033","Borden","2006","2015","No Events","",
"48","Texas","48033","Borden","2007","2016","No Events","",
"48","Texas","48033","Borden","2008","2017","No Events","",
"48","Texas","48035","Bosque","2005","2014","No Events","",
"48","Texas","48035","Bosque","2006","2015","No Events","",
"48","Texas","48035","Bosque","2007","2016","No Events","",
"48","Texas","48035","Bosque","2008","2017","No Events","",
"48","Texas","48037","Bowie","2005","2014","1.1","< 10 Tests",
"48","Texas","48037","Bowie","2006","2015","1.0","< 10 Tests",
"48","Texas","48037","Bowie","2007","2016","No Events","",
"48","Texas","48037","Bowie","2008","2017","No Events","",
"48","Texas","48039","Brazoria","2005","2014","0.6","",
"48","Texas","48039","Brazoria","2006","2015","0.8","",
"48","Texas","48039","Brazoria","2007","2016","0.9","",
"48","Texas","48039","Brazoria","2008","2017","0.9","",
"48","Texas","48041","Brazos","2005","2014","0.7","",
"48","Texas","48041","Brazos","2006","2015","0.7","",
"48","Texas","48041","Brazos","2007","2016","0.6","",
"48","Texas","48041","Brazos","2008","2017","0.6","",
"48","Texas","48043","Brewster","2005","2014","3.0","< 10 Tests",
"48","Texas","48043","Brewster","2006","2015","3.0","< 10 Tests",
"48","Texas","48043","Brewster","2007","2016","3.3","< 10 Tests",
"48","Texas","48043","Brewster","2008","2017","3.4","< 10 Tests",
"48","Texas","48045","Briscoe","2005","2014","No Events","",
"48","Texas","48045","Briscoe","2006","2015","No Events","",
"48","Texas","48045","Briscoe","2007","2016","No Events","",
"48","Texas","48045","Briscoe","2008","2017","No Events","",
"48","Texas","48047","Brooks","2005","2014","No Events","",
"48","Texas","48047","Brooks","2006","2015","No Events","",
"48","Texas","48047","Brooks","2007","2016","No Events","",
"48","Texas","48047","Brooks","2008","2017","No Events","",
"48","Texas","48049","Brown","2005","2014","1.8","< 10 Tests",
"48","Texas","48049","Brown","2006","2015","1.8","< 10 Tests",
"48","Texas","48049","Brown","2007","2016","1.8","< 10 Tests",
"48","Texas","48049","Brown","2008","2017","1.0","< 10 Tests",
"48","Texas","48051","Burleson","2005","2014","No Events","",
"48","Texas","48051","Burleson","2006","2015","No Events","",
"48","Texas","48051","Burleson","2007","2016","No Events","",
"48","Texas","48051","Burleson","2008","2017","No Events","",
"48","Texas","48053","Burnet","2005","2014","0.6","< 10 Tests",
"48","Texas","48053","Burnet","2006","2015","43.5","< 10 Tests",
"48","Texas","48053","Burnet","2007","2016","37.6","< 10 Tests",
"48","Texas","48053","Burnet","2008","2017","37.6","< 10 Tests",
"48","Texas","48055","Caldwell","2005","2014","0.9","< 10 Tests",
"48","Texas","48055","Caldwell","2006","2015","0.9","< 10 Tests",
"48","Texas","48055","Caldwell","2007","2016","1.1","< 10 Tests",
"48","Texas","48055","Caldwell","2008","2017","1.1","< 10 Tests",
"48","Texas","48057","Calhoun","2005","2014","No Events","",
"48","Texas","48057","Calhoun","2006","2015","No Events","",
"48","Texas","48057","Calhoun","2007","2016","No Events","",
"48","Texas","48057","Calhoun","2008","2017","No Events","",
"48","Texas","48059","Callahan","2005","2014","No Events","",
"48","Texas","48059","Callahan","2006","2015","No Events","",
"48","Texas","48059","Callahan","2007","2016","No Events","",
"48","Texas","48059","Callahan","2008","2017","No Events","",
"48","Texas","48061","Cameron","2005","2014","0.8","",
"48","Texas","48061","Cameron","2006","2015","0.8","",
"48","Texas","48061","Cameron","2007","2016","0.8","",
"48","Texas","48061","Cameron","2008","2017","0.8","",
"48","Texas","48063","Camp","2005","2014","No Events","",
"48","Texas","48063","Camp","2006","2015","No Events","",
"48","Texas","48063","Camp","2007","2016","No Events","",
"48","Texas","48063","Camp","2008","2017","No Events","",
"48","Texas","48065","Carson","2005","2014","36.2","< 10 Tests",
"48","Texas","48065","Carson","2006","2015","36.2","< 10 Tests",
"48","Texas","48065","Carson","2007","2016","36.2","< 10 Tests",
"48","Texas","48065","Carson","2008","2017","36.2","< 10 Tests",
"48","Texas","48067","Cass","2005","2014","1.6","< 10 Tests",
"48","Texas","48067","Cass","2006","2015","1.6","< 10 Tests",
"48","Texas","48067","Cass","2007","2016","1.6","< 10 Tests",
"48","Texas","48067","Cass","2008","2017","1.6","< 10 Tests",
"48","Texas","48069","Castro","2005","2014","3.6","< 10 Tests",
"48","Texas","48069","Castro","2006","2015","3.6","< 10 Tests",
"48","Texas","48069","Castro","2007","2016","3.6","< 10 Tests",
"48","Texas","48069","Castro","2008","2017","3.6","< 10 Tests",
"48","Texas","48071","Chambers","2005","2014","0.1","< 10 Tests",
"48","Texas","48071","Chambers","2006","2015","0.1","< 10 Tests",
"48","Texas","48071","Chambers","2007","2016","0.2","< 10 Tests",
"48","Texas","48071","Chambers","2008","2017","0.2","< 10 Tests",
"48","Texas","48073","Cherokee","2005","2014","0.1","< 10 Tests",
"48","Texas","48073","Cherokee","2006","2015","0.1","< 10 Tests",
"48","Texas","48073","Cherokee","2007","2016","0.1","< 10 Tests",
"48","Texas","48073","Cherokee","2008","2017","0.1","< 10 Tests",
"48","Texas","48075","Childress","2005","2014","No Events","",
"48","Texas","48075","Childress","2006","2015","1.1","< 10 Tests",
"48","Texas","48075","Childress","2007","2016","1.1","< 10 Tests",
"48","Texas","48075","Childress","2008","2017","1.1","< 10 Tests",
"48","Texas","48077","Clay","2005","2014","No Events","",
"48","Texas","48077","Clay","2006","2015","No Events","",
"48","Texas","48077","Clay","2007","2016","No Events","",
"48","Texas","48077","Clay","2008","2017","No Events","",
"48","Texas","48079","Cochran","2005","2014","No Events","",
"48","Texas","48079","Cochran","2006","2015","No Events","",
"48","Texas","48079","Cochran","2007","2016","No Events","",
"48","Texas","48079","Cochran","2008","2017","No Events","",
"48","Texas","48081","Coke","2005","2014","No Events","",
"48","Texas","48081","Coke","2006","2015","No Events","",
"48","Texas","48081","Coke","2007","2016","No Events","",
"48","Texas","48081","Coke","2008","2017","No Events","",
"48","Texas","48083","Coleman","2005","2014","No Events","",
"48","Texas","48083","Coleman","2006","2015","No Events","",
"48","Texas","48083","Coleman","2007","2016","No Events","",
"48","Texas","48083","Coleman","2008","2017","No Events","",
"48","Texas","48085","Collin","2005","2014","1.9","",
"48","Texas","48085","Collin","2006","2015","1.8","",
"48","Texas","48085","Collin","2007","2016","1.8","",
"48","Texas","48085","Collin","2008","2017","1.8","",
"48","Texas","48087","Collingsworth","2005","2014","12.6","< 10 Tests",
"48","Texas","48087","Collingsworth","2006","2015","12.6","< 10 Tests",
"48","Texas","48087","Collingsworth","2007","2016","12.6","< 10 Tests",
"48","Texas","48087","Collingsworth","2008","2017","12.6","< 10 Tests",
"48","Texas","48089","Colorado","2005","2014","1.5","< 10 Tests",
"48","Texas","48089","Colorado","2006","2015","1.5","< 10 Tests",
"48","Texas","48089","Colorado","2007","2016","1.5","< 10 Tests",
"48","Texas","48089","Colorado","2008","2017","1.5","< 10 Tests",
"48","Texas","48091","Comal","2005","2014","1.3","",
"48","Texas","48091","Comal","2006","2015","1.3","",
"48","Texas","48091","Comal","2007","2016","1.3","",
"48","Texas","48091","Comal","2008","2017","1.3","",
"48","Texas","48093","Comanche","2005","2014","No Events","",
"48","Texas","48093","Comanche","2006","2015","No Events","",
"48","Texas","48093","Comanche","2007","2016","No Events","",
"48","Texas","48093","Comanche","2008","2017","No Events","",
"48","Texas","48095","Concho","2005","2014","No Events","",
"48","Texas","48095","Concho","2006","2015","No Events","",
"48","Texas","48095","Concho","2007","2016","No Events","",
"48","Texas","48095","Concho","2008","2017","No Events","",
"48","Texas","48097","Cooke","2005","2014","No Events","",
"48","Texas","48097","Cooke","2006","2015","No Events","",
"48","Texas","48097","Cooke","2007","2016","No Events","",
"48","Texas","48097","Cooke","2008","2017","1.6","< 10 Tests",
"48","Texas","48099","Coryell","2005","2014","3.4","< 10 Tests",
"48","Texas","48099","Coryell","2006","2015","3.4","< 10 Tests",
"48","Texas","48099","Coryell","2007","2016","3.4","< 10 Tests",
"48","Texas","48099","Coryell","2008","2017","0.8","< 10 Tests",
"48","Texas","48101","Cottle","2005","2014","No Events","",
"48","Texas","48101","Cottle","2006","2015","No Events","",
"48","Texas","48101","Cottle","2007","2016","No Events","",
"48","Texas","48101","Cottle","2008","2017","No Events","",
"48","Texas","48103","Crane","2005","2014","No Events","",
"48","Texas","48103","Crane","2006","2015","No Events","",
"48","Texas","48103","Crane","2007","2016","No Events","",
"48","Texas","48103","Crane","2008","2017","No Events","",
"48","Texas","48105","Crockett","2005","2014","No Events","",
"48","Texas","48105","Crockett","2006","2015","No Events","",
"48","Texas","48105","Crockett","2007","2016","No Events","",
"48","Texas","48105","Crockett","2008","2017","No Events","",
"48","Texas","48107","Crosby","2005","2014","No Events","",
"48","Texas","48107","Crosby","2006","2015","No Events","",
"48","Texas","48107","Crosby","2007","2016","No Events","",
"48","Texas","48107","Crosby","2008","2017","No Events","",
"48","Texas","48109","Culberson","2005","2014","No Events","",
"48","Texas","48109","Culberson","2006","2015","No Events","",
"48","Texas","48109","Culberson","2007","2016","No Events","",
"48","Texas","48109","Culberson","2008","2017","No Events","",
"48","Texas","48111","Dallam","2005","2014","4.2","< 10 Tests",
"48","Texas","48111","Dallam","2006","2015","4.2","< 10 Tests",
"48","Texas","48111","Dallam","2007","2016","4.2","< 10 Tests",
"48","Texas","48111","Dallam","2008","2017","4.2","< 10 Tests",
"48","Texas","48113","Dallas","2005","2014","1.8","",
"48","Texas","48113","Dallas","2006","2015","2.0","",
"48","Texas","48113","Dallas","2007","2016","1.7","",
"48","Texas","48113","Dallas","2008","2017","12.5","",
"48","Texas","48115","Dawson","2005","2014","3.2","< 10 Tests",
"48","Texas","48115","Dawson","2006","2015","3.2","< 10 Tests",
"48","Texas","48115","Dawson","2007","2016","3.2","< 10 Tests",
"48","Texas","48115","Dawson","2008","2017","3.2","< 10 Tests",
"48","Texas","48117","Deaf Smith","2005","2014","9.3","< 10 Tests",
"48","Texas","48117","Deaf Smith","2006","2015","9.3","< 10 Tests",
"48","Texas","48117","Deaf Smith","2007","2016","9.3","< 10 Tests",
"48","Texas","48117","Deaf Smith","2008","2017","8.8","< 10 Tests",
"48","Texas","48119","Delta","2005","2014","No Events","",
"48","Texas","48119","Delta","2006","2015","No Events","",
"48","Texas","48119","Delta","2007","2016","No Events","",
"48","Texas","48119","Delta","2008","2017","No Events","",
"48","Texas","48121","Denton","2005","2014","3.0","",
"48","Texas","48121","Denton","2006","2015","2.8","",
"48","Texas","48121","Denton","2007","2016","2.4","",
"48","Texas","48121","Denton","2008","2017","2.3","",
"48","Texas","48123","DeWitt","2005","2014","1.3","< 10 Tests",
"48","Texas","48123","DeWitt","2006","2015","1.3","< 10 Tests",
"48","Texas","48123","DeWitt","2007","2016","1.3","< 10 Tests",
"48","Texas","48123","DeWitt","2008","2017","0.2","< 10 Tests",
"48","Texas","48125","Dickens","2005","2014","No Events","",
"48","Texas","48125","Dickens","2006","2015","No Events","",
"48","Texas","48125","Dickens","2007","2016","No Events","",
"48","Texas","48125","Dickens","2008","2017","No Events","",
"48","Texas","48127","Dimmit","2005","2014","No Events","",
"48","Texas","48127","Dimmit","2006","2015","No Events","",
"48","Texas","48127","Dimmit","2007","2016","No Events","",
"48","Texas","48127","Dimmit","2008","2017","No Events","",
"48","Texas","48129","Donley","2005","2014","4.0","< 10 Tests",
"48","Texas","48129","Donley","2006","2015","4.0","< 10 Tests",
"48","Texas","48129","Donley","2007","2016","4.0","< 10 Tests",
"48","Texas","48129","Donley","2008","2017","4.0","< 10 Tests",
"48","Texas","48131","Duval","2005","2014","No Events","",
"48","Texas","48131","Duval","2006","2015","No Events","",
"48","Texas","48131","Duval","2007","2016","No Events","",
"48","Texas","48131","Duval","2008","2017","No Events","",
"48","Texas","48133","Eastland","2005","2014","1.0","< 10 Tests",
"48","Texas","48133","Eastland","2006","2015","1.0","< 10 Tests",
"48","Texas","48133","Eastland","2007","2016","1.0","< 10 Tests",
"48","Texas","48133","Eastland","2008","2017","1.4","< 10 Tests",
"48","Texas","48135","Ector","2005","2014","1.5","",
"48","Texas","48135","Ector","2006","2015","0.9","",
"48","Texas","48135","Ector","2007","2016","0.9","",
"48","Texas","48135","Ector","2008","2017","0.9","",
"48","Texas","48137","Edwards","2005","2014","No Events","",
"48","Texas","48137","Edwards","2006","2015","No Events","",
"48","Texas","48137","Edwards","2007","2016","No Events","",
"48","Texas","48137","Edwards","2008","2017","No Events","",
"48","Texas","48141","El Paso","2005","2014","0.7","",
"48","Texas","48141","El Paso","2006","2015","0.7","",
"48","Texas","48141","El Paso","2007","2016","0.7","",
"48","Texas","48141","El Paso","2008","2017","0.8","",
"48","Texas","48139","Ellis","2005","2014","0.9","< 10 Tests",
"48","Texas","48139","Ellis","2006","2015","0.9","< 10 Tests",
"48","Texas","48139","Ellis","2007","2016","9.4","",
"48","Texas","48139","Ellis","2008","2017","10.8","",
"48","Texas","48143","Erath","2005","2014","No Events","",
"48","Texas","48143","Erath","2006","2015","No Events","",
"48","Texas","48143","Erath","2007","2016","No Events","",
"48","Texas","48143","Erath","2008","2017","No Events","",
"48","Texas","48145","Falls","2005","2014","No Events","",
"48","Texas","48145","Falls","2006","2015","No Events","",
"48","Texas","48145","Falls","2007","2016","No Events","",
"48","Texas","48145","Falls","2008","2017","No Events","",
"48","Texas","48147","Fannin","2005","2014","0.9","< 10 Tests",
"48","Texas","48147","Fannin","2006","2015","0.9","< 10 Tests",
"48","Texas","48147","Fannin","2007","2016","0.9","< 10 Tests",
"48","Texas","48147","Fannin","2008","2017","0.9","< 10 Tests",
"48","Texas","48149","Fayette","2005","2014","0.9","< 10 Tests",
"48","Texas","48149","Fayette","2006","2015","0.9","< 10 Tests",
"48","Texas","48149","Fayette","2007","2016","0.8","< 10 Tests",
"48","Texas","48149","Fayette","2008","2017","0.8","< 10 Tests",
"48","Texas","48151","Fisher","2005","2014","No Events","",
"48","Texas","48151","Fisher","2006","2015","No Events","",
"48","Texas","48151","Fisher","2007","2016","No Events","",
"48","Texas","48151","Fisher","2008","2017","No Events","",
"48","Texas","48153","Floyd","2005","2014","No Events","",
"48","Texas","48153","Floyd","2006","2015","No Events","",
"48","Texas","48153","Floyd","2007","2016","No Events","",
"48","Texas","48153","Floyd","2008","2017","No Events","",
"48","Texas","48155","Foard","2005","2014","No Events","",
"48","Texas","48155","Foard","2006","2015","No Events","",
"48","Texas","48155","Foard","2007","2016","No Events","",
"48","Texas","48155","Foard","2008","2017","No Events","",
"48","Texas","48157","Fort Bend","2005","2014","0.9","",
"48","Texas","48157","Fort Bend","2006","2015","0.9","",
"48","Texas","48157","Fort Bend","2007","2016","0.9","",
"48","Texas","48157","Fort Bend","2008","2017","0.8","",
"48","Texas","48159","Franklin","2005","2014","0.1","< 10 Tests",
"48","Texas","48159","Franklin","2006","2015","0.1","< 10 Tests",
"48","Texas","48159","Franklin","2007","2016","No Events","",
"48","Texas","48159","Franklin","2008","2017","No Events","",
"48","Texas","48161","Freestone","2005","2014","1.2","",
"48","Texas","48161","Freestone","2006","2015","1.2","",
"48","Texas","48161","Freestone","2007","2016","1.2","",
"48","Texas","48161","Freestone","2008","2017","1.2","",
"48","Texas","48163","Frio","2005","2014","No Events","",
"48","Texas","48163","Frio","2006","2015","No Events","",
"48","Texas","48163","Frio","2007","2016","No Events","",
"48","Texas","48163","Frio","2008","2017","No Events","",
"48","Texas","48165","Gaines","2005","2014","No Events","",
"48","Texas","48165","Gaines","2006","2015","No Events","",
"48","Texas","48165","Gaines","2007","2016","No Events","",
"48","Texas","48165","Gaines","2008","2017","No Events","",
"48","Texas","48167","Galveston","2005","2014","0.4","",
"48","Texas","48167","Galveston","2006","2015","0.4","",
"48","Texas","48167","Galveston","2007","2016","0.4","",
"48","Texas","48167","Galveston","2008","2017","0.4","",
"48","Texas","48169","Garza","2005","2014","2.2","< 10 Tests",
"48","Texas","48169","Garza","2006","2015","2.2","< 10 Tests",
"48","Texas","48169","Garza","2007","2016","No Events","",
"48","Texas","48169","Garza","2008","2017","No Events","",
"48","Texas","48171","Gillespie","2005","2014","2.0","",
"48","Texas","48171","Gillespie","2006","2015","1.9","",
"48","Texas","48171","Gillespie","2007","2016","1.9","",
"48","Texas","48171","Gillespie","2008","2017","6.6","< 10 Tests",
"48","Texas","48173","Glasscock","2005","2014","No Events","",
"48","Texas","48173","Glasscock","2006","2015","No Events","",
"48","Texas","48173","Glasscock","2007","2016","No Events","",
"48","Texas","48173","Glasscock","2008","2017","No Events","",
"48","Texas","48175","Goliad","2005","2014","0.8","< 10 Tests",
"48","Texas","48175","Goliad","2006","2015","0.8","< 10 Tests",
"48","Texas","48175","Goliad","2007","2016","0.8","< 10 Tests",
"48","Texas","48175","Goliad","2008","2017","No Events","",
"48","Texas","48177","Gonzales","2005","2014","0.3","< 10 Tests",
"48","Texas","48177","Gonzales","2006","2015","0.3","< 10 Tests",
"48","Texas","48177","Gonzales","2007","2016","0.3","< 10 Tests",
"48","Texas","48177","Gonzales","2008","2017","0.3","< 10 Tests",
"48","Texas","48179","Gray","2005","2014","1.7","< 10 Tests",
"48","Texas","48179","Gray","2006","2015","2.2","< 10 Tests",
"48","Texas","48179","Gray","2007","2016","1.9","< 10 Tests",
"48","Texas","48179","Gray","2008","2017","1.9","< 10 Tests",
"48","Texas","48181","Grayson","2005","2014","1.3","",
"48","Texas","48181","Grayson","2006","2015","1.4","",
"48","Texas","48181","Grayson","2007","2016","1.5","",
"48","Texas","48181","Grayson","2008","2017","1.5","",
"48","Texas","48183","Gregg","2005","2014","1.2","",
"48","Texas","48183","Gregg","2006","2015","1.2","",
"48","Texas","48183","Gregg","2007","2016","1.2","",
"48","Texas","48183","Gregg","2008","2017","1.2","",
"48","Texas","48185","Grimes","2005","2014","No Events","",
"48","Texas","48185","Grimes","2006","2015","No Events","",
"48","Texas","48185","Grimes","2007","2016","0.1","< 10 Tests",
"48","Texas","48185","Grimes","2008","2017","0.1","< 10 Tests",
"48","Texas","48187","Guadalupe","2005","2014","0.4","< 10 Tests",
"48","Texas","48187","Guadalupe","2006","2015","0.5","< 10 Tests",
"48","Texas","48187","Guadalupe","2007","2016","0.5","< 10 Tests",
"48","Texas","48187","Guadalupe","2008","2017","0.5","< 10 Tests",
"48","Texas","48189","Hale","2005","2014","8.2","",
"48","Texas","48189","Hale","2006","2015","10.7","",
"48","Texas","48189","Hale","2007","2016","10.7","",
"48","Texas","48189","Hale","2008","2017","11.0","",
"48","Texas","48191","Hall","2005","2014","No Events","",
"48","Texas","48191","Hall","2006","2015","No Events","",
"48","Texas","48191","Hall","2007","2016","No Events","",
"48","Texas","48191","Hall","2008","2017","No Events","",
"48","Texas","48193","Hamilton","2005","2014","0.1","< 10 Tests",
"48","Texas","48193","Hamilton","2006","2015","0.1","< 10 Tests",
"48","Texas","48193","Hamilton","2007","2016","0.1","< 10 Tests",
"48","Texas","48193","Hamilton","2008","2017","0.1","< 10 Tests",
"48","Texas","48195","Hansford","2005","2014","No Events","",
"48","Texas","48195","Hansford","2006","2015","No Events","",
"48","Texas","48195","Hansford","2007","2016","No Events","",
"48","Texas","48195","Hansford","2008","2017","No Events","",
"48","Texas","48197","Hardeman","2005","2014","No Events","",
"48","Texas","48197","Hardeman","2006","2015","No Events","",
"48","Texas","48197","Hardeman","2007","2016","No Events","",
"48","Texas","48197","Hardeman","2008","2017","No Events","",
"48","Texas","48199","Hardin","2005","2014","0.7","< 10 Tests",
"48","Texas","48199","Hardin","2006","2015","0.7","< 10 Tests",
"48","Texas","48199","Hardin","2007","2016","0.7","< 10 Tests",
"48","Texas","48199","Hardin","2008","2017","0.7","< 10 Tests",
"48","Texas","48201","Harris","2005","2014","0.9","",
"48","Texas","48201","Harris","2006","2015","0.9","",
"48","Texas","48201","Harris","2007","2016","0.8","",
"48","Texas","48201","Harris","2008","2017","0.8","",
"48","Texas","48203","Harrison","2005","2014","0.3","< 10 Tests",
"48","Texas","48203","Harrison","2006","2015","0.4","< 10 Tests",
"48","Texas","48203","Harrison","2007","2016","0.3","< 10 Tests",
"48","Texas","48203","Harrison","2008","2017","0.4","< 10 Tests",
"48","Texas","48205","Hartley","2005","2014","6.1","< 10 Tests",
"48","Texas","48205","Hartley","2006","2015","6.1","< 10 Tests",
"48","Texas","48205","Hartley","2007","2016","6.1","< 10 Tests",
"48","Texas","48205","Hartley","2008","2017","6.1","< 10 Tests",
"48","Texas","48207","Haskell","2005","2014","No Events","",
"48","Texas","48207","Haskell","2006","2015","No Events","",
"48","Texas","48207","Haskell","2007","2016","No Events","",
"48","Texas","48207","Haskell","2008","2017","No Events","",
"48","Texas","48209","Hays","2005","2014","2.6","",
"48","Texas","48209","Hays","2006","2015","3.1","",
"48","Texas","48209","Hays","2007","2016","2.4","",
"48","Texas","48209","Hays","2008","2017","2.6","",
"48","Texas","48211","Hemphill","2005","2014","3.9","< 10 Tests",
"48","Texas","48211","Hemphill","2006","2015","3.9","< 10 Tests",
"48","Texas","48211","Hemphill","2007","2016","3.9","< 10 Tests",
"48","Texas","48211","Hemphill","2008","2017","3.9","< 10 Tests",
"48","Texas","48213","Henderson","2005","2014","0.8","< 10 Tests",
"48","Texas","48213","Henderson","2006","2015","0.8","< 10 Tests",
"48","Texas","48213","Henderson","2007","2016","0.8","< 10 Tests",
"48","Texas","48213","Henderson","2008","2017","0.8","< 10 Tests",
"48","Texas","48215","Hidalgo","2005","2014","0.7","",
"48","Texas","48215","Hidalgo","2006","2015","0.7","",
"48","Texas","48215","Hidalgo","2007","2016","0.7","",
"48","Texas","48215","Hidalgo","2008","2017","0.7","",
"48","Texas","48217","Hill","2005","2014","0.7","< 10 Tests",
"48","Texas","48217","Hill","2006","2015","0.7","< 10 Tests",
"48","Texas","48217","Hill","2007","2016","0.6","< 10 Tests",
"48","Texas","48217","Hill","2008","2017","0.6","< 10 Tests",
"48","Texas","48219","Hockley","2005","2014","2.7","< 10 Tests",
"48","Texas","48219","Hockley","2006","2015","2.7","< 10 Tests",
"48","Texas","48219","Hockley","2007","2016","2.7","< 10 Tests",
"48","Texas","48219","Hockley","2008","2017","No Events","",
"48","Texas","48221","Hood","2005","2014","0.8","< 10 Tests",
"48","Texas","48221","Hood","2006","2015","0.8","< 10 Tests",
"48","Texas","48221","Hood","2007","2016","0.6","< 10 Tests",
"48","Texas","48221","Hood","2008","2017","0.7","< 10 Tests",
"48","Texas","48223","Hopkins","2005","2014","5.0","< 10 Tests",
"48","Texas","48223","Hopkins","2006","2015","5.0","< 10 Tests",
"48","Texas","48223","Hopkins","2007","2016","5.0","< 10 Tests",
"48","Texas","48223","Hopkins","2008","2017","5.0","< 10 Tests",
"48","Texas","48225","Houston","2005","2014","No Events","",
"48","Texas","48225","Houston","2006","2015","No Events","",
"48","Texas","48225","Houston","2007","2016","No Events","",
"48","Texas","48225","Houston","2008","2017","2.2","< 10 Tests",
"48","Texas","48227","Howard","2005","2014","0.9","< 10 Tests",
"48","Texas","48227","Howard","2006","2015","0.9","< 10 Tests",
"48","Texas","48227","Howard","2007","2016","0.8","< 10 Tests",
"48","Texas","48227","Howard","2008","2017","1.5","< 10 Tests",
"48","Texas","48229","Hudspeth","2005","2014","No Events","",
"48","Texas","48229","Hudspeth","2006","2015","No Events","",
"48","Texas","48229","Hudspeth","2007","2016","No Events","",
"48","Texas","48229","Hudspeth","2008","2017","No Events","",
"48","Texas","48231","Hunt","2005","2014","3.1","< 10 Tests",
"48","Texas","48231","Hunt","2006","2015","3.5","< 10 Tests",
"48","Texas","48231","Hunt","2007","2016","3.5","< 10 Tests",
"48","Texas","48231","Hunt","2008","2017","3.5","< 10 Tests",
"48","Texas","48233","Hutchinson","2005","2014","2.2","< 10 Tests",
"48","Texas","48233","Hutchinson","2006","2015","2.8","< 10 Tests",
"48","Texas","48233","Hutchinson","2007","2016","3.0","< 10 Tests",
"48","Texas","48233","Hutchinson","2008","2017","3.0","< 10 Tests",
"48","Texas","48235","Irion","2005","2014","No Events","",
"48","Texas","48235","Irion","2006","2015","No Events","",
"48","Texas","48235","Irion","2007","2016","No Events","",
"48","Texas","48235","Irion","2008","2017","No Events","",
"48","Texas","48237","Jack","2005","2014","No Events","",
"48","Texas","48237","Jack","2006","2015","No Events","",
"48","Texas","48237","Jack","2007","2016","No Events","",
"48","Texas","48237","Jack","2008","2017","No Events","",
"48","Texas","48239","Jackson","2005","2014","No Events","",
"48","Texas","48239","Jackson","2006","2015","No Events","",
"48","Texas","48239","Jackson","2007","2016","0.1","< 10 Tests",
"48","Texas","48239","Jackson","2008","2017","0.1","< 10 Tests",
"48","Texas","48241","Jasper","2005","2014","0.1","< 10 Tests",
"48","Texas","48241","Jasper","2006","2015","0.1","< 10 Tests",
"48","Texas","48241","Jasper","2007","2016","0.1","< 10 Tests",
"48","Texas","48241","Jasper","2008","2017","0.1","< 10 Tests",
"48","Texas","48243","Jeff Davis","2005","2014","18.0","< 10 Tests",
"48","Texas","48243","Jeff Davis","2006","2015","2.3","< 10 Tests",
"48","Texas","48243","Jeff Davis","2007","2016","2.3","< 10 Tests",
"48","Texas","48243","Jeff Davis","2008","2017","2.3","< 10 Tests",
"48","Texas","48245","Jefferson","2005","2014","1.6","",
"48","Texas","48245","Jefferson","2006","2015","1.6","",
"48","Texas","48245","Jefferson","2007","2016","1.6","",
"48","Texas","48245","Jefferson","2008","2017","1.6","",
"48","Texas","48247","Jim Hogg","2005","2014","No Events","",
"48","Texas","48247","Jim Hogg","2006","2015","No Events","",
"48","Texas","48247","Jim Hogg","2007","2016","No Events","",
"48","Texas","48247","Jim Hogg","2008","2017","No Events","",
"48","Texas","48249","Jim Wells","2005","2014","0.1","< 10 Tests",
"48","Texas","48249","Jim Wells","2006","2015","0.1","< 10 Tests",
"48","Texas","48249","Jim Wells","2007","2016","0.1","< 10 Tests",
"48","Texas","48249","Jim Wells","2008","2017","0.1","< 10 Tests",
"48","Texas","48251","Johnson","2005","2014","1.1","< 10 Tests",
"48","Texas","48251","Johnson","2006","2015","0.8","",
"48","Texas","48251","Johnson","2007","2016","0.9","",
"48","Texas","48251","Johnson","2008","2017","0.9","",
"48","Texas","48253","Jones","2005","2014","0.7","< 10 Tests",
"48","Texas","48253","Jones","2006","2015","0.7","< 10 Tests",
"48","Texas","48253","Jones","2007","2016","0.7","< 10 Tests",
"48","Texas","48253","Jones","2008","2017","0.7","< 10 Tests",
"48","Texas","48255","Karnes","2005","2014","No Events","",
"48","Texas","48255","Karnes","2006","2015","No Events","",
"48","Texas","48255","Karnes","2007","2016","No Events","",
"48","Texas","48255","Karnes","2008","2017","No Events","",
"48","Texas","48257","Kaufman","2005","2014","0.6","< 10 Tests",
"48","Texas","48257","Kaufman","2006","2015","0.3","< 10 Tests",
"48","Texas","48257","Kaufman","2007","2016","0.3","< 10 Tests",
"48","Texas","48257","Kaufman","2008","2017","0.5","< 10 Tests",
"48","Texas","48259","Kendall","2005","2014","2.4","< 10 Tests",
"48","Texas","48259","Kendall","2006","2015","8.4","< 10 Tests",
"48","Texas","48259","Kendall","2007","2016","8.4","< 10 Tests",
"48","Texas","48259","Kendall","2008","2017","8.4","< 10 Tests",
"48","Texas","48261","Kenedy","2005","2014","No Events","",
"48","Texas","48261","Kenedy","2006","2015","No Events","",
"48","Texas","48261","Kenedy","2007","2016","No Events","",
"48","Texas","48261","Kenedy","2008","2017","No Events","",
"48","Texas","48263","Kent","2005","2014","No Events","",
"48","Texas","48263","Kent","2006","2015","No Events","",
"48","Texas","48263","Kent","2007","2016","No Events","",
"48","Texas","48263","Kent","2008","2017","No Events","",
"48","Texas","48265","Kerr","2005","2014","1.8","",
"48","Texas","48265","Kerr","2006","2015","1.8","",
"48","Texas","48265","Kerr","2007","2016","1.8","",
"48","Texas","48265","Kerr","2008","2017","1.0","< 10 Tests",
"48","Texas","48267","Kimble","2005","2014","1.4","< 10 Tests",
"48","Texas","48267","Kimble","2006","2015","1.4","< 10 Tests",
"48","Texas","48267","Kimble","2007","2016","2.1","< 10 Tests",
"48","Texas","48267","Kimble","2008","2017","2.1","< 10 Tests",
"48","Texas","48269","King","2005","2014","No Events","",
"48","Texas","48269","King","2006","2015","No Events","",
"48","Texas","48269","King","2007","2016","No Events","",
"48","Texas","48269","King","2008","2017","No Events","",
"48","Texas","48271","Kinney","2005","2014","No Events","",
"48","Texas","48271","Kinney","2006","2015","No Events","",
"48","Texas","48271","Kinney","2007","2016","No Events","",
"48","Texas","48271","Kinney","2008","2017","No Events","",
"48","Texas","48273","Kleberg","2005","2014","0.1","< 10 Tests",
"48","Texas","48273","Kleberg","2006","2015","0.1","< 10 Tests",
"48","Texas","48273","Kleberg","2007","2016","No Events","",
"48","Texas","48273","Kleberg","2008","2017","No Events","",
"48","Texas","48275","Knox","2005","2014","No Events","",
"48","Texas","48275","Knox","2006","2015","No Events","",
"48","Texas","48275","Knox","2007","2016","No Events","",
"48","Texas","48275","Knox","2008","2017","No Events","",
"48","Texas","48283","La Salle","2005","2014","No Events","",
"48","Texas","48283","La Salle","2006","2015","No Events","",
"48","Texas","48283","La Salle","2007","2016","No Events","",
"48","Texas","48283","La Salle","2008","2017","No Events","",
"48","Texas","48277","Lamar","2005","2014","0.7","< 10 Tests",
"48","Texas","48277","Lamar","2006","2015","0.7","< 10 Tests",
"48","Texas","48277","Lamar","2007","2016","0.7","< 10 Tests",
"48","Texas","48277","Lamar","2008","2017","2.2","< 10 Tests",
"48","Texas","48279","Lamb","2005","2014","No Events","",
"48","Texas","48279","Lamb","2006","2015","No Events","",
"48","Texas","48279","Lamb","2007","2016","No Events","",
"48","Texas","48279","Lamb","2008","2017","No Events","",
"48","Texas","48281","Lampasas","2005","2014","No Events","",
"48","Texas","48281","Lampasas","2006","2015","No Events","",
"48","Texas","48281","Lampasas","2007","2016","No Events","",
"48","Texas","48281","Lampasas","2008","2017","No Events","",
"48","Texas","48285","Lavaca","2005","2014","0.4","< 10 Tests",
"48","Texas","48285","Lavaca","2006","2015","0.4","< 10 Tests",
"48","Texas","48285","Lavaca","2007","2016","0.4","< 10 Tests",
"48","Texas","48285","Lavaca","2008","2017","0.4","< 10 Tests",
"48","Texas","48287","Lee","2005","2014","No Events","",
"48","Texas","48287","Lee","2006","2015","No Events","",
"48","Texas","48287","Lee","2007","2016","No Events","",
"48","Texas","48287","Lee","2008","2017","No Events","< 10 Tests",
"48","Texas","48289","Leon","2005","2014","0.6","< 10 Tests",
"48","Texas","48289","Leon","2006","2015","No Events","",
"48","Texas","48289","Leon","2007","2016","No Events","",
"48","Texas","48289","Leon","2008","2017","No Events","",
"48","Texas","48291","Liberty","2005","2014","1.2","< 10 Tests",
"48","Texas","48291","Liberty","2006","2015","1.2","< 10 Tests",
"48","Texas","48291","Liberty","2007","2016","1.2","< 10 Tests",
"48","Texas","48291","Liberty","2008","2017","1.2","< 10 Tests",
"48","Texas","48293","Limestone","2005","2014","0.1","< 10 Tests",
"48","Texas","48293","Limestone","2006","2015","0.1","< 10 Tests",
"48","Texas","48293","Limestone","2007","2016","0.1","< 10 Tests",
"48","Texas","48293","Limestone","2008","2017","No Events","",
"48","Texas","48295","Lipscomb","2005","2014","7.3","< 10 Tests",
"48","Texas","48295","Lipscomb","2006","2015","7.3","< 10 Tests",
"48","Texas","48295","Lipscomb","2007","2016","7.3","< 10 Tests",
"48","Texas","48295","Lipscomb","2008","2017","7.3","< 10 Tests",
"48","Texas","48297","Live Oak","2005","2014","No Events","",
"48","Texas","48297","Live Oak","2006","2015","No Events","",
"48","Texas","48297","Live Oak","2007","2016","No Events","",
"48","Texas","48297","Live Oak","2008","2017","No Events","",
"48","Texas","48299","Llano","2005","2014","1.7","< 10 Tests",
"48","Texas","48299","Llano","2006","2015","1.7","< 10 Tests",
"48","Texas","48299","Llano","2007","2016","1.7","< 10 Tests",
"48","Texas","48299","Llano","2008","2017","1.7","< 10 Tests",
"48","Texas","48301","Loving","2005","2014","No Events","",
"48","Texas","48301","Loving","2006","2015","No Events","",
"48","Texas","48301","Loving","2007","2016","No Events","",
"48","Texas","48301","Loving","2008","2017","No Events","",
"48","Texas","48303","Lubbock","2005","2014","5.6","",
"48","Texas","48303","Lubbock","2006","2015","6.9","",
"48","Texas","48303","Lubbock","2007","2016","7.3","",
"48","Texas","48303","Lubbock","2008","2017","7.3","",
"48","Texas","48305","Lynn","2005","2014","No Events","",
"48","Texas","48305","Lynn","2006","2015","No Events","",
"48","Texas","48305","Lynn","2007","2016","No Events","",
"48","Texas","48305","Lynn","2008","2017","No Events","",
"48","Texas","48313","Madison","2005","2014","1.5","< 10 Tests",
"48","Texas","48313","Madison","2006","2015","1.5","< 10 Tests",
"48","Texas","48313","Madison","2007","2016","1.5","< 10 Tests",
"48","Texas","48313","Madison","2008","2017","1.5","< 10 Tests",
"48","Texas","48315","Marion","2005","2014","No Events","",
"48","Texas","48315","Marion","2006","2015","No Events","",
"48","Texas","48315","Marion","2007","2016","No Events","",
"48","Texas","48315","Marion","2008","2017","No Events","",
"48","Texas","48317","Martin","2005","2014","No Events","",
"48","Texas","48317","Martin","2006","2015","No Events","",
"48","Texas","48317","Martin","2007","2016","No Events","",
"48","Texas","48317","Martin","2008","2017","No Events","",
"48","Texas","48319","Mason","2005","2014","No Events","",
"48","Texas","48319","Mason","2006","2015","No Events","",
"48","Texas","48319","Mason","2007","2016","No Events","",
"48","Texas","48319","Mason","2008","2017","No Events","",
"48","Texas","48321","Matagorda","2005","2014","3.0","< 10 Tests",
"48","Texas","48321","Matagorda","2006","2015","3.0","< 10 Tests",
"48","Texas","48321","Matagorda","2007","2016","3.0","< 10 Tests",
"48","Texas","48321","Matagorda","2008","2017","3.0","< 10 Tests",
"48","Texas","48323","Maverick","2005","2014","0.1","< 10 Tests",
"48","Texas","48323","Maverick","2006","2015","0.1","< 10 Tests",
"48","Texas","48323","Maverick","2007","2016","0.1","< 10 Tests",
"48","Texas","48323","Maverick","2008","2017","0.1","< 10 Tests",
"48","Texas","48307","McCulloch","2005","2014","No Events","",
"48","Texas","48307","McCulloch","2006","2015","No Events","",
"48","Texas","48307","McCulloch","2007","2016","No Events","",
"48","Texas","48307","McCulloch","2008","2017","No Events","",
"48","Texas","48309","McLennan","2005","2014","2.3","",
"48","Texas","48309","McLennan","2006","2015","2.3","",
"48","Texas","48309","McLennan","2007","2016","2.3","",
"48","Texas","48309","McLennan","2008","2017","2.7","",
"48","Texas","48311","McMullen","2005","2014","No Events","",
"48","Texas","48311","McMullen","2006","2015","No Events","",
"48","Texas","48311","McMullen","2007","2016","No Events","",
"48","Texas","48311","McMullen","2008","2017","No Events","",
"48","Texas","48325","Medina","2005","2014","0.5","< 10 Tests",
"48","Texas","48325","Medina","2006","2015","0.5","< 10 Tests",
"48","Texas","48325","Medina","2007","2016","0.5","< 10 Tests",
"48","Texas","48325","Medina","2008","2017","0.5","< 10 Tests",
"48","Texas","48327","Menard","2005","2014","No Events","",
"48","Texas","48327","Menard","2006","2015","No Events","",
"48","Texas","48327","Menard","2007","2016","No Events","",
"48","Texas","48327","Menard","2008","2017","No Events","",
"48","Texas","48329","Midland","2005","2014","0.8","",
"48","Texas","48329","Midland","2006","2015","0.8","",
"48","Texas","48329","Midland","2007","2016","0.8","",
"48","Texas","48329","Midland","2008","2017","0.8","",
"48","Texas","48331","Milam","2005","2014","No Events","",
"48","Texas","48331","Milam","2006","2015","No Events","",
"48","Texas","48331","Milam","2007","2016","No Events","",
"48","Texas","48331","Milam","2008","2017","No Events","",
"48","Texas","48333","Mills","2005","2014","No Events","",
"48","Texas","48333","Mills","2006","2015","No Events","",
"48","Texas","48333","Mills","2007","2016","No Events","",
"48","Texas","48333","Mills","2008","2017","No Events","",
"48","Texas","48335","Mitchell","2005","2014","No Events","",
"48","Texas","48335","Mitchell","2006","2015","No Events","",
"48","Texas","48335","Mitchell","2007","2016","No Events","",
"48","Texas","48335","Mitchell","2008","2017","No Events","",
"48","Texas","48337","Montague","2005","2014","0.3","",
"48","Texas","48337","Montague","2006","2015","0.4","",
"48","Texas","48337","Montague","2007","2016","2.0","",
"48","Texas","48337","Montague","2008","2017","2.0","",
"48","Texas","48339","Montgomery","2005","2014","1.6","",
"48","Texas","48339","Montgomery","2006","2015","1.3","",
"48","Texas","48339","Montgomery","2007","2016","1.4","",
"48","Texas","48339","Montgomery","2008","2017","1.1","",
"48","Texas","48341","Moore","2005","2014","4.7","< 10 Tests",
"48","Texas","48341","Moore","2006","2015","4.7","< 10 Tests",
"48","Texas","48341","Moore","2007","2016","4.7","< 10 Tests",
"48","Texas","48341","Moore","2008","2017","4.7","< 10 Tests",
"48","Texas","48343","Morris","2005","2014","0.8","< 10 Tests",
"48","Texas","48343","Morris","2006","2015","0.8","< 10 Tests",
"48","Texas","48343","Morris","2007","2016","0.8","< 10 Tests",
"48","Texas","48343","Morris","2008","2017","0.9","< 10 Tests",
"48","Texas","48345","Motley","2005","2014","No Events","",
"48","Texas","48345","Motley","2006","2015","No Events","",
"48","Texas","48345","Motley","2007","2016","No Events","",
"48","Texas","48345","Motley","2008","2017","No Events","",
"48","Texas","48347","Nacogdoches","2005","2014","0.1","< 10 Tests",
"48","Texas","48347","Nacogdoches","2006","2015","0.1","< 10 Tests",
"48","Texas","48347","Nacogdoches","2007","2016","0.8","< 10 Tests",
"48","Texas","48347","Nacogdoches","2008","2017","0.8","< 10 Tests",
"48","Texas","48349","Navarro","2005","2014","0.8","< 10 Tests",
"48","Texas","48349","Navarro","2006","2015","0.8","< 10 Tests",
"48","Texas","48349","Navarro","2007","2016","0.8","< 10 Tests",
"48","Texas","48349","Navarro","2008","2017","0.8","< 10 Tests",
"48","Texas","48351","Newton","2005","2014","No Events","",
"48","Texas","48351","Newton","2006","2015","No Events","",
"48","Texas","48351","Newton","2007","2016","No Events","",
"48","Texas","48351","Newton","2008","2017","No Events","",
"48","Texas","48353","Nolan","2005","2014","0.1","< 10 Tests",
"48","Texas","48353","Nolan","2006","2015","0.1","< 10 Tests",
"48","Texas","48353","Nolan","2007","2016","0.7","< 10 Tests",
"48","Texas","48353","Nolan","2008","2017","0.7","< 10 Tests",
"48","Texas","48355","Nueces","2005","2014","0.8","",
"48","Texas","48355","Nueces","2006","2015","0.7","",
"48","Texas","48355","Nueces","2007","2016","0.7","",
"48","Texas","48355","Nueces","2008","2017","0.7","",
"48","Texas","48357","Ochiltree","2005","2014","10.2","< 10 Tests",
"48","Texas","48357","Ochiltree","2006","2015","10.2","< 10 Tests",
"48","Texas","48357","Ochiltree","2007","2016","12.1","< 10 Tests",
"48","Texas","48357","Ochiltree","2008","2017","12.1","< 10 Tests",
"48","Texas","48359","Oldham","2005","2014","No Events","",
"48","Texas","48359","Oldham","2006","2015","No Events","",
"48","Texas","48359","Oldham","2007","2016","No Events","",
"48","Texas","48359","Oldham","2008","2017","No Events","",
"48","Texas","48361","Orange","2005","2014","0.9","",
"48","Texas","48361","Orange","2006","2015","0.9","",
"48","Texas","48361","Orange","2007","2016","0.9","",
"48","Texas","48361","Orange","2008","2017","0.9","",
"48","Texas","48363","Palo Pinto","2005","2014","No Events","",
"48","Texas","48363","Palo Pinto","2006","2015","No Events","",
"48","Texas","48363","Palo Pinto","2007","2016","No Events","",
"48","Texas","48363","Palo Pinto","2008","2017","No Events","",
"48","Texas","48365","Panola","2005","2014","No Events","",
"48","Texas","48365","Panola","2006","2015","No Events","",
"48","Texas","48365","Panola","2007","2016","0.6","< 10 Tests",
"48","Texas","48365","Panola","2008","2017","0.6","< 10 Tests",
"48","Texas","48367","Parker","2005","2014","1.2","",
"48","Texas","48367","Parker","2006","2015","1.2","",
"48","Texas","48367","Parker","2007","2016","2.0","",
"48","Texas","48367","Parker","2008","2017","2.1","",
"48","Texas","48369","Parmer","2005","2014","15.6","< 10 Tests",
"48","Texas","48369","Parmer","2006","2015","No Events","",
"48","Texas","48369","Parmer","2007","2016","10.6","< 10 Tests",
"48","Texas","48369","Parmer","2008","2017","10.6","< 10 Tests",
"48","Texas","48371","Pecos","2005","2014","No Events","",
"48","Texas","48371","Pecos","2006","2015","No Events","",
"48","Texas","48371","Pecos","2007","2016","No Events","",
"48","Texas","48371","Pecos","2008","2017","No Events","",
"48","Texas","48373","Polk","2005","2014","25.5","< 10 Tests",
"48","Texas","48373","Polk","2006","2015","25.5","< 10 Tests",
"48","Texas","48373","Polk","2007","2016","25.5","< 10 Tests",
"48","Texas","48373","Polk","2008","2017","25.5","< 10 Tests",
"48","Texas","48375","Potter","2005","2014","5.3","",
"48","Texas","48375","Potter","2006","2015","3.9","",
"48","Texas","48375","Potter","2007","2016","3.8","",
"48","Texas","48375","Potter","2008","2017","4.3","",
"48","Texas","48377","Presidio","2005","2014","No Events","",
"48","Texas","48377","Presidio","2006","2015","No Events","",
"48","Texas","48377","Presidio","2007","2016","No Events","",
"48","Texas","48377","Presidio","2008","2017","No Events","",
"48","Texas","48379","Rains","2005","2014","No Events","",
"48","Texas","48379","Rains","2006","2015","No Events","",
"48","Texas","48379","Rains","2007","2016","No Events","",
"48","Texas","48379","Rains","2008","2017","No Events","",
"48","Texas","48381","Randall","2005","2014","15.3","",
"48","Texas","48381","Randall","2006","2015","16.9","",
"48","Texas","48381","Randall","2007","2016","14.0","",
"48","Texas","48381","Randall","2008","2017","17.8","",
"48","Texas","48383","Reagan","2005","2014","No Events","",
"48","Texas","48383","Reagan","2006","2015","No Events","",
"48","Texas","48383","Reagan","2007","2016","No Events","",
"48","Texas","48383","Reagan","2008","2017","No Events","",
"48","Texas","48385","Real","2005","2014","No Events","",
"48","Texas","48385","Real","2006","2015","No Events","",
"48","Texas","48385","Real","2007","2016","No Events","",
"48","Texas","48385","Real","2008","2017","No Events","",
"48","Texas","48387","Red River","2005","2014","No Events","",
"48","Texas","48387","Red River","2006","2015","No Events","",
"48","Texas","48387","Red River","2007","2016","No Events","",
"48","Texas","48387","Red River","2008","2017","No Events","",
"48","Texas","48389","Reeves","2005","2014","No Events","",
"48","Texas","48389","Reeves","2006","2015","No Events","",
"48","Texas","48389","Reeves","2007","2016","No Events","",
"48","Texas","48389","Reeves","2008","2017","No Events","",
"48","Texas","48391","Refugio","2005","2014","1.2","< 10 Tests",
"48","Texas","48391","Refugio","2006","2015","1.2","< 10 Tests",
"48","Texas","48391","Refugio","2007","2016","1.2","< 10 Tests",
"48","Texas","48391","Refugio","2008","2017","1.2","< 10 Tests",
"48","Texas","48393","Roberts","2005","2014","No Events","",
"48","Texas","48393","Roberts","2006","2015","No Events","",
"48","Texas","48393","Roberts","2007","2016","No Events","",
"48","Texas","48393","Roberts","2008","2017","No Events","",
"48","Texas","48395","Robertson","2005","2014","0.8","",
"48","Texas","48395","Robertson","2006","2015","0.9","< 10 Tests",
"48","Texas","48395","Robertson","2007","2016","0.9","< 10 Tests",
"48","Texas","48395","Robertson","2008","2017","0.9","< 10 Tests",
"48","Texas","48397","Rockwall","2005","2014","2.9","",
"48","Texas","48397","Rockwall","2006","2015","2.9","",
"48","Texas","48397","Rockwall","2007","2016","2.6","",
"48","Texas","48397","Rockwall","2008","2017","2.6","< 10 Tests",
"48","Texas","48399","Runnels","2005","2014","0.7","< 10 Tests",
"48","Texas","48399","Runnels","2006","2015","0.7","< 10 Tests",
"48","Texas","48399","Runnels","2007","2016","0.7","< 10 Tests",
"48","Texas","48399","Runnels","2008","2017","0.7","< 10 Tests",
"48","Texas","48401","Rusk","2005","2014","No Events","",
"48","Texas","48401","Rusk","2006","2015","0.4","< 10 Tests",
"48","Texas","48401","Rusk","2007","2016","0.4","< 10 Tests",
"48","Texas","48401","Rusk","2008","2017","0.4","< 10 Tests",
"48","Texas","48403","Sabine","2005","2014","No Events","",
"48","Texas","48403","Sabine","2006","2015","No Events","",
"48","Texas","48403","Sabine","2007","2016","No Events","",
"48","Texas","48403","Sabine","2008","2017","No Events","",
"48","Texas","48405","San Augustine","2005","2014","No Events","",
"48","Texas","48405","San Augustine","2006","2015","No Events","",
"48","Texas","48405","San Augustine","2007","2016","No Events","",
"48","Texas","48405","San Augustine","2008","2017","No Events","",
"48","Texas","48407","San Jacinto","2005","2014","No Events","",
"48","Texas","48407","San Jacinto","2006","2015","No Events","",
"48","Texas","48407","San Jacinto","2007","2016","No Events","",
"48","Texas","48407","San Jacinto","2008","2017","2.7","< 10 Tests",
"48","Texas","48409","San Patricio","2005","2014","0.2","< 10 Tests",
"48","Texas","48409","San Patricio","2006","2015","0.2","< 10 Tests",
"48","Texas","48409","San Patricio","2007","2016","0.2","< 10 Tests",
"48","Texas","48409","San Patricio","2008","2017","No Events","",
"48","Texas","48411","San Saba","2005","2014","No Events","",
"48","Texas","48411","San Saba","2006","2015","No Events","",
"48","Texas","48411","San Saba","2007","2016","No Events","",
"48","Texas","48411","San Saba","2008","2017","No Events","",
"48","Texas","48413","Schleicher","2005","2014","No Events","",
"48","Texas","48413","Schleicher","2006","2015","No Events","",
"48","Texas","48413","Schleicher","2007","2016","No Events","",
"48","Texas","48413","Schleicher","2008","2017","No Events","",
"48","Texas","48415","Scurry","2005","2014","11.1","< 10 Tests",
"48","Texas","48415","Scurry","2006","2015","11.1","< 10 Tests",
"48","Texas","48415","Scurry","2007","2016","11.1","< 10 Tests",
"48","Texas","48415","Scurry","2008","2017","11.1","< 10 Tests",
"48","Texas","48417","Shackelford","2005","2014","1.0","< 10 Tests",
"48","Texas","48417","Shackelford","2006","2015","1.0","< 10 Tests",
"48","Texas","48417","Shackelford","2007","2016","1.0","< 10 Tests",
"48","Texas","48417","Shackelford","2008","2017","1.0","< 10 Tests",
"48","Texas","48419","Shelby","2005","2014","No Events","",
"48","Texas","48419","Shelby","2006","2015","No Events","",
"48","Texas","48419","Shelby","2007","2016","No Events","",
"48","Texas","48419","Shelby","2008","2017","No Events","",
"48","Texas","48421","Sherman","2005","2014","1.3","< 10 Tests",
"48","Texas","48421","Sherman","2006","2015","1.3","< 10 Tests",
"48","Texas","48421","Sherman","2007","2016","1.3","< 10 Tests",
"48","Texas","48421","Sherman","2008","2017","1.3","< 10 Tests",
"48","Texas","48423","Smith","2005","2014","2.9","",
"48","Texas","48423","Smith","2006","2015","2.7","",
"48","Texas","48423","Smith","2007","2016","3.0","",
"48","Texas","48423","Smith","2008","2017","2.2","",
"48","Texas","48425","Somervell","2005","2014","No Events","",
"48","Texas","48425","Somervell","2006","2015","No Events","",
"48","Texas","48425","Somervell","2007","2016","No Events","",
"48","Texas","48425","Somervell","2008","2017","No Events","",
"48","Texas","48427","Starr","2005","2014","1.2","< 10 Tests",
"48","Texas","48427","Starr","2006","2015","1.2","< 10 Tests",
"48","Texas","48427","Starr","2007","2016","1.2","< 10 Tests",
"48","Texas","48427","Starr","2008","2017","1.2","< 10 Tests",
"48","Texas","48429","Stephens","2005","2014","6.3","< 10 Tests",
"48","Texas","48429","Stephens","2006","2015","6.3","< 10 Tests",
"48","Texas","48429","Stephens","2007","2016","6.3","< 10 Tests",
"48","Texas","48429","Stephens","2008","2017","6.3","< 10 Tests",
"48","Texas","48431","Sterling","2005","2014","No Events","",
"48","Texas","48431","Sterling","2006","2015","No Events","",
"48","Texas","48431","Sterling","2007","2016","No Events","",
"48","Texas","48431","Sterling","2008","2017","No Events","",
"48","Texas","48433","Stonewall","2005","2014","No Events","",
"48","Texas","48433","Stonewall","2006","2015","No Events","",
"48","Texas","48433","Stonewall","2007","2016","No Events","",
"48","Texas","48433","Stonewall","2008","2017","No Events","",
"48","Texas","48435","Sutton","2005","2014","No Events","",
"48","Texas","48435","Sutton","2006","2015","No Events","",
"48","Texas","48435","Sutton","2007","2016","No Events","",
"48","Texas","48435","Sutton","2008","2017","No Events","",
"48","Texas","48437","Swisher","2005","2014","9.6","< 10 Tests",
"48","Texas","48437","Swisher","2006","2015","9.6","< 10 Tests",
"48","Texas","48437","Swisher","2007","2016","8.4","< 10 Tests",
"48","Texas","48437","Swisher","2008","2017","8.8","< 10 Tests",
"48","Texas","48439","Tarrant","2005","2014","1.5","",
"48","Texas","48439","Tarrant","2006","2015","1.6","",
"48","Texas","48439","Tarrant","2007","2016","1.7","",
"48","Texas","48439","Tarrant","2008","2017","1.9","",
"48","Texas","48441","Taylor","2005","2014","1.4","",
"48","Texas","48441","Taylor","2006","2015","1.2","",
"48","Texas","48441","Taylor","2007","2016","1.2","",
"48","Texas","48441","Taylor","2008","2017","1.2","",
"48","Texas","48443","Terrell","2005","2014","No Events","",
"48","Texas","48443","Terrell","2006","2015","No Events","",
"48","Texas","48443","Terrell","2007","2016","No Events","",
"48","Texas","48443","Terrell","2008","2017","No Events","",
"48","Texas","48445","Terry","2005","2014","1.9","< 10 Tests",
"48","Texas","48445","Terry","2006","2015","1.9","< 10 Tests",
"48","Texas","48445","Terry","2007","2016","No Events","",
"48","Texas","48445","Terry","2008","2017","No Events","",
"48","Texas","48447","Throckmorton","2005","2014","No Events","",
"48","Texas","48447","Throckmorton","2006","2015","No Events","",
"48","Texas","48447","Throckmorton","2007","2016","No Events","",
"48","Texas","48447","Throckmorton","2008","2017","No Events","",
"48","Texas","48449","Titus","2005","2014","0.1","< 10 Tests",
"48","Texas","48449","Titus","2006","2015","0.1","< 10 Tests",
"48","Texas","48449","Titus","2007","2016","0.1","< 10 Tests",
"48","Texas","48449","Titus","2008","2017","No Events","",
"48","Texas","48451","Tom Green","2005","2014","6.8","< 10 Tests",
"48","Texas","48451","Tom Green","2006","2015","7.6","< 10 Tests",
"48","Texas","48451","Tom Green","2007","2016","7.6","< 10 Tests",
"48","Texas","48451","Tom Green","2008","2017","7.6","< 10 Tests",
"48","Texas","48453","Travis","2005","2014","3.9","",
"48","Texas","48453","Travis","2006","2015","3.7","",
"48","Texas","48453","Travis","2007","2016","3.5","",
"48","Texas","48453","Travis","2008","2017","3.4","",
"48","Texas","48455","Trinity","2005","2014","No Events","",
"48","Texas","48455","Trinity","2006","2015","No Events","",
"48","Texas","48455","Trinity","2007","2016","No Events","",
"48","Texas","48455","Trinity","2008","2017","No Events","",
"48","Texas","48457","Tyler","2005","2014","No Events","",
"48","Texas","48457","Tyler","2006","2015","No Events","",
"48","Texas","48457","Tyler","2007","2016","No Events","",
"48","Texas","48457","Tyler","2008","2017","No Events","",
"48","Texas","48459","Upshur","2005","2014","1.5","< 10 Tests",
"48","Texas","48459","Upshur","2006","2015","1.5","< 10 Tests",
"48","Texas","48459","Upshur","2007","2016","1.7","< 10 Tests",
"48","Texas","48459","Upshur","2008","2017","1.4","< 10 Tests",
"48","Texas","48461","Upton","2005","2014","No Events","",
"48","Texas","48461","Upton","2006","2015","No Events","",
"48","Texas","48461","Upton","2007","2016","No Events","",
"48","Texas","48461","Upton","2008","2017","No Events","",
"48","Texas","48463","Uvalde","2005","2014","No Events","",
"48","Texas","48463","Uvalde","2006","2015","No Events","",
"48","Texas","48463","Uvalde","2007","2016","No Events","",
"48","Texas","48463","Uvalde","2008","2017","No Events","",
"48","Texas","48465","Val Verde","2005","2014","No Events","",
"48","Texas","48465","Val Verde","2006","2015","No Events","",
"48","Texas","48465","Val Verde","2007","2016","No Events","",
"48","Texas","48465","Val Verde","2008","2017","No Events","",
"48","Texas","48467","Van Zandt","2005","2014","0.4","< 10 Tests",
"48","Texas","48467","Van Zandt","2006","2015","0.4","< 10 Tests",
"48","Texas","48467","Van Zandt","2007","2016","0.4","< 10 Tests",
"48","Texas","48467","Van Zandt","2008","2017","0.5","< 10 Tests",
"48","Texas","48469","Victoria","2005","2014","1.3","< 10 Tests",
"48","Texas","48469","Victoria","2006","2015","1.0","< 10 Tests",
"48","Texas","48469","Victoria","2007","2016","1.1","< 10 Tests",
"48","Texas","48469","Victoria","2008","2017","1.1","< 10 Tests",
"48","Texas","48471","Walker","2005","2014","0.3","< 10 Tests",
"48","Texas","48471","Walker","2006","2015","0.3","< 10 Tests",
"48","Texas","48471","Walker","2007","2016","0.4","< 10 Tests",
"48","Texas","48471","Walker","2008","2017","0.4","< 10 Tests",
"48","Texas","48473","Waller","2005","2014","0.4","< 10 Tests",
"48","Texas","48473","Waller","2006","2015","0.4","< 10 Tests",
"48","Texas","48473","Waller","2007","2016","0.4","< 10 Tests",
"48","Texas","48473","Waller","2008","2017","0.4","< 10 Tests",
"48","Texas","48475","Ward","2005","2014","No Events","",
"48","Texas","48475","Ward","2006","2015","No Events","",
"48","Texas","48475","Ward","2007","2016","No Events","",
"48","Texas","48475","Ward","2008","2017","No Events","",
"48","Texas","48477","Washington","2005","2014","No Events","< 10 Tests",
"48","Texas","48477","Washington","2006","2015","No Events","< 10 Tests",
"48","Texas","48477","Washington","2007","2016","No Events","< 10 Tests",
"48","Texas","48477","Washington","2008","2017","No Events","< 10 Tests",
"48","Texas","48479","Webb","2005","2014","0.8","< 10 Tests",
"48","Texas","48479","Webb","2006","2015","0.7","< 10 Tests",
"48","Texas","48479","Webb","2007","2016","0.7","< 10 Tests",
"48","Texas","48479","Webb","2008","2017","0.7","< 10 Tests",
"48","Texas","48481","Wharton","2005","2014","0.6","",
"48","Texas","48481","Wharton","2006","2015","0.6","< 10 Tests",
"48","Texas","48481","Wharton","2007","2016","0.6","< 10 Tests",
"48","Texas","48481","Wharton","2008","2017","0.6","< 10 Tests",
"48","Texas","48483","Wheeler","2005","2014","3.0","< 10 Tests",
"48","Texas","48483","Wheeler","2006","2015","3.0","< 10 Tests",
"48","Texas","48483","Wheeler","2007","2016","2.1","< 10 Tests",
"48","Texas","48483","Wheeler","2008","2017","1.4","< 10 Tests",
"48","Texas","48485","Wichita","2005","2014","1.2","",
"48","Texas","48485","Wichita","2006","2015","1.2","",
"48","Texas","48485","Wichita","2007","2016","0.7","< 10 Tests",
"48","Texas","48485","Wichita","2008","2017","0.8","",
"48","Texas","48487","Wilbarger","2005","2014","No Events","",
"48","Texas","48487","Wilbarger","2006","2015","No Events","",
"48","Texas","48487","Wilbarger","2007","2016","2.6","< 10 Tests",
"48","Texas","48487","Wilbarger","2008","2017","2.6","< 10 Tests",
"48","Texas","48489","Willacy","2005","2014","No Events","",
"48","Texas","48489","Willacy","2006","2015","No Events","",
"48","Texas","48489","Willacy","2007","2016","No Events","",
"48","Texas","48489","Willacy","2008","2017","No Events","",
"48","Texas","48491","Williamson","2005","2014","1.2","",
"48","Texas","48491","Williamson","2006","2015","1.0","",
"48","Texas","48491","Williamson","2007","2016","1.0","",
"48","Texas","48491","Williamson","2008","2017","1.0","",
"48","Texas","48493","Wilson","2005","2014","0.1","< 10 Tests",
"48","Texas","48493","Wilson","2006","2015","0.1","< 10 Tests",
"48","Texas","48493","Wilson","2007","2016","0.1","< 10 Tests",
"48","Texas","48493","Wilson","2008","2017","0.1","< 10 Tests",
"48","Texas","48495","Winkler","2005","2014","No Events","",
"48","Texas","48495","Winkler","2006","2015","No Events","",
"48","Texas","48495","Winkler","2007","2016","No Events","",
"48","Texas","48495","Winkler","2008","2017","No Events","",
"48","Texas","48497","Wise","2005","2014","0.9","< 10 Tests",
"48","Texas","48497","Wise","2006","2015","0.9","< 10 Tests",
"48","Texas","48497","Wise","2007","2016","0.9","< 10 Tests",
"48","Texas","48497","Wise","2008","2017","1.0","< 10 Tests",
"48","Texas","48499","Wood","2005","2014","No Events","",
"48","Texas","48499","Wood","2006","2015","No Events","",
"48","Texas","48499","Wood","2007","2016","No Events","",
"48","Texas","48499","Wood","2008","2017","No Events","",
"48","Texas","48501","Yoakum","2005","2014","1.5","< 10 Tests",
"48","Texas","48501","Yoakum","2006","2015","1.5","< 10 Tests",
"48","Texas","48501","Yoakum","2007","2016","1.5","< 10 Tests",
"48","Texas","48501","Yoakum","2008","2017","1.5","< 10 Tests",
"48","Texas","48503","Young","2005","2014","No Events","",
"48","Texas","48503","Young","2006","2015","No Events","",
"48","Texas","48503","Young","2007","2016","No Events","",
"48","Texas","48503","Young","2008","2017","No Events","",
"48","Texas","48505","Zapata","2005","2014","0.1","< 10 Tests",
"48","Texas","48505","Zapata","2006","2015","0.1","< 10 Tests",
"48","Texas","48505","Zapata","2007","2016","0.1","< 10 Tests",
"48","Texas","48505","Zapata","2008","2017","0.1","< 10 Tests",
"48","Texas","48507","Zavala","2005","2014","No Events","",
"48","Texas","48507","Zavala","2006","2015","No Events","",
"48","Texas","48507","Zavala","2007","2016","No Events","",
"48","Texas","48507","Zavala","2008","2017","No Events","",
"49","Utah","49001","Beaver","2005","2014","101.2","< 10 Tests",
"49","Utah","49001","Beaver","2006","2015","101.2","< 10 Tests",
"49","Utah","49001","Beaver","2007","2016","101.2","< 10 Tests",
"49","Utah","49001","Beaver","2008","2017","101.2","< 10 Tests",
"49","Utah","49003","Box Elder","2005","2014","9.4","",
"49","Utah","49003","Box Elder","2006","2015","9.3","",
"49","Utah","49003","Box Elder","2007","2016","9.1","",
"49","Utah","49003","Box Elder","2008","2017","9.0","",
"49","Utah","49005","Cache","2005","2014","7.1","",
"49","Utah","49005","Cache","2006","2015","7.3","",
"49","Utah","49005","Cache","2007","2016","7.2","",
"49","Utah","49005","Cache","2008","2017","7.1","",
"49","Utah","49007","Carbon","2005","2014","3.4","",
"49","Utah","49007","Carbon","2006","2015","3.2","",
"49","Utah","49007","Carbon","2007","2016","3.3","",
"49","Utah","49007","Carbon","2008","2017","3.4","",
"49","Utah","49009","Daggett","2005","2014","No Events","",
"49","Utah","49009","Daggett","2006","2015","No Events","",
"49","Utah","49009","Daggett","2007","2016","No Events","",
"49","Utah","49009","Daggett","2008","2017","0.8","< 10 Tests",
"49","Utah","49011","Davis","2005","2014","4.1","",
"49","Utah","49011","Davis","2006","2015","4.4","",
"49","Utah","49011","Davis","2007","2016","4.6","",
"49","Utah","49011","Davis","2008","2017","4.6","",
"49","Utah","49013","Duchesne","2005","2014","3.7","",
"49","Utah","49013","Duchesne","2006","2015","5.9","",
"49","Utah","49013","Duchesne","2007","2016","5.2","",
"49","Utah","49013","Duchesne","2008","2017","5.6","",
"49","Utah","49015","Emery","2005","2014","1.4","< 10 Tests",
"49","Utah","49015","Emery","2006","2015","1.6","< 10 Tests",
"49","Utah","49015","Emery","2007","2016","3.4","< 10 Tests",
"49","Utah","49015","Emery","2008","2017","3.4","< 10 Tests",
"49","Utah","49017","Garfield","2005","2014","15.6","< 10 Tests",
"49","Utah","49017","Garfield","2006","2015","3.0","< 10 Tests",
"49","Utah","49017","Garfield","2007","2016","4.0","< 10 Tests",
"49","Utah","49017","Garfield","2008","2017","11.8","< 10 Tests",
"49","Utah","49019","Grand","2005","2014","2.2","",
"49","Utah","49019","Grand","2006","2015","2.7","",
"49","Utah","49019","Grand","2007","2016","2.6","",
"49","Utah","49019","Grand","2008","2017","2.6","",
"49","Utah","49021","Iron","2005","2014","2.5","",
"49","Utah","49021","Iron","2006","2015","2.7","",
"49","Utah","49021","Iron","2007","2016","2.9","",
"49","Utah","49021","Iron","2008","2017","3.0","",
"49","Utah","49023","Juab","2005","2014","7.6","",
"49","Utah","49023","Juab","2006","2015","7.0","",
"49","Utah","49023","Juab","2007","2016","7.1","",
"49","Utah","49023","Juab","2008","2017","6.9","",
"49","Utah","49025","Kane","2005","2014","2.6","",
"49","Utah","49025","Kane","2006","2015","4.2","",
"49","Utah","49025","Kane","2007","2016","6.1","",
"49","Utah","49025","Kane","2008","2017","6.3","",
"49","Utah","49027","Millard","2005","2014","3.7","",
"49","Utah","49027","Millard","2006","2015","4.1","",
"49","Utah","49027","Millard","2007","2016","4.6","",
"49","Utah","49027","Millard","2008","2017","2.9","< 10 Tests",
"49","Utah","49029","Morgan","2005","2014","5.5","",
"49","Utah","49029","Morgan","2006","2015","7.2","",
"49","Utah","49029","Morgan","2007","2016","6.7","",
"49","Utah","49029","Morgan","2008","2017","6.6","",
"49","Utah","49031","Piute","2005","2014","7.8","< 10 Tests",
"49","Utah","49031","Piute","2006","2015","7.8","< 10 Tests",
"49","Utah","49031","Piute","2007","2016","7.8","< 10 Tests",
"49","Utah","49031","Piute","2008","2017","No Events","",
"49","Utah","49033","Rich","2005","2014","1.6","< 10 Tests",
"49","Utah","49033","Rich","2006","2015","1.4","< 10 Tests",
"49","Utah","49033","Rich","2007","2016","1.4","< 10 Tests",
"49","Utah","49033","Rich","2008","2017","1.4","< 10 Tests",
"49","Utah","49035","Salt Lake","2005","2014","4.7","",
"49","Utah","49035","Salt Lake","2006","2015","4.8","",
"49","Utah","49035","Salt Lake","2007","2016","4.7","",
"49","Utah","49035","Salt Lake","2008","2017","4.7","",
"49","Utah","49037","San Juan","2005","2014","6.8","",
"49","Utah","49037","San Juan","2006","2015","6.8","",
"49","Utah","49037","San Juan","2007","2016","6.4","",
"49","Utah","49037","San Juan","2008","2017","6.5","",
"49","Utah","49039","Sanpete","2005","2014","6.0","",
"49","Utah","49039","Sanpete","2006","2015","6.2","",
"49","Utah","49039","Sanpete","2007","2016","6.1","",
"49","Utah","49039","Sanpete","2008","2017","6.4","",
"49","Utah","49041","Sevier","2005","2014","8.5","",
"49","Utah","49041","Sevier","2006","2015","8.4","",
"49","Utah","49041","Sevier","2007","2016","8.7","",
"49","Utah","49041","Sevier","2008","2017","8.4","",
"49","Utah","49043","Summit","2005","2014","4.7","",
"49","Utah","49043","Summit","2006","2015","4.3","",
"49","Utah","49043","Summit","2007","2016","4.3","",
"49","Utah","49043","Summit","2008","2017","4.1","",
"49","Utah","49045","Tooele","2005","2014","5.8","",
"49","Utah","49045","Tooele","2006","2015","5.7","",
"49","Utah","49045","Tooele","2007","2016","5.6","",
"49","Utah","49045","Tooele","2008","2017","5.6","",
"49","Utah","49047","Uintah","2005","2014","6.7","",
"49","Utah","49047","Uintah","2006","2015","7.1","",
"49","Utah","49047","Uintah","2007","2016","7.2","",
"49","Utah","49047","Uintah","2008","2017","6.7","",
"49","Utah","49049","Utah","2005","2014","5.7","",
"49","Utah","49049","Utah","2006","2015","5.8","",
"49","Utah","49049","Utah","2007","2016","6.0","",
"49","Utah","49049","Utah","2008","2017","6.1","",
"49","Utah","49051","Wasatch","2005","2014","9.9","",
"49","Utah","49051","Wasatch","2006","2015","9.9","",
"49","Utah","49051","Wasatch","2007","2016","9.5","",
"49","Utah","49051","Wasatch","2008","2017","9.6","",
"49","Utah","49053","Washington","2005","2014","2.2","",
"49","Utah","49053","Washington","2006","2015","2.3","",
"49","Utah","49053","Washington","2007","2016","2.3","",
"49","Utah","49053","Washington","2008","2017","2.3","",
"49","Utah","49055","Wayne","2005","2014","4.0","< 10 Tests",
"49","Utah","49055","Wayne","2006","2015","4.0","< 10 Tests",
"49","Utah","49055","Wayne","2007","2016","4.2","< 10 Tests",
"49","Utah","49055","Wayne","2008","2017","4.2","< 10 Tests",
"49","Utah","49057","Weber","2005","2014","5.0","",
"49","Utah","49057","Weber","2006","2015","5.0","",
"49","Utah","49057","Weber","2007","2016","5.0","",
"49","Utah","49057","Weber","2008","2017","4.9","",
"50","Vermont","50001","Addison","2005","2014","3.6","",
"50","Vermont","50001","Addison","2006","2015","3.7","",
"50","Vermont","50001","Addison","2007","2016","3.7","",
"50","Vermont","50001","Addison","2008","2017","3.7","",
"50","Vermont","50003","Bennington","2005","2014","4.0","",
"50","Vermont","50003","Bennington","2006","2015","3.9","",
"50","Vermont","50003","Bennington","2007","2016","3.9","",
"50","Vermont","50003","Bennington","2008","2017","4.0","",
"50","Vermont","50005","Caledonia","2005","2014","4.9","",
"50","Vermont","50005","Caledonia","2006","2015","4.7","",
"50","Vermont","50005","Caledonia","2007","2016","4.7","",
"50","Vermont","50005","Caledonia","2008","2017","4.8","",
"50","Vermont","50007","Chittenden","2005","2014","2.3","",
"50","Vermont","50007","Chittenden","2006","2015","2.3","",
"50","Vermont","50007","Chittenden","2007","2016","2.3","",
"50","Vermont","50007","Chittenden","2008","2017","2.2","",
"50","Vermont","50009","Essex","2005","2014","6.2","",
"50","Vermont","50009","Essex","2006","2015","6.1","",
"50","Vermont","50009","Essex","2007","2016","5.2","",
"50","Vermont","50009","Essex","2008","2017","5.5","",
"50","Vermont","50011","Franklin","2005","2014","1.9","",
"50","Vermont","50011","Franklin","2006","2015","2.1","",
"50","Vermont","50011","Franklin","2007","2016","2.1","",
"50","Vermont","50011","Franklin","2008","2017","2.0","",
"50","Vermont","50013","Grand Isle","2005","2014","3.2","",
"50","Vermont","50013","Grand Isle","2006","2015","3.3","",
"50","Vermont","50013","Grand Isle","2007","2016","3.3","",
"50","Vermont","50013","Grand Isle","2008","2017","5.0","",
"50","Vermont","50015","Lamoille","2005","2014","3.4","",
"50","Vermont","50015","Lamoille","2006","2015","3.3","",
"50","Vermont","50015","Lamoille","2007","2016","3.6","",
"50","Vermont","50015","Lamoille","2008","2017","3.6","",
"50","Vermont","50017","Orange","2005","2014","5.6","",
"50","Vermont","50017","Orange","2006","2015","5.8","",
"50","Vermont","50017","Orange","2007","2016","5.7","",
"50","Vermont","50017","Orange","2008","2017","5.6","",
"50","Vermont","50019","Orleans","2005","2014","3.6","",
"50","Vermont","50019","Orleans","2006","2015","3.6","",
"50","Vermont","50019","Orleans","2007","2016","3.7","",
"50","Vermont","50019","Orleans","2008","2017","3.7","",
"50","Vermont","50021","Rutland","2005","2014","3.9","",
"50","Vermont","50021","Rutland","2006","2015","3.8","",
"50","Vermont","50021","Rutland","2007","2016","3.6","",
"50","Vermont","50021","Rutland","2008","2017","3.6","",
"50","Vermont","50023","Washington","2005","2014","3.4","",
"50","Vermont","50023","Washington","2006","2015","3.5","",
"50","Vermont","50023","Washington","2007","2016","3.4","",
"50","Vermont","50023","Washington","2008","2017","3.3","",
"50","Vermont","50025","Windham","2005","2014","3.7","",
"50","Vermont","50025","Windham","2006","2015","3.6","",
"50","Vermont","50025","Windham","2007","2016","3.5","",
"50","Vermont","50025","Windham","2008","2017","3.5","",
"50","Vermont","50027","Windsor","2005","2014","3.7","",
"50","Vermont","50027","Windsor","2006","2015","4.0","",
"50","Vermont","50027","Windsor","2007","2016","4.0","",
"50","Vermont","50027","Windsor","2008","2017","3.9","",
"51","Virginia","51001","Accomack","2005","2014","0.6","",
"51","Virginia","51001","Accomack","2006","2015","0.6","",
"51","Virginia","51001","Accomack","2007","2016","0.7","",
"51","Virginia","51001","Accomack","2008","2017","0.4","< 10 Tests",
"51","Virginia","51003","Albemarle","2005","2014","3.2","",
"51","Virginia","51003","Albemarle","2006","2015","3.3","",
"51","Virginia","51003","Albemarle","2007","2016","3.3","",
"51","Virginia","51003","Albemarle","2008","2017","3.2","",
"51","Virginia","51510","Alexandria","2005","2014","1.6","",
"51","Virginia","51510","Alexandria","2006","2015","1.6","",
"51","Virginia","51510","Alexandria","2007","2016","1.6","",
"51","Virginia","51510","Alexandria","2008","2017","1.7","",
"51","Virginia","51005","Alleghany","2005","2014","5.4","",
"51","Virginia","51005","Alleghany","2006","2015","5.3","",
"51","Virginia","51005","Alleghany","2007","2016","5.3","",
"51","Virginia","51005","Alleghany","2008","2017","5.2","",
"51","Virginia","51007","Amelia","2005","2014","4.5","",
"51","Virginia","51007","Amelia","2006","2015","7.0","",
"51","Virginia","51007","Amelia","2007","2016","7.0","",
"51","Virginia","51007","Amelia","2008","2017","6.1","",
"51","Virginia","51009","Amherst","2005","2014","3.8","",
"51","Virginia","51009","Amherst","2006","2015","4.2","",
"51","Virginia","51009","Amherst","2007","2016","4.3","",
"51","Virginia","51009","Amherst","2008","2017","4.4","",
"51","Virginia","51011","Appomattox","2005","2014","3.0","",
"51","Virginia","51011","Appomattox","2006","2015","3.5","",
"51","Virginia","51011","Appomattox","2007","2016","3.1","",
"51","Virginia","51011","Appomattox","2008","2017","2.7","",
"51","Virginia","51013","Arlington","2005","2014","2.1","",
"51","Virginia","51013","Arlington","2006","2015","2.1","",
"51","Virginia","51013","Arlington","2007","2016","2.1","",
"51","Virginia","51013","Arlington","2008","2017","2.2","",
"51","Virginia","51015","Augusta","2005","2014","5.9","",
"51","Virginia","51015","Augusta","2006","2015","5.8","",
"51","Virginia","51015","Augusta","2007","2016","5.9","",
"51","Virginia","51015","Augusta","2008","2017","6.0","",
"51","Virginia","51017","Bath","2005","2014","4.0","",
"51","Virginia","51017","Bath","2006","2015","3.4","",
"51","Virginia","51017","Bath","2007","2016","3.4","",
"51","Virginia","51017","Bath","2008","2017","3.8","",
"51","Virginia","51019","Bedford","2005","2014","2.9","",
"51","Virginia","51019","Bedford","2006","2015","2.9","",
"51","Virginia","51019","Bedford","2007","2016","2.9","",
"51","Virginia","51019","Bedford","2008","2017","3.0","",
"51","Virginia","51515","Bedford City","2005","2014","No Events","",
"51","Virginia","51515","Bedford City","2006","2015","No Events","",
"51","Virginia","51515","Bedford City","2007","2016","No Events","",
"51","Virginia","51515","Bedford City","2008","2017","No Events","",
"51","Virginia","51021","Bland","2005","2014","4.8","",
"51","Virginia","51021","Bland","2006","2015","5.9","",
"51","Virginia","51021","Bland","2007","2016","6.4","",
"51","Virginia","51021","Bland","2008","2017","6.6","",
"51","Virginia","51023","Botetourt","2005","2014","5.0","",
"51","Virginia","51023","Botetourt","2006","2015","4.9","",
"51","Virginia","51023","Botetourt","2007","2016","4.9","",
"51","Virginia","51023","Botetourt","2008","2017","4.9","",
"51","Virginia","51520","Bristol","2005","2014","5.3","",
"51","Virginia","51520","Bristol","2006","2015","5.3","",
"51","Virginia","51520","Bristol","2007","2016","5.4","",
"51","Virginia","51520","Bristol","2008","2017","5.8","",
"51","Virginia","51025","Brunswick","2005","2014","4.9","",
"51","Virginia","51025","Brunswick","2006","2015","5.3","",
"51","Virginia","51025","Brunswick","2007","2016","5.3","",
"51","Virginia","51025","Brunswick","2008","2017","6.1","",
"51","Virginia","51027","Buchanan","2005","2014","3.1","",
"51","Virginia","51027","Buchanan","2006","2015","3.2","",
"51","Virginia","51027","Buchanan","2007","2016","3.1","",
"51","Virginia","51027","Buchanan","2008","2017","3.0","",
"51","Virginia","51029","Buckingham","2005","2014","2.5","",
"51","Virginia","51029","Buckingham","2006","2015","2.9","",
"51","Virginia","51029","Buckingham","2007","2016","2.9","",
"51","Virginia","51029","Buckingham","2008","2017","2.7","",
"51","Virginia","51530","Buena Vista","2005","2014","8.6","< 10 Tests",
"51","Virginia","51530","Buena Vista","2006","2015","8.4","< 10 Tests",
"51","Virginia","51530","Buena Vista","2007","2016","10.7","< 10 Tests",
"51","Virginia","51530","Buena Vista","2008","2017","11.0","< 10 Tests",
"51","Virginia","51031","Campbell","2005","2014","4.2","",
"51","Virginia","51031","Campbell","2006","2015","4.5","",
"51","Virginia","51031","Campbell","2007","2016","4.6","",
"51","Virginia","51031","Campbell","2008","2017","4.6","",
"51","Virginia","51033","Caroline","2005","2014","3.9","",
"51","Virginia","51033","Caroline","2006","2015","3.9","",
"51","Virginia","51033","Caroline","2007","2016","3.8","",
"51","Virginia","51033","Caroline","2008","2017","3.7","",
"51","Virginia","51035","Carroll","2005","2014","7.0","",
"51","Virginia","51035","Carroll","2006","2015","7.2","",
"51","Virginia","51035","Carroll","2007","2016","9.9","",
"51","Virginia","51035","Carroll","2008","2017","9.1","",
"51","Virginia","51036","Charles City","2005","2014","2.3","< 10 Tests",
"51","Virginia","51036","Charles City","2006","2015","2.3","< 10 Tests",
"51","Virginia","51036","Charles City","2007","2016","2.3","< 10 Tests",
"51","Virginia","51036","Charles City","2008","2017","1.1","< 10 Tests",
"51","Virginia","51037","Charlotte","2005","2014","3.5","",
"51","Virginia","51037","Charlotte","2006","2015","3.6","",
"51","Virginia","51037","Charlotte","2007","2016","3.5","",
"51","Virginia","51037","Charlotte","2008","2017","3.5","",
"51","Virginia","51540","Charlottesville","2005","2014","2.7","",
"51","Virginia","51540","Charlottesville","2006","2015","2.8","",
"51","Virginia","51540","Charlottesville","2007","2016","2.8","",
"51","Virginia","51540","Charlottesville","2008","2017","2.7","",
"51","Virginia","51550","Chesapeake","2005","2014","1.2","",
"51","Virginia","51550","Chesapeake","2006","2015","0.9","",
"51","Virginia","51550","Chesapeake","2007","2016","0.9","",
"51","Virginia","51550","Chesapeake","2008","2017","0.9","",
"51","Virginia","51041","Chesterfield","2005","2014","4.3","",
"51","Virginia","51041","Chesterfield","2006","2015","4.4","",
"51","Virginia","51041","Chesterfield","2007","2016","4.1","",
"51","Virginia","51041","Chesterfield","2008","2017","4.3","",
"51","Virginia","51043","Clarke","2005","2014","7.7","",
"51","Virginia","51043","Clarke","2006","2015","7.3","",
"51","Virginia","51043","Clarke","2007","2016","7.0","",
"51","Virginia","51043","Clarke","2008","2017","6.3","",
"51","Virginia","51570","Colonial Heights","2005","2014","2.8","",
"51","Virginia","51570","Colonial Heights","2006","2015","2.3","",
"51","Virginia","51570","Colonial Heights","2007","2016","3.3","< 10 Tests",
"51","Virginia","51570","Colonial Heights","2008","2017","3.9","< 10 Tests",
"51","Virginia","51580","Covington","2005","2014","10.5","< 10 Tests",
"51","Virginia","51580","Covington","2006","2015","10.5","< 10 Tests",
"51","Virginia","51580","Covington","2007","2016","10.5","< 10 Tests",
"51","Virginia","51580","Covington","2008","2017","10.5","< 10 Tests",
"51","Virginia","51045","Craig","2005","2014","6.2","",
"51","Virginia","51045","Craig","2006","2015","6.2","",
"51","Virginia","51045","Craig","2007","2016","6.2","",
"51","Virginia","51045","Craig","2008","2017","5.5","",
"51","Virginia","51047","Culpeper","2005","2014","4.8","",
"51","Virginia","51047","Culpeper","2006","2015","4.9","",
"51","Virginia","51047","Culpeper","2007","2016","4.7","",
"51","Virginia","51047","Culpeper","2008","2017","4.7","",
"51","Virginia","51049","Cumberland","2005","2014","3.2","",
"51","Virginia","51049","Cumberland","2006","2015","3.2","",
"51","Virginia","51049","Cumberland","2007","2016","2.8","",
"51","Virginia","51049","Cumberland","2008","2017","2.8","",
"51","Virginia","51590","Danville","2005","2014","3.9","",
"51","Virginia","51590","Danville","2006","2015","4.0","",
"51","Virginia","51590","Danville","2007","2016","4.0","",
"51","Virginia","51590","Danville","2008","2017","4.0","",
"51","Virginia","51051","Dickenson","2005","2014","2.9","< 10 Tests",
"51","Virginia","51051","Dickenson","2006","2015","2.9","< 10 Tests",
"51","Virginia","51051","Dickenson","2007","2016","2.9","< 10 Tests",
"51","Virginia","51051","Dickenson","2008","2017","4.3","",
"51","Virginia","51053","Dinwiddie","2005","2014","3.6","",
"51","Virginia","51053","Dinwiddie","2006","2015","4.7","",
"51","Virginia","51053","Dinwiddie","2007","2016","3.7","",
"51","Virginia","51053","Dinwiddie","2008","2017","3.3","",
"51","Virginia","51595","Emporia","2005","2014","3.1","< 10 Tests",
"51","Virginia","51595","Emporia","2006","2015","3.1","< 10 Tests",
"51","Virginia","51595","Emporia","2007","2016","3.1","< 10 Tests",
"51","Virginia","51595","Emporia","2008","2017","3.1","< 10 Tests",
"51","Virginia","51057","Essex","2005","2014","2.3","< 10 Tests",
"51","Virginia","51057","Essex","2006","2015","2.3","",
"51","Virginia","51057","Essex","2007","2016","2.9","",
"51","Virginia","51057","Essex","2008","2017","3.0","",
"51","Virginia","51059","Fairfax","2005","2014","2.5","",
"51","Virginia","51059","Fairfax","2006","2015","2.6","",
"51","Virginia","51059","Fairfax","2007","2016","2.6","",
"51","Virginia","51059","Fairfax","2008","2017","2.6","",
"51","Virginia","51600","Fairfax City","2005","2014","2.3","",
"51","Virginia","51600","Fairfax City","2006","2015","2.5","",
"51","Virginia","51600","Fairfax City","2007","2016","2.3","",
"51","Virginia","51600","Fairfax City","2008","2017","2.3","",
"51","Virginia","51610","Falls Church","2005","2014","1.8","",
"51","Virginia","51610","Falls Church","2006","2015","2.2","",
"51","Virginia","51610","Falls Church","2007","2016","2.3","",
"51","Virginia","51610","Falls Church","2008","2017","2.4","",
"51","Virginia","51061","Fauquier","2005","2014","3.8","",
"51","Virginia","51061","Fauquier","2006","2015","3.9","",
"51","Virginia","51061","Fauquier","2007","2016","3.7","",
"51","Virginia","51061","Fauquier","2008","2017","3.8","",
"51","Virginia","51063","Floyd","2005","2014","5.8","",
"51","Virginia","51063","Floyd","2006","2015","5.9","",
"51","Virginia","51063","Floyd","2007","2016","5.8","",
"51","Virginia","51063","Floyd","2008","2017","5.6","",
"51","Virginia","51065","Fluvanna","2005","2014","3.2","",
"51","Virginia","51065","Fluvanna","2006","2015","3.3","",
"51","Virginia","51065","Fluvanna","2007","2016","3.3","",
"51","Virginia","51065","Fluvanna","2008","2017","3.3","",
"51","Virginia","51067","Franklin","2005","2014","3.0","",
"51","Virginia","51067","Franklin","2006","2015","3.0","",
"51","Virginia","51067","Franklin","2007","2016","3.0","",
"51","Virginia","51067","Franklin","2008","2017","3.0","",
"51","Virginia","51620","Franklin City","2005","2014","0.9","< 10 Tests",
"51","Virginia","51620","Franklin City","2006","2015","0.9","< 10 Tests",
"51","Virginia","51620","Franklin City","2007","2016","0.9","< 10 Tests",
"51","Virginia","51620","Franklin City","2008","2017","0.9","< 10 Tests",
"51","Virginia","51069","Frederick","2005","2014","7.4","",
"51","Virginia","51069","Frederick","2006","2015","7.1","",
"51","Virginia","51069","Frederick","2007","2016","7.0","",
"51","Virginia","51069","Frederick","2008","2017","6.7","",
"51","Virginia","51630","Fredericksburg","2005","2014","2.9","",
"51","Virginia","51630","Fredericksburg","2006","2015","3.0","",
"51","Virginia","51630","Fredericksburg","2007","2016","3.0","",
"51","Virginia","51630","Fredericksburg","2008","2017","3.0","",
"51","Virginia","51640","Galax","2005","2014","3.6","",
"51","Virginia","51640","Galax","2006","2015","3.6","",
"51","Virginia","51640","Galax","2007","2016","3.7","",
"51","Virginia","51640","Galax","2008","2017","3.7","",
"51","Virginia","51071","Giles","2005","2014","8.5","",
"51","Virginia","51071","Giles","2006","2015","8.3","",
"51","Virginia","51071","Giles","2007","2016","8.3","",
"51","Virginia","51071","Giles","2008","2017","8.5","",
"51","Virginia","51073","Gloucester","2005","2014","3.4","< 10 Tests",
"51","Virginia","51073","Gloucester","2006","2015","3.6","< 10 Tests",
"51","Virginia","51073","Gloucester","2007","2016","3.6","< 10 Tests",
"51","Virginia","51073","Gloucester","2008","2017","3.4","< 10 Tests",
"51","Virginia","51075","Goochland","2005","2014","3.4","",
"51","Virginia","51075","Goochland","2006","2015","4.4","",
"51","Virginia","51075","Goochland","2007","2016","4.7","",
"51","Virginia","51075","Goochland","2008","2017","4.5","",
"51","Virginia","51077","Grayson","2005","2014","5.0","",
"51","Virginia","51077","Grayson","2006","2015","5.0","",
"51","Virginia","51077","Grayson","2007","2016","5.0","",
"51","Virginia","51077","Grayson","2008","2017","5.0","",
"51","Virginia","51079","Greene","2005","2014","4.7","",
"51","Virginia","51079","Greene","2006","2015","5.0","",
"51","Virginia","51079","Greene","2007","2016","4.9","",
"51","Virginia","51079","Greene","2008","2017","4.8","",
"51","Virginia","51081","Greensville","2005","2014","0.7","< 10 Tests",
"51","Virginia","51081","Greensville","2006","2015","0.7","< 10 Tests",
"51","Virginia","51081","Greensville","2007","2016","0.7","< 10 Tests",
"51","Virginia","51081","Greensville","2008","2017","0.7","< 10 Tests",
"51","Virginia","51083","Halifax","2005","2014","2.9","",
"51","Virginia","51083","Halifax","2006","2015","3.0","",
"51","Virginia","51083","Halifax","2007","2016","3.1","",
"51","Virginia","51083","Halifax","2008","2017","2.9","",
"51","Virginia","51650","Hampton","2005","2014","0.8","",
"51","Virginia","51650","Hampton","2006","2015","0.8","",
"51","Virginia","51650","Hampton","2007","2016","1.0","",
"51","Virginia","51650","Hampton","2008","2017","1.0","",
"51","Virginia","51085","Hanover","2005","2014","2.3","",
"51","Virginia","51085","Hanover","2006","2015","2.3","",
"51","Virginia","51085","Hanover","2007","2016","2.5","",
"51","Virginia","51085","Hanover","2008","2017","2.9","",
"51","Virginia","51660","Harrisonburg","2005","2014","4.6","",
"51","Virginia","51660","Harrisonburg","2006","2015","4.5","",
"51","Virginia","51660","Harrisonburg","2007","2016","4.2","",
"51","Virginia","51660","Harrisonburg","2008","2017","4.2","",
"51","Virginia","51087","Henrico","2005","2014","3.7","",
"51","Virginia","51087","Henrico","2006","2015","3.6","",
"51","Virginia","51087","Henrico","2007","2016","3.7","",
"51","Virginia","51087","Henrico","2008","2017","3.8","",
"51","Virginia","51089","Henry","2005","2014","3.3","",
"51","Virginia","51089","Henry","2006","2015","3.8","",
"51","Virginia","51089","Henry","2007","2016","3.8","",
"51","Virginia","51089","Henry","2008","2017","3.7","",
"51","Virginia","51091","Highland","2005","2014","1.0","< 10 Tests",
"51","Virginia","51091","Highland","2006","2015","1.0","< 10 Tests",
"51","Virginia","51091","Highland","2007","2016","1.8","",
"51","Virginia","51091","Highland","2008","2017","1.8","",
"51","Virginia","51670","Hopewell","2005","2014","7.7","< 10 Tests",
"51","Virginia","51670","Hopewell","2006","2015","5.0","",
"51","Virginia","51670","Hopewell","2007","2016","4.4","",
"51","Virginia","51670","Hopewell","2008","2017","3.6","",
"51","Virginia","51093","Isle of Wight","2005","2014","6.1","< 10 Tests",
"51","Virginia","51093","Isle of Wight","2006","2015","2.4","< 10 Tests",
"51","Virginia","51093","Isle of Wight","2007","2016","2.4","< 10 Tests",
"51","Virginia","51093","Isle of Wight","2008","2017","2.4","< 10 Tests",
"51","Virginia","51095","James City","2005","2014","4.2","",
"51","Virginia","51095","James City","2006","2015","4.2","",
"51","Virginia","51095","James City","2007","2016","4.4","",
"51","Virginia","51095","James City","2008","2017","4.2","",
"51","Virginia","51097","King and Queen","2005","2014","6.5","",
"51","Virginia","51097","King and Queen","2006","2015","6.5","",
"51","Virginia","51097","King and Queen","2007","2016","6.5","",
"51","Virginia","51097","King and Queen","2008","2017","6.5","< 10 Tests",
"51","Virginia","51099","King George","2005","2014","5.9","",
"51","Virginia","51099","King George","2006","2015","5.6","",
"51","Virginia","51099","King George","2007","2016","5.3","",
"51","Virginia","51099","King George","2008","2017","5.2","",
"51","Virginia","51101","King William","2005","2014","2.6","< 10 Tests",
"51","Virginia","51101","King William","2006","2015","2.7","< 10 Tests",
"51","Virginia","51101","King William","2007","2016","2.8","< 10 Tests",
"51","Virginia","51101","King William","2008","2017","2.8","< 10 Tests",
"51","Virginia","51103","Lancaster","2005","2014","3.2","",
"51","Virginia","51103","Lancaster","2006","2015","3.2","",
"51","Virginia","51103","Lancaster","2007","2016","2.3","< 10 Tests",
"51","Virginia","51103","Lancaster","2008","2017","2.3","< 10 Tests",
"51","Virginia","51105","Lee","2005","2014","14.2","",
"51","Virginia","51105","Lee","2006","2015","13.3","",
"51","Virginia","51105","Lee","2007","2016","12.1","",
"51","Virginia","51105","Lee","2008","2017","12.1","",
"51","Virginia","51678","Lexington","2005","2014","2.5","",
"51","Virginia","51678","Lexington","2006","2015","2.5","",
"51","Virginia","51678","Lexington","2007","2016","2.5","",
"51","Virginia","51678","Lexington","2008","2017","2.2","",
"51","Virginia","51107","Loudoun","2005","2014","3.4","",
"51","Virginia","51107","Loudoun","2006","2015","3.5","",
"51","Virginia","51107","Loudoun","2007","2016","3.6","",
"51","Virginia","51107","Loudoun","2008","2017","3.6","",
"51","Virginia","51109","Louisa","2005","2014","4.3","",
"51","Virginia","51109","Louisa","2006","2015","4.3","",
"51","Virginia","51109","Louisa","2007","2016","4.2","",
"51","Virginia","51109","Louisa","2008","2017","4.4","",
"51","Virginia","51111","Lunenburg","2005","2014","1.7","< 10 Tests",
"51","Virginia","51111","Lunenburg","2006","2015","1.4","< 10 Tests",
"51","Virginia","51111","Lunenburg","2007","2016","1.4","< 10 Tests",
"51","Virginia","51111","Lunenburg","2008","2017","1.4","< 10 Tests",
"51","Virginia","51680","Lynchburg","2005","2014","3.5","",
"51","Virginia","51680","Lynchburg","2006","2015","3.7","",
"51","Virginia","51680","Lynchburg","2007","2016","3.5","",
"51","Virginia","51680","Lynchburg","2008","2017","3.5","",
"51","Virginia","51113","Madison","2005","2014","5.9","",
"51","Virginia","51113","Madison","2006","2015","5.6","",
"51","Virginia","51113","Madison","2007","2016","5.5","",
"51","Virginia","51113","Madison","2008","2017","5.8","",
"51","Virginia","51683","Manassas","2005","2014","3.1","",
"51","Virginia","51683","Manassas","2006","2015","3.1","",
"51","Virginia","51683","Manassas","2007","2016","3.2","",
"51","Virginia","51683","Manassas","2008","2017","2.9","",
"51","Virginia","51685","Manassas Park","2005","2014","2.7","",
"51","Virginia","51685","Manassas Park","2006","2015","2.6","",
"51","Virginia","51685","Manassas Park","2007","2016","2.5","",
"51","Virginia","51685","Manassas Park","2008","2017","2.4","",
"51","Virginia","51690","Martinsville","2005","2014","2.1","",
"51","Virginia","51690","Martinsville","2006","2015","2.6","",
"51","Virginia","51690","Martinsville","2007","2016","2.5","",
"51","Virginia","51690","Martinsville","2008","2017","2.8","",
"51","Virginia","51115","Mathews","2005","2014","3.4","< 10 Tests",
"51","Virginia","51115","Mathews","2006","2015","3.4","< 10 Tests",
"51","Virginia","51115","Mathews","2007","2016","3.4","< 10 Tests",
"51","Virginia","51115","Mathews","2008","2017","3.4","< 10 Tests",
"51","Virginia","51117","Mecklenburg","2005","2014","6.7","",
"51","Virginia","51117","Mecklenburg","2006","2015","5.4","",
"51","Virginia","51117","Mecklenburg","2007","2016","5.1","",
"51","Virginia","51117","Mecklenburg","2008","2017","5.0","",
"51","Virginia","51119","Middlesex","2005","2014","2.3","< 10 Tests",
"51","Virginia","51119","Middlesex","2006","2015","2.3","< 10 Tests",
"51","Virginia","51119","Middlesex","2007","2016","2.1","< 10 Tests",
"51","Virginia","51119","Middlesex","2008","2017","2.1","< 10 Tests",
"51","Virginia","51121","Montgomery","2005","2014","4.0","",
"51","Virginia","51121","Montgomery","2006","2015","4.2","",
"51","Virginia","51121","Montgomery","2007","2016","4.3","",
"51","Virginia","51121","Montgomery","2008","2017","4.2","",
"51","Virginia","51125","Nelson","2005","2014","4.0","",
"51","Virginia","51125","Nelson","2006","2015","4.0","",
"51","Virginia","51125","Nelson","2007","2016","4.2","",
"51","Virginia","51125","Nelson","2008","2017","4.6","",
"51","Virginia","51127","New Kent","2005","2014","6.1","",
"51","Virginia","51127","New Kent","2006","2015","6.3","",
"51","Virginia","51127","New Kent","2007","2016","5.6","",
"51","Virginia","51127","New Kent","2008","2017","5.7","",
"51","Virginia","51700","Newport News","2005","2014","1.8","",
"51","Virginia","51700","Newport News","2006","2015","1.8","",
"51","Virginia","51700","Newport News","2007","2016","1.8","",
"51","Virginia","51700","Newport News","2008","2017","1.8","",
"51","Virginia","51710","Norfolk","2005","2014","0.9","",
"51","Virginia","51710","Norfolk","2006","2015","1.1","",
"51","Virginia","51710","Norfolk","2007","2016","1.0","",
"51","Virginia","51710","Norfolk","2008","2017","0.8","",
"51","Virginia","51131","Northampton","2005","2014","1.0","< 10 Tests",
"51","Virginia","51131","Northampton","2006","2015","1.0","< 10 Tests",
"51","Virginia","51131","Northampton","2007","2016","1.0","< 10 Tests",
"51","Virginia","51131","Northampton","2008","2017","1.0","< 10 Tests",
"51","Virginia","51133","Northumberland","2005","2014","6.4","",
"51","Virginia","51133","Northumberland","2006","2015","5.3","",
"51","Virginia","51133","Northumberland","2007","2016","5.3","",
"51","Virginia","51133","Northumberland","2008","2017","4.8","",
"51","Virginia","51720","Norton","2005","2014","4.8","< 10 Tests",
"51","Virginia","51720","Norton","2006","2015","4.8","< 10 Tests",
"51","Virginia","51720","Norton","2007","2016","0.8","< 10 Tests",
"51","Virginia","51720","Norton","2008","2017","0.8","< 10 Tests",
"51","Virginia","51135","Nottoway","2005","2014","3.7","",
"51","Virginia","51135","Nottoway","2006","2015","3.2","",
"51","Virginia","51135","Nottoway","2007","2016","1.6","",
"51","Virginia","51135","Nottoway","2008","2017","2.7","< 10 Tests",
"51","Virginia","51137","Orange","2005","2014","4.1","",
"51","Virginia","51137","Orange","2006","2015","4.1","",
"51","Virginia","51137","Orange","2007","2016","4.0","",
"51","Virginia","51137","Orange","2008","2017","3.9","",
"51","Virginia","51139","Page","2005","2014","4.4","",
"51","Virginia","51139","Page","2006","2015","4.6","",
"51","Virginia","51139","Page","2007","2016","4.5","",
"51","Virginia","51139","Page","2008","2017","4.7","",
"51","Virginia","51141","Patrick","2005","2014","6.6","",
"51","Virginia","51141","Patrick","2006","2015","6.4","",
"51","Virginia","51141","Patrick","2007","2016","6.3","",
"51","Virginia","51141","Patrick","2008","2017","6.4","",
"51","Virginia","51730","Petersburg","2005","2014","0.7","< 10 Tests",
"51","Virginia","51730","Petersburg","2006","2015","0.5","< 10 Tests",
"51","Virginia","51730","Petersburg","2007","2016","0.5","< 10 Tests",
"51","Virginia","51730","Petersburg","2008","2017","0.5","< 10 Tests",
"51","Virginia","51143","Pittsylvania","2005","2014","4.7","",
"51","Virginia","51143","Pittsylvania","2006","2015","4.5","",
"51","Virginia","51143","Pittsylvania","2007","2016","4.4","",
"51","Virginia","51143","Pittsylvania","2008","2017","4.3","",
"51","Virginia","51735","Poquoson","2005","2014","22.6","< 10 Tests",
"51","Virginia","51735","Poquoson","2006","2015","0.2","< 10 Tests",
"51","Virginia","51735","Poquoson","2007","2016","No Events","",
"51","Virginia","51735","Poquoson","2008","2017","No Events","",
"51","Virginia","51740","Portsmouth","2005","2014","0.4","",
"51","Virginia","51740","Portsmouth","2006","2015","0.4","",
"51","Virginia","51740","Portsmouth","2007","2016","1.4","< 10 Tests",
"51","Virginia","51740","Portsmouth","2008","2017","1.4","< 10 Tests",
"51","Virginia","51145","Powhatan","2005","2014","2.1","",
"51","Virginia","51145","Powhatan","2006","2015","2.5","",
"51","Virginia","51145","Powhatan","2007","2016","3.0","",
"51","Virginia","51145","Powhatan","2008","2017","3.0","",
"51","Virginia","51147","Prince Edward","2005","2014","4.1","",
"51","Virginia","51147","Prince Edward","2006","2015","4.1","",
"51","Virginia","51147","Prince Edward","2007","2016","3.9","",
"51","Virginia","51147","Prince Edward","2008","2017","4.1","",
"51","Virginia","51149","Prince George","2005","2014","3.0","",
"51","Virginia","51149","Prince George","2006","2015","2.8","",
"51","Virginia","51149","Prince George","2007","2016","2.7","",
"51","Virginia","51149","Prince George","2008","2017","2.7","",
"51","Virginia","51153","Prince William","2005","2014","3.7","",
"51","Virginia","51153","Prince William","2006","2015","3.7","",
"51","Virginia","51153","Prince William","2007","2016","3.8","",
"51","Virginia","51153","Prince William","2008","2017","3.8","",
"51","Virginia","51155","Pulaski","2005","2014","7.6","",
"51","Virginia","51155","Pulaski","2006","2015","7.4","",
"51","Virginia","51155","Pulaski","2007","2016","7.2","",
"51","Virginia","51155","Pulaski","2008","2017","6.8","",
"51","Virginia","51750","Radford","2005","2014","5.9","",
"51","Virginia","51750","Radford","2006","2015","5.4","",
"51","Virginia","51750","Radford","2007","2016","4.8","",
"51","Virginia","51750","Radford","2008","2017","5.0","",
"51","Virginia","51157","Rappahannock","2005","2014","5.2","",
"51","Virginia","51157","Rappahannock","2006","2015","5.2","",
"51","Virginia","51157","Rappahannock","2007","2016","4.9","",
"51","Virginia","51157","Rappahannock","2008","2017","5.0","",
"51","Virginia","51159","Richmond","2005","2014","2.2","< 10 Tests",
"51","Virginia","51159","Richmond","2006","2015","2.7","",
"51","Virginia","51159","Richmond","2007","2016","2.7","",
"51","Virginia","51159","Richmond","2008","2017","2.7","",
"51","Virginia","51760","Richmond City","2005","2014","3.7","",
"51","Virginia","51760","Richmond City","2006","2015","3.6","",
"51","Virginia","51760","Richmond City","2007","2016","3.5","",
"51","Virginia","51760","Richmond City","2008","2017","3.5","",
"51","Virginia","51161","Roanoke","2005","2014","2.8","",
"51","Virginia","51161","Roanoke","2006","2015","2.9","",
"51","Virginia","51161","Roanoke","2007","2016","3.0","",
"51","Virginia","51161","Roanoke","2008","2017","3.0","",
"51","Virginia","51770","Roanoke City","2005","2014","3.2","",
"51","Virginia","51770","Roanoke City","2006","2015","3.2","",
"51","Virginia","51770","Roanoke City","2007","2016","3.3","",
"51","Virginia","51770","Roanoke City","2008","2017","3.3","",
"51","Virginia","51163","Rockbridge","2005","2014","6.7","",
"51","Virginia","51163","Rockbridge","2006","2015","7.3","",
"51","Virginia","51163","Rockbridge","2007","2016","7.5","",
"51","Virginia","51163","Rockbridge","2008","2017","7.3","",
"51","Virginia","51165","Rockingham","2005","2014","5.5","",
"51","Virginia","51165","Rockingham","2006","2015","5.4","",
"51","Virginia","51165","Rockingham","2007","2016","5.5","",
"51","Virginia","51165","Rockingham","2008","2017","5.3","",
"51","Virginia","51167","Russell","2005","2014","11.2","",
"51","Virginia","51167","Russell","2006","2015","11.0","",
"51","Virginia","51167","Russell","2007","2016","10.8","",
"51","Virginia","51167","Russell","2008","2017","11.1","",
"51","Virginia","51775","Salem","2005","2014","3.6","",
"51","Virginia","51775","Salem","2006","2015","3.6","",
"51","Virginia","51775","Salem","2007","2016","3.9","",
"51","Virginia","51775","Salem","2008","2017","4.1","",
"51","Virginia","51169","Scott","2005","2014","9.7","",
"51","Virginia","51169","Scott","2006","2015","9.7","",
"51","Virginia","51169","Scott","2007","2016","13.1","",
"51","Virginia","51169","Scott","2008","2017","13.3","",
"51","Virginia","51171","Shenandoah","2005","2014","4.8","",
"51","Virginia","51171","Shenandoah","2006","2015","4.6","",
"51","Virginia","51171","Shenandoah","2007","2016","4.5","",
"51","Virginia","51171","Shenandoah","2008","2017","4.4","",
"51","Virginia","51173","Smyth","2005","2014","9.7","",
"51","Virginia","51173","Smyth","2006","2015","9.3","",
"51","Virginia","51173","Smyth","2007","2016","9.3","",
"51","Virginia","51173","Smyth","2008","2017","8.7","",
"51","Virginia","51175","Southampton","2005","2014","1.1","< 10 Tests",
"51","Virginia","51175","Southampton","2006","2015","1.1","< 10 Tests",
"51","Virginia","51175","Southampton","2007","2016","1.1","< 10 Tests",
"51","Virginia","51175","Southampton","2008","2017","1.1","< 10 Tests",
"51","Virginia","51177","Spotsylvania","2005","2014","3.7","",
"51","Virginia","51177","Spotsylvania","2006","2015","3.8","",
"51","Virginia","51177","Spotsylvania","2007","2016","3.8","",
"51","Virginia","51177","Spotsylvania","2008","2017","3.8","",
"51","Virginia","51179","Stafford","2005","2014","4.7","",
"51","Virginia","51179","Stafford","2006","2015","4.7","",
"51","Virginia","51179","Stafford","2007","2016","4.6","",
"51","Virginia","51179","Stafford","2008","2017","4.6","",
"51","Virginia","51790","Staunton","2005","2014","6.3","",
"51","Virginia","51790","Staunton","2006","2015","5.9","",
"51","Virginia","51790","Staunton","2007","2016","5.9","",
"51","Virginia","51790","Staunton","2008","2017","6.1","",
"51","Virginia","51800","Suffolk","2005","2014","1.4","< 10 Tests",
"51","Virginia","51800","Suffolk","2006","2015","1.4","< 10 Tests",
"51","Virginia","51800","Suffolk","2007","2016","1.3","< 10 Tests",
"51","Virginia","51800","Suffolk","2008","2017","1.3","< 10 Tests",
"51","Virginia","51181","Surry","2005","2014","No Events","",
"51","Virginia","51181","Surry","2006","2015","No Events","",
"51","Virginia","51181","Surry","2007","2016","No Events","",
"51","Virginia","51181","Surry","2008","2017","No Events","",
"51","Virginia","51183","Sussex","2005","2014","0.1","< 10 Tests",
"51","Virginia","51183","Sussex","2006","2015","0.1","< 10 Tests",
"51","Virginia","51183","Sussex","2007","2016","0.1","< 10 Tests",
"51","Virginia","51183","Sussex","2008","2017","0.1","< 10 Tests",
"51","Virginia","51185","Tazewell","2005","2014","7.9","",
"51","Virginia","51185","Tazewell","2006","2015","7.3","",
"51","Virginia","51185","Tazewell","2007","2016","5.6","",
"51","Virginia","51185","Tazewell","2008","2017","6.2","",
"51","Virginia","51810","Virginia Beach","2005","2014","1.4","",
"51","Virginia","51810","Virginia Beach","2006","2015","1.3","",
"51","Virginia","51810","Virginia Beach","2007","2016","1.2","",
"51","Virginia","51810","Virginia Beach","2008","2017","1.1","",
"51","Virginia","51187","Warren","2005","2014","4.6","",
"51","Virginia","51187","Warren","2006","2015","4.7","",
"51","Virginia","51187","Warren","2007","2016","4.7","",
"51","Virginia","51187","Warren","2008","2017","4.9","",
"51","Virginia","51191","Washington","2005","2014","7.1","",
"51","Virginia","51191","Washington","2006","2015","7.1","",
"51","Virginia","51191","Washington","2007","2016","7.4","",
"51","Virginia","51191","Washington","2008","2017","7.6","",
"51","Virginia","51820","Waynesboro","2005","2014","5.0","",
"51","Virginia","51820","Waynesboro","2006","2015","4.7","",
"51","Virginia","51820","Waynesboro","2007","2016","4.8","",
"51","Virginia","51820","Waynesboro","2008","2017","4.7","",
"51","Virginia","51193","Westmoreland","2005","2014","2.2","",
"51","Virginia","51193","Westmoreland","2006","2015","2.0","",
"51","Virginia","51193","Westmoreland","2007","2016","1.8","",
"51","Virginia","51193","Westmoreland","2008","2017","2.1","",
"51","Virginia","51830","Williamsburg","2005","2014","3.1","",
"51","Virginia","51830","Williamsburg","2006","2015","3.1","",
"51","Virginia","51830","Williamsburg","2007","2016","3.3","",
"51","Virginia","51830","Williamsburg","2008","2017","2.5","",
"51","Virginia","51840","Winchester","2005","2014","6.2","",
"51","Virginia","51840","Winchester","2006","2015","6.0","",
"51","Virginia","51840","Winchester","2007","2016","5.9","",
"51","Virginia","51840","Winchester","2008","2017","5.7","",
"51","Virginia","51195","Wise","2005","2014","2.6","",
"51","Virginia","51195","Wise","2006","2015","2.9","",
"51","Virginia","51195","Wise","2007","2016","3.6","",
"51","Virginia","51195","Wise","2008","2017","4.3","",
"51","Virginia","51197","Wythe","2005","2014","11.0","",
"51","Virginia","51197","Wythe","2006","2015","11.0","",
"51","Virginia","51197","Wythe","2007","2016","10.7","",
"51","Virginia","51197","Wythe","2008","2017","10.7","",
"51","Virginia","51199","York","2005","2014","2.4","",
"51","Virginia","51199","York","2006","2015","2.4","",
"51","Virginia","51199","York","2007","2016","2.4","",
"51","Virginia","51199","York","2008","2017","2.8","",
"53","Washington","53001","Adams","2005","2014","1.4","< 10 Tests",
"53","Washington","53001","Adams","2006","2015","1.4","< 10 Tests",
"53","Washington","53001","Adams","2007","2016","1.4","< 10 Tests",
"53","Washington","53001","Adams","2008","2017","2.2","< 10 Tests",
"53","Washington","53003","Asotin","2005","2014","1.4","",
"53","Washington","53003","Asotin","2006","2015","1.3","",
"53","Washington","53003","Asotin","2007","2016","1.3","",
"53","Washington","53003","Asotin","2008","2017","1.7","< 10 Tests",
"53","Washington","53005","Benton","2005","2014","3.4","",
"53","Washington","53005","Benton","2006","2015","3.0","",
"53","Washington","53005","Benton","2007","2016","3.0","",
"53","Washington","53005","Benton","2008","2017","4.9","",
"53","Washington","53007","Chelan","2005","2014","2.2","",
"53","Washington","53007","Chelan","2006","2015","4.1","",
"53","Washington","53007","Chelan","2007","2016","4.1","",
"53","Washington","53007","Chelan","2008","2017","3.6","",
"53","Washington","53009","Clallam","2005","2014","2.0","",
"53","Washington","53009","Clallam","2006","2015","2.0","",
"53","Washington","53009","Clallam","2007","2016","2.2","",
"53","Washington","53009","Clallam","2008","2017","2.0","",
"53","Washington","53011","Clark","2005","2014","3.4","",
"53","Washington","53011","Clark","2006","2015","3.5","",
"53","Washington","53011","Clark","2007","2016","3.5","",
"53","Washington","53011","Clark","2008","2017","3.5","",
"53","Washington","53013","Columbia","2005","2014","6.6","< 10 Tests",
"53","Washington","53013","Columbia","2006","2015","6.6","< 10 Tests",
"53","Washington","53013","Columbia","2007","2016","6.6","< 10 Tests",
"53","Washington","53013","Columbia","2008","2017","6.6","< 10 Tests",
"53","Washington","53015","Cowlitz","2005","2014","1.6","",
"53","Washington","53015","Cowlitz","2006","2015","1.7","",
"53","Washington","53015","Cowlitz","2007","2016","1.8","",
"53","Washington","53015","Cowlitz","2008","2017","1.9","",
"53","Washington","53017","Douglas","2005","2014","5.5","",
"53","Washington","53017","Douglas","2006","2015","5.3","",
"53","Washington","53017","Douglas","2007","2016","6.2","",
"53","Washington","53017","Douglas","2008","2017","5.6","",
"53","Washington","53019","Ferry","2005","2014","2.9","",
"53","Washington","53019","Ferry","2006","2015","3.8","",
"53","Washington","53019","Ferry","2007","2016","3.3","",
"53","Washington","53019","Ferry","2008","2017","3.7","",
"53","Washington","53021","Franklin","2005","2014","1.8","",
"53","Washington","53021","Franklin","2006","2015","1.8","",
"53","Washington","53021","Franklin","2007","2016","1.7","",
"53","Washington","53021","Franklin","2008","2017","1.7","",
"53","Washington","53023","Garfield","2005","2014","3.8","< 10 Tests",
"53","Washington","53023","Garfield","2006","2015","3.8","< 10 Tests",
"53","Washington","53023","Garfield","2007","2016","3.8","< 10 Tests",
"53","Washington","53023","Garfield","2008","2017","3.8","< 10 Tests",
"53","Washington","53025","Grant","2005","2014","4.4","",
"53","Washington","53025","Grant","2006","2015","3.8","",
"53","Washington","53025","Grant","2007","2016","3.7","",
"53","Washington","53025","Grant","2008","2017","3.3","",
"53","Washington","53027","Grays Harbor","2005","2014","1.6","< 10 Tests",
"53","Washington","53027","Grays Harbor","2006","2015","1.6","< 10 Tests",
"53","Washington","53027","Grays Harbor","2007","2016","1.5","< 10 Tests",
"53","Washington","53027","Grays Harbor","2008","2017","11.5","",
"53","Washington","53029","Island","2005","2014","1.7","",
"53","Washington","53029","Island","2006","2015","1.8","",
"53","Washington","53029","Island","2007","2016","2.0","",
"53","Washington","53029","Island","2008","2017","2.0","",
"53","Washington","53031","Jefferson","2005","2014","3.5","",
"53","Washington","53031","Jefferson","2006","2015","3.5","",
"53","Washington","53031","Jefferson","2007","2016","3.8","",
"53","Washington","53031","Jefferson","2008","2017","3.8","",
"53","Washington","53033","King","2005","2014","1.0","",
"53","Washington","53033","King","2006","2015","1.0","",
"53","Washington","53033","King","2007","2016","1.0","",
"53","Washington","53033","King","2008","2017","1.1","",
"53","Washington","53035","Kitsap","2005","2014","0.7","",
"53","Washington","53035","Kitsap","2006","2015","0.8","",
"53","Washington","53035","Kitsap","2007","2016","1.1","",
"53","Washington","53035","Kitsap","2008","2017","1.1","",
"53","Washington","53037","Kittitas","2005","2014","1.4","< 10 Tests",
"53","Washington","53037","Kittitas","2006","2015","1.4","< 10 Tests",
"53","Washington","53037","Kittitas","2007","2016","1.4","< 10 Tests",
"53","Washington","53037","Kittitas","2008","2017","2.1","< 10 Tests",
"53","Washington","53039","Klickitat","2005","2014","19.7","",
"53","Washington","53039","Klickitat","2006","2015","19.2","",
"53","Washington","53039","Klickitat","2007","2016","19.6","",
"53","Washington","53039","Klickitat","2008","2017","18.5","",
"53","Washington","53041","Lewis","2005","2014","1.1","",
"53","Washington","53041","Lewis","2006","2015","1.1","",
"53","Washington","53041","Lewis","2007","2016","1.0","",
"53","Washington","53041","Lewis","2008","2017","1.1","",
"53","Washington","53043","Lincoln","2005","2014","3.7","",
"53","Washington","53043","Lincoln","2006","2015","3.2","",
"53","Washington","53043","Lincoln","2007","2016","3.2","",
"53","Washington","53043","Lincoln","2008","2017","6.5","",
"53","Washington","53045","Mason","2005","2014","0.5","",
"53","Washington","53045","Mason","2006","2015","0.7","",
"53","Washington","53045","Mason","2007","2016","0.8","",
"53","Washington","53045","Mason","2008","2017","0.8","",
"53","Washington","53047","Okanogan","2005","2014","5.4","",
"53","Washington","53047","Okanogan","2006","2015","6.5","",
"53","Washington","53047","Okanogan","2007","2016","6.1","",
"53","Washington","53047","Okanogan","2008","2017","6.5","",
"53","Washington","53049","Pacific","2005","2014","No Events","",
"53","Washington","53049","Pacific","2006","2015","No Events","",
"53","Washington","53049","Pacific","2007","2016","No Events","",
"53","Washington","53049","Pacific","2008","2017","0.5","< 10 Tests",
"53","Washington","53051","Pend Oreille","2005","2014","15.5","",
"53","Washington","53051","Pend Oreille","2006","2015","15.8","",
"53","Washington","53051","Pend Oreille","2007","2016","13.3","",
"53","Washington","53051","Pend Oreille","2008","2017","13.2","",
"53","Washington","53053","Pierce","2005","2014","1.3","",
"53","Washington","53053","Pierce","2006","2015","1.4","",
"53","Washington","53053","Pierce","2007","2016","1.4","",
"53","Washington","53053","Pierce","2008","2017","1.3","",
"53","Washington","53055","San Juan","2005","2014","0.8","",
"53","Washington","53055","San Juan","2006","2015","0.8","",
"53","Washington","53055","San Juan","2007","2016","0.8","",
"53","Washington","53055","San Juan","2008","2017","0.7","",
"53","Washington","53057","Skagit","2005","2014","0.7","",
"53","Washington","53057","Skagit","2006","2015","1.0","",
"53","Washington","53057","Skagit","2007","2016","1.0","",
"53","Washington","53057","Skagit","2008","2017","1.0","",
"53","Washington","53059","Skamania","2005","2014","4.0","",
"53","Washington","53059","Skamania","2006","2015","4.0","",
"53","Washington","53059","Skamania","2007","2016","4.0","",
"53","Washington","53059","Skamania","2008","2017","4.0","",
"53","Washington","53061","Snohomish","2005","2014","0.8","",
"53","Washington","53061","Snohomish","2006","2015","0.8","",
"53","Washington","53061","Snohomish","2007","2016","1.0","",
"53","Washington","53061","Snohomish","2008","2017","0.9","",
"53","Washington","53063","Spokane","2005","2014","7.3","",
"53","Washington","53063","Spokane","2006","2015","6.7","",
"53","Washington","53063","Spokane","2007","2016","6.6","",
"53","Washington","53063","Spokane","2008","2017","6.6","",
"53","Washington","53065","Stevens","2005","2014","6.7","",
"53","Washington","53065","Stevens","2006","2015","6.4","",
"53","Washington","53065","Stevens","2007","2016","6.4","",
"53","Washington","53065","Stevens","2008","2017","6.8","",
"53","Washington","53067","Thurston","2005","2014","1.5","",
"53","Washington","53067","Thurston","2006","2015","1.5","",
"53","Washington","53067","Thurston","2007","2016","1.5","",
"53","Washington","53067","Thurston","2008","2017","1.7","",
"53","Washington","53069","Wahkiakum","2005","2014","2.9","< 10 Tests",
"53","Washington","53069","Wahkiakum","2006","2015","2.9","< 10 Tests",
"53","Washington","53069","Wahkiakum","2007","2016","2.9","< 10 Tests",
"53","Washington","53069","Wahkiakum","2008","2017","2.9","< 10 Tests",
"53","Washington","53071","Walla Walla","2005","2014","2.1","",
"53","Washington","53071","Walla Walla","2006","2015","2.0","",
"53","Washington","53071","Walla Walla","2007","2016","2.0","",
"53","Washington","53071","Walla Walla","2008","2017","2.6","",
"53","Washington","53073","Whatcom","2005","2014","1.3","",
"53","Washington","53073","Whatcom","2006","2015","1.3","",
"53","Washington","53073","Whatcom","2007","2016","1.3","",
"53","Washington","53073","Whatcom","2008","2017","1.3","",
"53","Washington","53075","Whitman","2005","2014","2.4","",
"53","Washington","53075","Whitman","2006","2015","3.8","",
"53","Washington","53075","Whitman","2007","2016","3.3","",
"53","Washington","53075","Whitman","2008","2017","2.9","",
"53","Washington","53077","Yakima","2005","2014","2.4","",
"53","Washington","53077","Yakima","2006","2015","1.2","",
"53","Washington","53077","Yakima","2007","2016","1.3","",
"53","Washington","53077","Yakima","2008","2017","1.2","",
"54","West Virginia","54001","Barbour","2005","2014","3.2","",
"54","West Virginia","54001","Barbour","2006","2015","3.2","",
"54","West Virginia","54001","Barbour","2007","2016","3.1","",
"54","West Virginia","54001","Barbour","2008","2017","3.1","",
"54","West Virginia","54003","Berkeley","2005","2014","8.6","",
"54","West Virginia","54003","Berkeley","2006","2015","8.6","",
"54","West Virginia","54003","Berkeley","2007","2016","8.3","",
"54","West Virginia","54003","Berkeley","2008","2017","8.1","",
"54","West Virginia","54005","Boone","2005","2014","1.2","< 10 Tests",
"54","West Virginia","54005","Boone","2006","2015","1.2","< 10 Tests",
"54","West Virginia","54005","Boone","2007","2016","1.0","< 10 Tests",
"54","West Virginia","54005","Boone","2008","2017","1.3","< 10 Tests",
"54","West Virginia","54007","Braxton","2005","2014","1.4","",
"54","West Virginia","54007","Braxton","2006","2015","1.4","",
"54","West Virginia","54007","Braxton","2007","2016","1.4","",
"54","West Virginia","54007","Braxton","2008","2017","1.7","",
"54","West Virginia","54009","Brooke","2005","2014","7.0","",
"54","West Virginia","54009","Brooke","2006","2015","5.8","",
"54","West Virginia","54009","Brooke","2007","2016","6.2","",
"54","West Virginia","54009","Brooke","2008","2017","6.2","",
"54","West Virginia","54011","Cabell","2005","2014","2.8","",
"54","West Virginia","54011","Cabell","2006","2015","2.8","",
"54","West Virginia","54011","Cabell","2007","2016","2.8","",
"54","West Virginia","54011","Cabell","2008","2017","2.6","",
"54","West Virginia","54013","Calhoun","2005","2014","4.2","< 10 Tests",
"54","West Virginia","54013","Calhoun","2006","2015","2.0","< 10 Tests",
"54","West Virginia","54013","Calhoun","2007","2016","2.0","< 10 Tests",
"54","West Virginia","54013","Calhoun","2008","2017","2.0","< 10 Tests",
"54","West Virginia","54015","Clay","2005","2014","2.4","< 10 Tests",
"54","West Virginia","54015","Clay","2006","2015","2.4","< 10 Tests",
"54","West Virginia","54015","Clay","2007","2016","0.1","< 10 Tests",
"54","West Virginia","54015","Clay","2008","2017","0.1","< 10 Tests",
"54","West Virginia","54017","Doddridge","2005","2014","0.5","< 10 Tests",
"54","West Virginia","54017","Doddridge","2006","2015","0.5","< 10 Tests",
"54","West Virginia","54017","Doddridge","2007","2016","0.5","< 10 Tests",
"54","West Virginia","54017","Doddridge","2008","2017","0.5","< 10 Tests",
"54","West Virginia","54019","Fayette","2005","2014","1.3","",
"54","West Virginia","54019","Fayette","2006","2015","1.3","",
"54","West Virginia","54019","Fayette","2007","2016","0.8","",
"54","West Virginia","54019","Fayette","2008","2017","0.8","",
"54","West Virginia","54021","Gilmer","2005","2014","2.3","< 10 Tests",
"54","West Virginia","54021","Gilmer","2006","2015","2.3","< 10 Tests",
"54","West Virginia","54021","Gilmer","2007","2016","2.3","< 10 Tests",
"54","West Virginia","54021","Gilmer","2008","2017","2.3","< 10 Tests",
"54","West Virginia","54023","Grant","2005","2014","1.7","",
"54","West Virginia","54023","Grant","2006","2015","1.6","",
"54","West Virginia","54023","Grant","2007","2016","1.6","",
"54","West Virginia","54023","Grant","2008","2017","1.9","",
"54","West Virginia","54025","Greenbrier","2005","2014","8.6","",
"54","West Virginia","54025","Greenbrier","2006","2015","10.9","",
"54","West Virginia","54025","Greenbrier","2007","2016","10.6","",
"54","West Virginia","54025","Greenbrier","2008","2017","11.2","",
"54","West Virginia","54027","Hampshire","2005","2014","6.6","",
"54","West Virginia","54027","Hampshire","2006","2015","6.5","",
"54","West Virginia","54027","Hampshire","2007","2016","6.5","",
"54","West Virginia","54027","Hampshire","2008","2017","6.7","",
"54","West Virginia","54029","Hancock","2005","2014","7.6","",
"54","West Virginia","54029","Hancock","2006","2015","8.0","",
"54","West Virginia","54029","Hancock","2007","2016","8.0","",
"54","West Virginia","54029","Hancock","2008","2017","7.8","",
"54","West Virginia","54031","Hardy","2005","2014","3.8","",
"54","West Virginia","54031","Hardy","2006","2015","3.8","",
"54","West Virginia","54031","Hardy","2007","2016","3.4","",
"54","West Virginia","54031","Hardy","2008","2017","2.9","",
"54","West Virginia","54033","Harrison","2005","2014","4.0","",
"54","West Virginia","54033","Harrison","2006","2015","3.8","",
"54","West Virginia","54033","Harrison","2007","2016","4.1","",
"54","West Virginia","54033","Harrison","2008","2017","4.1","",
"54","West Virginia","54035","Jackson","2005","2014","2.8","",
"54","West Virginia","54035","Jackson","2006","2015","2.9","",
"54","West Virginia","54035","Jackson","2007","2016","3.2","",
"54","West Virginia","54035","Jackson","2008","2017","3.0","",
"54","West Virginia","54037","Jefferson","2005","2014","8.1","",
"54","West Virginia","54037","Jefferson","2006","2015","8.2","",
"54","West Virginia","54037","Jefferson","2007","2016","8.2","",
"54","West Virginia","54037","Jefferson","2008","2017","8.1","",
"54","West Virginia","54039","Kanawha","2005","2014","3.4","",
"54","West Virginia","54039","Kanawha","2006","2015","3.3","",
"54","West Virginia","54039","Kanawha","2007","2016","3.4","",
"54","West Virginia","54039","Kanawha","2008","2017","3.4","",
"54","West Virginia","54041","Lewis","2005","2014","2.1","",
"54","West Virginia","54041","Lewis","2006","2015","2.2","",
"54","West Virginia","54041","Lewis","2007","2016","2.1","",
"54","West Virginia","54041","Lewis","2008","2017","2.1","",
"54","West Virginia","54043","Lincoln","2005","2014","2.1","",
"54","West Virginia","54043","Lincoln","2006","2015","2.1","",
"54","West Virginia","54043","Lincoln","2007","2016","2.1","",
"54","West Virginia","54043","Lincoln","2008","2017","2.2","",
"54","West Virginia","54045","Logan","2005","2014","1.8","< 10 Tests",
"54","West Virginia","54045","Logan","2006","2015","1.8","< 10 Tests",
"54","West Virginia","54045","Logan","2007","2016","1.8","< 10 Tests",
"54","West Virginia","54045","Logan","2008","2017","1.8","< 10 Tests",
"54","West Virginia","54049","Marion","2005","2014","3.9","",
"54","West Virginia","54049","Marion","2006","2015","3.9","",
"54","West Virginia","54049","Marion","2007","2016","3.9","",
"54","West Virginia","54049","Marion","2008","2017","3.9","",
"54","West Virginia","54051","Marshall","2005","2014","4.5","",
"54","West Virginia","54051","Marshall","2006","2015","4.5","",
"54","West Virginia","54051","Marshall","2007","2016","4.4","",
"54","West Virginia","54051","Marshall","2008","2017","4.7","",
"54","West Virginia","54053","Mason","2005","2014","3.1","",
"54","West Virginia","54053","Mason","2006","2015","3.1","",
"54","West Virginia","54053","Mason","2007","2016","3.1","",
"54","West Virginia","54053","Mason","2008","2017","3.4","",
"54","West Virginia","54047","McDowell","2005","2014","2.0","< 10 Tests",
"54","West Virginia","54047","McDowell","2006","2015","2.0","< 10 Tests",
"54","West Virginia","54047","McDowell","2007","2016","2.0","< 10 Tests",
"54","West Virginia","54047","McDowell","2008","2017","2.0","< 10 Tests",
"54","West Virginia","54055","Mercer","2005","2014","3.7","",
"54","West Virginia","54055","Mercer","2006","2015","3.6","",
"54","West Virginia","54055","Mercer","2007","2016","3.5","",
"54","West Virginia","54055","Mercer","2008","2017","3.4","",
"54","West Virginia","54057","Mineral","2005","2014","6.1","",
"54","West Virginia","54057","Mineral","2006","2015","6.0","",
"54","West Virginia","54057","Mineral","2007","2016","5.6","",
"54","West Virginia","54057","Mineral","2008","2017","6.1","",
"54","West Virginia","54059","Mingo","2005","2014","1.0","< 10 Tests",
"54","West Virginia","54059","Mingo","2006","2015","1.2","< 10 Tests",
"54","West Virginia","54059","Mingo","2007","2016","1.2","< 10 Tests",
"54","West Virginia","54059","Mingo","2008","2017","1.2","< 10 Tests",
"54","West Virginia","54061","Monongalia","2005","2014","2.8","",
"54","West Virginia","54061","Monongalia","2006","2015","2.8","",
"54","West Virginia","54061","Monongalia","2007","2016","2.8","",
"54","West Virginia","54061","Monongalia","2008","2017","2.8","",
"54","West Virginia","54063","Monroe","2005","2014","4.7","",
"54","West Virginia","54063","Monroe","2006","2015","4.5","",
"54","West Virginia","54063","Monroe","2007","2016","4.2","",
"54","West Virginia","54063","Monroe","2008","2017","4.0","",
"54","West Virginia","54065","Morgan","2005","2014","15.8","",
"54","West Virginia","54065","Morgan","2006","2015","13.4","",
"54","West Virginia","54065","Morgan","2007","2016","13.1","",
"54","West Virginia","54065","Morgan","2008","2017","13.4","",
"54","West Virginia","54067","Nicholas","2005","2014","2.7","",
"54","West Virginia","54067","Nicholas","2006","2015","2.5","",
"54","West Virginia","54067","Nicholas","2007","2016","3.6","",
"54","West Virginia","54067","Nicholas","2008","2017","3.9","",
"54","West Virginia","54069","Ohio","2005","2014","5.6","",
"54","West Virginia","54069","Ohio","2006","2015","5.6","",
"54","West Virginia","54069","Ohio","2007","2016","5.5","",
"54","West Virginia","54069","Ohio","2008","2017","5.4","",
"54","West Virginia","54071","Pendleton","2005","2014","3.1","",
"54","West Virginia","54071","Pendleton","2006","2015","3.9","",
"54","West Virginia","54071","Pendleton","2007","2016","4.6","",
"54","West Virginia","54071","Pendleton","2008","2017","4.9","",
"54","West Virginia","54073","Pleasants","2005","2014","6.6","",
"54","West Virginia","54073","Pleasants","2006","2015","6.6","",
"54","West Virginia","54073","Pleasants","2007","2016","6.6","",
"54","West Virginia","54073","Pleasants","2008","2017","5.0","",
"54","West Virginia","54075","Pocahontas","2005","2014","3.0","",
"54","West Virginia","54075","Pocahontas","2006","2015","3.3","",
"54","West Virginia","54075","Pocahontas","2007","2016","2.6","",
"54","West Virginia","54075","Pocahontas","2008","2017","2.0","",
"54","West Virginia","54077","Preston","2005","2014","8.3","",
"54","West Virginia","54077","Preston","2006","2015","8.5","",
"54","West Virginia","54077","Preston","2007","2016","6.4","",
"54","West Virginia","54077","Preston","2008","2017","6.4","",
"54","West Virginia","54079","Putnam","2005","2014","3.1","",
"54","West Virginia","54079","Putnam","2006","2015","3.2","",
"54","West Virginia","54079","Putnam","2007","2016","3.2","",
"54","West Virginia","54079","Putnam","2008","2017","3.0","",
"54","West Virginia","54081","Raleigh","2005","2014","2.0","",
"54","West Virginia","54081","Raleigh","2006","2015","2.0","",
"54","West Virginia","54081","Raleigh","2007","2016","2.1","",
"54","West Virginia","54081","Raleigh","2008","2017","2.1","",
"54","West Virginia","54083","Randolph","2005","2014","3.8","",
"54","West Virginia","54083","Randolph","2006","2015","3.7","",
"54","West Virginia","54083","Randolph","2007","2016","3.6","",
"54","West Virginia","54083","Randolph","2008","2017","3.8","",
"54","West Virginia","54085","Ritchie","2005","2014","1.6","",
"54","West Virginia","54085","Ritchie","2006","2015","1.8","",
"54","West Virginia","54085","Ritchie","2007","2016","1.9","",
"54","West Virginia","54085","Ritchie","2008","2017","2.0","",
"54","West Virginia","54087","Roane","2005","2014","3.4","",
"54","West Virginia","54087","Roane","2006","2015","3.3","",
"54","West Virginia","54087","Roane","2007","2016","3.3","",
"54","West Virginia","54087","Roane","2008","2017","3.0","",
"54","West Virginia","54089","Summers","2005","2014","1.2","< 10 Tests",
"54","West Virginia","54089","Summers","2006","2015","1.2","< 10 Tests",
"54","West Virginia","54089","Summers","2007","2016","2.8","",
"54","West Virginia","54089","Summers","2008","2017","2.7","",
"54","West Virginia","54091","Taylor","2005","2014","2.1","",
"54","West Virginia","54091","Taylor","2006","2015","2.4","",
"54","West Virginia","54091","Taylor","2007","2016","2.7","",
"54","West Virginia","54091","Taylor","2008","2017","3.2","",
"54","West Virginia","54093","Tucker","2005","2014","7.0","",
"54","West Virginia","54093","Tucker","2006","2015","2.6","",
"54","West Virginia","54093","Tucker","2007","2016","3.1","",
"54","West Virginia","54093","Tucker","2008","2017","2.9","",
"54","West Virginia","54095","Tyler","2005","2014","2.3","",
"54","West Virginia","54095","Tyler","2006","2015","2.3","",
"54","West Virginia","54095","Tyler","2007","2016","2.6","",
"54","West Virginia","54095","Tyler","2008","2017","2.7","",
"54","West Virginia","54097","Upshur","2005","2014","2.9","",
"54","West Virginia","54097","Upshur","2006","2015","3.4","",
"54","West Virginia","54097","Upshur","2007","2016","3.4","",
"54","West Virginia","54097","Upshur","2008","2017","3.4","",
"54","West Virginia","54099","Wayne","2005","2014","2.9","",
"54","West Virginia","54099","Wayne","2006","2015","2.7","",
"54","West Virginia","54099","Wayne","2007","2016","2.5","",
"54","West Virginia","54099","Wayne","2008","2017","2.3","",
"54","West Virginia","54101","Webster","2005","2014","5.1","< 10 Tests",
"54","West Virginia","54101","Webster","2006","2015","3.1","",
"54","West Virginia","54101","Webster","2007","2016","2.7","",
"54","West Virginia","54101","Webster","2008","2017","3.1","",
"54","West Virginia","54103","Wetzel","2005","2014","3.7","",
"54","West Virginia","54103","Wetzel","2006","2015","3.8","",
"54","West Virginia","54103","Wetzel","2007","2016","3.6","",
"54","West Virginia","54103","Wetzel","2008","2017","3.6","",
"54","West Virginia","54105","Wirt","2005","2014","1.3","< 10 Tests",
"54","West Virginia","54105","Wirt","2006","2015","1.4","",
"54","West Virginia","54105","Wirt","2007","2016","1.4","< 10 Tests",
"54","West Virginia","54105","Wirt","2008","2017","1.4","< 10 Tests",
"54","West Virginia","54107","Wood","2005","2014","2.4","",
"54","West Virginia","54107","Wood","2006","2015","2.5","",
"54","West Virginia","54107","Wood","2007","2016","2.5","",
"54","West Virginia","54107","Wood","2008","2017","2.4","",
"54","West Virginia","54109","Wyoming","2005","2014","3.7","< 10 Tests",
"54","West Virginia","54109","Wyoming","2006","2015","3.7","< 10 Tests",
"54","West Virginia","54109","Wyoming","2007","2016","3.7","< 10 Tests",
"54","West Virginia","54109","Wyoming","2008","2017","2.7","< 10 Tests",
"55","Wisconsin","55001","Adams","2005","2014","2.7","",
"55","Wisconsin","55001","Adams","2006","2015","2.9","",
"55","Wisconsin","55001","Adams","2007","2016","3.1","",
"55","Wisconsin","55001","Adams","2008","2017","3.1","",
"55","Wisconsin","55003","Ashland","2005","2014","2.8","",
"55","Wisconsin","55003","Ashland","2006","2015","2.6","",
"55","Wisconsin","55003","Ashland","2007","2016","2.6","",
"55","Wisconsin","55003","Ashland","2008","2017","2.1","",
"55","Wisconsin","55005","Barron","2005","2014","5.1","",
"55","Wisconsin","55005","Barron","2006","2015","5.0","",
"55","Wisconsin","55005","Barron","2007","2016","4.6","",
"55","Wisconsin","55005","Barron","2008","2017","4.7","",
"55","Wisconsin","55007","Bayfield","2005","2014","4.2","",
"55","Wisconsin","55007","Bayfield","2006","2015","4.3","",
"55","Wisconsin","55007","Bayfield","2007","2016","4.0","",
"55","Wisconsin","55007","Bayfield","2008","2017","3.9","",
"55","Wisconsin","55009","Brown","2005","2014","6.0","",
"55","Wisconsin","55009","Brown","2006","2015","5.9","",
"55","Wisconsin","55009","Brown","2007","2016","5.7","",
"55","Wisconsin","55009","Brown","2008","2017","5.5","",
"55","Wisconsin","55011","Buffalo","2005","2014","5.4","",
"55","Wisconsin","55011","Buffalo","2006","2015","4.9","",
"55","Wisconsin","55011","Buffalo","2007","2016","6.1","",
"55","Wisconsin","55011","Buffalo","2008","2017","5.6","",
"55","Wisconsin","55013","Burnett","2005","2014","3.6","",
"55","Wisconsin","55013","Burnett","2006","2015","3.9","",
"55","Wisconsin","55013","Burnett","2007","2016","3.8","",
"55","Wisconsin","55013","Burnett","2008","2017","3.5","",
"55","Wisconsin","55015","Calumet","2005","2014","5.8","",
"55","Wisconsin","55015","Calumet","2006","2015","5.9","",
"55","Wisconsin","55015","Calumet","2007","2016","5.8","",
"55","Wisconsin","55015","Calumet","2008","2017","5.5","",
"55","Wisconsin","55017","Chippewa","2005","2014","6.7","",
"55","Wisconsin","55017","Chippewa","2006","2015","7.0","",
"55","Wisconsin","55017","Chippewa","2007","2016","7.1","",
"55","Wisconsin","55017","Chippewa","2008","2017","7.3","",
"55","Wisconsin","55019","Clark","2005","2014","4.2","",
"55","Wisconsin","55019","Clark","2006","2015","4.4","",
"55","Wisconsin","55019","Clark","2007","2016","4.3","",
"55","Wisconsin","55019","Clark","2008","2017","4.3","",
"55","Wisconsin","55021","Columbia","2005","2014","4.8","",
"55","Wisconsin","55021","Columbia","2006","2015","4.9","",
"55","Wisconsin","55021","Columbia","2007","2016","5.1","",
"55","Wisconsin","55021","Columbia","2008","2017","5.2","",
"55","Wisconsin","55023","Crawford","2005","2014","7.7","",
"55","Wisconsin","55023","Crawford","2006","2015","7.8","",
"55","Wisconsin","55023","Crawford","2007","2016","8.1","",
"55","Wisconsin","55023","Crawford","2008","2017","7.7","",
"55","Wisconsin","55025","Dane","2005","2014","4.8","",
"55","Wisconsin","55025","Dane","2006","2015","4.8","",
"55","Wisconsin","55025","Dane","2007","2016","4.8","",
"55","Wisconsin","55025","Dane","2008","2017","4.8","",
"55","Wisconsin","55027","Dodge","2005","2014","8.1","",
"55","Wisconsin","55027","Dodge","2006","2015","8.1","",
"55","Wisconsin","55027","Dodge","2007","2016","8.4","",
"55","Wisconsin","55027","Dodge","2008","2017","8.1","",
"55","Wisconsin","55029","Door","2005","2014","6.3","",
"55","Wisconsin","55029","Door","2006","2015","6.2","",
"55","Wisconsin","55029","Door","2007","2016","5.8","",
"55","Wisconsin","55029","Door","2008","2017","5.9","",
"55","Wisconsin","55031","Douglas","2005","2014","3.1","",
"55","Wisconsin","55031","Douglas","2006","2015","3.2","",
"55","Wisconsin","55031","Douglas","2007","2016","3.1","",
"55","Wisconsin","55031","Douglas","2008","2017","3.1","",
"55","Wisconsin","55033","Dunn","2005","2014","5.3","",
"55","Wisconsin","55033","Dunn","2006","2015","5.2","",
"55","Wisconsin","55033","Dunn","2007","2016","5.3","",
"55","Wisconsin","55033","Dunn","2008","2017","5.6","",
"55","Wisconsin","55035","Eau Claire","2005","2014","5.2","",
"55","Wisconsin","55035","Eau Claire","2006","2015","5.1","",
"55","Wisconsin","55035","Eau Claire","2007","2016","5.1","",
"55","Wisconsin","55035","Eau Claire","2008","2017","5.2","",
"55","Wisconsin","55037","Florence","2005","2014","7.2","",
"55","Wisconsin","55037","Florence","2006","2015","7.4","",
"55","Wisconsin","55037","Florence","2007","2016","8.1","",
"55","Wisconsin","55037","Florence","2008","2017","8.4","",
"55","Wisconsin","55039","Fond du Lac","2005","2014","6.8","",
"55","Wisconsin","55039","Fond du Lac","2006","2015","6.8","",
"55","Wisconsin","55039","Fond du Lac","2007","2016","6.8","",
"55","Wisconsin","55039","Fond du Lac","2008","2017","6.7","",
"55","Wisconsin","55041","Forest","2005","2014","3.4","",
"55","Wisconsin","55041","Forest","2006","2015","3.6","",
"55","Wisconsin","55041","Forest","2007","2016","4.6","",
"55","Wisconsin","55041","Forest","2008","2017","5.3","",
"55","Wisconsin","55043","Grant","2005","2014","6.9","",
"55","Wisconsin","55043","Grant","2006","2015","6.9","",
"55","Wisconsin","55043","Grant","2007","2016","7.5","",
"55","Wisconsin","55043","Grant","2008","2017","7.9","",
"55","Wisconsin","55045","Green","2005","2014","9.0","",
"55","Wisconsin","55045","Green","2006","2015","8.5","",
"55","Wisconsin","55045","Green","2007","2016","8.3","",
"55","Wisconsin","55045","Green","2008","2017","9.8","",
"55","Wisconsin","55047","Green Lake","2005","2014","7.7","",
"55","Wisconsin","55047","Green Lake","2006","2015","8.5","",
"55","Wisconsin","55047","Green Lake","2007","2016","9.4","",
"55","Wisconsin","55047","Green Lake","2008","2017","8.8","",
"55","Wisconsin","55049","Iowa","2005","2014","7.6","",
"55","Wisconsin","55049","Iowa","2006","2015","7.6","",
"55","Wisconsin","55049","Iowa","2007","2016","8.4","",
"55","Wisconsin","55049","Iowa","2008","2017","8.6","",
"55","Wisconsin","55051","Iron","2005","2014","3.4","",
"55","Wisconsin","55051","Iron","2006","2015","3.5","",
"55","Wisconsin","55051","Iron","2007","2016","3.9","",
"55","Wisconsin","55051","Iron","2008","2017","3.9","",
"55","Wisconsin","55053","Jackson","2005","2014","5.3","",
"55","Wisconsin","55053","Jackson","2006","2015","5.4","",
"55","Wisconsin","55053","Jackson","2007","2016","5.7","",
"55","Wisconsin","55053","Jackson","2008","2017","5.9","",
"55","Wisconsin","55055","Jefferson","2005","2014","5.3","",
"55","Wisconsin","55055","Jefferson","2006","2015","5.4","",
"55","Wisconsin","55055","Jefferson","2007","2016","5.3","",
"55","Wisconsin","55055","Jefferson","2008","2017","5.2","",
"55","Wisconsin","55057","Juneau","2005","2014","4.9","",
"55","Wisconsin","55057","Juneau","2006","2015","4.9","",
"55","Wisconsin","55057","Juneau","2007","2016","4.9","",
"55","Wisconsin","55057","Juneau","2008","2017","5.4","",
"55","Wisconsin","55059","Kenosha","2005","2014","5.1","",
"55","Wisconsin","55059","Kenosha","2006","2015","5.0","",
"55","Wisconsin","55059","Kenosha","2007","2016","4.8","",
"55","Wisconsin","55059","Kenosha","2008","2017","4.7","",
"55","Wisconsin","55061","Kewaunee","2005","2014","8.1","",
"55","Wisconsin","55061","Kewaunee","2006","2015","7.9","",
"55","Wisconsin","55061","Kewaunee","2007","2016","8.2","",
"55","Wisconsin","55061","Kewaunee","2008","2017","7.9","",
"55","Wisconsin","55063","La Crosse","2005","2014","4.2","",
"55","Wisconsin","55063","La Crosse","2006","2015","4.2","",
"55","Wisconsin","55063","La Crosse","2007","2016","4.2","",
"55","Wisconsin","55063","La Crosse","2008","2017","4.2","",
"55","Wisconsin","55065","Lafayette","2005","2014","7.3","",
"55","Wisconsin","55065","Lafayette","2006","2015","7.1","",
"55","Wisconsin","55065","Lafayette","2007","2016","7.1","",
"55","Wisconsin","55065","Lafayette","2008","2017","7.9","",
"55","Wisconsin","55067","Langlade","2005","2014","9.4","",
"55","Wisconsin","55067","Langlade","2006","2015","9.5","",
"55","Wisconsin","55067","Langlade","2007","2016","10.5","",
"55","Wisconsin","55067","Langlade","2008","2017","11.9","",
"55","Wisconsin","55069","Lincoln","2005","2014","6.2","",
"55","Wisconsin","55069","Lincoln","2006","2015","6.2","",
"55","Wisconsin","55069","Lincoln","2007","2016","5.4","",
"55","Wisconsin","55069","Lincoln","2008","2017","5.3","",
"55","Wisconsin","55071","Manitowoc","2005","2014","4.2","",
"55","Wisconsin","55071","Manitowoc","2006","2015","4.3","",
"55","Wisconsin","55071","Manitowoc","2007","2016","4.1","",
"55","Wisconsin","55071","Manitowoc","2008","2017","4.5","",
"55","Wisconsin","55073","Marathon","2005","2014","14.8","",
"55","Wisconsin","55073","Marathon","2006","2015","14.0","",
"55","Wisconsin","55073","Marathon","2007","2016","12.7","",
"55","Wisconsin","55073","Marathon","2008","2017","11.6","",
"55","Wisconsin","55075","Marinette","2005","2014","3.1","",
"55","Wisconsin","55075","Marinette","2006","2015","3.3","",
"55","Wisconsin","55075","Marinette","2007","2016","3.9","",
"55","Wisconsin","55075","Marinette","2008","2017","3.7","",
"55","Wisconsin","55077","Marquette","2005","2014","2.3","",
"55","Wisconsin","55077","Marquette","2006","2015","2.3","",
"55","Wisconsin","55077","Marquette","2007","2016","2.4","",
"55","Wisconsin","55077","Marquette","2008","2017","2.3","",
"55","Wisconsin","55078","Menominee","2005","2014","3.4","",
"55","Wisconsin","55078","Menominee","2006","2015","3.7","",
"55","Wisconsin","55078","Menominee","2007","2016","3.7","",
"55","Wisconsin","55078","Menominee","2008","2017","10.3","< 10 Tests",
"55","Wisconsin","55079","Milwaukee","2005","2014","4.9","",
"55","Wisconsin","55079","Milwaukee","2006","2015","5.1","",
"55","Wisconsin","55079","Milwaukee","2007","2016","4.9","",
"55","Wisconsin","55079","Milwaukee","2008","2017","4.8","",
"55","Wisconsin","55081","Monroe","2005","2014","3.4","",
"55","Wisconsin","55081","Monroe","2006","2015","3.5","",
"55","Wisconsin","55081","Monroe","2007","2016","3.9","",
"55","Wisconsin","55081","Monroe","2008","2017","4.1","",
"55","Wisconsin","55083","Oconto","2005","2014","8.2","",
"55","Wisconsin","55083","Oconto","2006","2015","8.7","",
"55","Wisconsin","55083","Oconto","2007","2016","9.7","",
"55","Wisconsin","55083","Oconto","2008","2017","9.9","",
"55","Wisconsin","55085","Oneida","2005","2014","3.8","",
"55","Wisconsin","55085","Oneida","2006","2015","4.1","",
"55","Wisconsin","55085","Oneida","2007","2016","4.1","",
"55","Wisconsin","55085","Oneida","2008","2017","4.0","",
"55","Wisconsin","55087","Outagamie","2005","2014","5.8","",
"55","Wisconsin","55087","Outagamie","2006","2015","6.1","",
"55","Wisconsin","55087","Outagamie","2007","2016","6.1","",
"55","Wisconsin","55087","Outagamie","2008","2017","6.0","",
"55","Wisconsin","55089","Ozaukee","2005","2014","5.2","",
"55","Wisconsin","55089","Ozaukee","2006","2015","5.1","",
"55","Wisconsin","55089","Ozaukee","2007","2016","4.9","",
"55","Wisconsin","55089","Ozaukee","2008","2017","4.7","",
"55","Wisconsin","55091","Pepin","2005","2014","4.3","",
"55","Wisconsin","55091","Pepin","2006","2015","5.2","",
"55","Wisconsin","55091","Pepin","2007","2016","5.1","",
"55","Wisconsin","55091","Pepin","2008","2017","5.3","",
"55","Wisconsin","55093","Pierce","2005","2014","5.7","",
"55","Wisconsin","55093","Pierce","2006","2015","5.7","",
"55","Wisconsin","55093","Pierce","2007","2016","5.5","",
"55","Wisconsin","55093","Pierce","2008","2017","5.3","",
"55","Wisconsin","55095","Polk","2005","2014","4.3","",
"55","Wisconsin","55095","Polk","2006","2015","4.2","",
"55","Wisconsin","55095","Polk","2007","2016","4.1","",
"55","Wisconsin","55095","Polk","2008","2017","4.1","",
"55","Wisconsin","55097","Portage","2005","2014","6.9","",
"55","Wisconsin","55097","Portage","2006","2015","6.9","",
"55","Wisconsin","55097","Portage","2007","2016","7.1","",
"55","Wisconsin","55097","Portage","2008","2017","7.4","",
"55","Wisconsin","55099","Price","2005","2014","6.2","",
"55","Wisconsin","55099","Price","2006","2015","6.1","",
"55","Wisconsin","55099","Price","2007","2016","6.0","",
"55","Wisconsin","55099","Price","2008","2017","5.6","",
"55","Wisconsin","55101","Racine","2005","2014","6.0","",
"55","Wisconsin","55101","Racine","2006","2015","6.0","",
"55","Wisconsin","55101","Racine","2007","2016","5.8","",
"55","Wisconsin","55101","Racine","2008","2017","5.8","",
"55","Wisconsin","55103","Richland","2005","2014","4.5","",
"55","Wisconsin","55103","Richland","2006","2015","4.6","",
"55","Wisconsin","55103","Richland","2007","2016","7.0","",
"55","Wisconsin","55103","Richland","2008","2017","7.1","",
"55","Wisconsin","55105","Rock","2005","2014","6.7","",
"55","Wisconsin","55105","Rock","2006","2015","6.6","",
"55","Wisconsin","55105","Rock","2007","2016","6.3","",
"55","Wisconsin","55105","Rock","2008","2017","6.4","",
"55","Wisconsin","55107","Rusk","2005","2014","4.6","",
"55","Wisconsin","55107","Rusk","2006","2015","4.9","",
"55","Wisconsin","55107","Rusk","2007","2016","4.9","",
"55","Wisconsin","55107","Rusk","2008","2017","5.0","",
"55","Wisconsin","55111","Sauk","2005","2014","5.4","",
"55","Wisconsin","55111","Sauk","2006","2015","5.6","",
"55","Wisconsin","55111","Sauk","2007","2016","5.1","",
"55","Wisconsin","55111","Sauk","2008","2017","5.0","",
"55","Wisconsin","55113","Sawyer","2005","2014","3.9","",
"55","Wisconsin","55113","Sawyer","2006","2015","3.7","",
"55","Wisconsin","55113","Sawyer","2007","2016","3.3","",
"55","Wisconsin","55113","Sawyer","2008","2017","3.3","",
"55","Wisconsin","55115","Shawano","2005","2014","7.6","",
"55","Wisconsin","55115","Shawano","2006","2015","7.5","",
"55","Wisconsin","55115","Shawano","2007","2016","7.8","",
"55","Wisconsin","55115","Shawano","2008","2017","7.8","",
"55","Wisconsin","55117","Sheboygan","2005","2014","6.1","",
"55","Wisconsin","55117","Sheboygan","2006","2015","5.9","",
"55","Wisconsin","55117","Sheboygan","2007","2016","4.6","",
"55","Wisconsin","55117","Sheboygan","2008","2017","4.4","",
"55","Wisconsin","55109","St. Croix","2005","2014","5.5","",
"55","Wisconsin","55109","St. Croix","2006","2015","5.5","",
"55","Wisconsin","55109","St. Croix","2007","2016","5.2","",
"55","Wisconsin","55109","St. Croix","2008","2017","5.1","",
"55","Wisconsin","55119","Taylor","2005","2014","4.5","",
"55","Wisconsin","55119","Taylor","2006","2015","4.6","",
"55","Wisconsin","55119","Taylor","2007","2016","4.2","",
"55","Wisconsin","55119","Taylor","2008","2017","4.5","",
"55","Wisconsin","55121","Trempealeau","2005","2014","6.1","",
"55","Wisconsin","55121","Trempealeau","2006","2015","6.1","",
"55","Wisconsin","55121","Trempealeau","2007","2016","6.3","",
"55","Wisconsin","55121","Trempealeau","2008","2017","5.9","",
"55","Wisconsin","55123","Vernon","2005","2014","6.5","",
"55","Wisconsin","55123","Vernon","2006","2015","7.1","",
"55","Wisconsin","55123","Vernon","2007","2016","6.8","",
"55","Wisconsin","55123","Vernon","2008","2017","6.9","",
"55","Wisconsin","55125","Vilas","2005","2014","4.1","",
"55","Wisconsin","55125","Vilas","2006","2015","4.2","",
"55","Wisconsin","55125","Vilas","2007","2016","4.3","",
"55","Wisconsin","55125","Vilas","2008","2017","4.2","",
"55","Wisconsin","55127","Walworth","2005","2014","7.1","",
"55","Wisconsin","55127","Walworth","2006","2015","7.4","",
"55","Wisconsin","55127","Walworth","2007","2016","7.1","",
"55","Wisconsin","55127","Walworth","2008","2017","7.2","",
"55","Wisconsin","55129","Washburn","2005","2014","3.8","",
"55","Wisconsin","55129","Washburn","2006","2015","4.0","",
"55","Wisconsin","55129","Washburn","2007","2016","4.0","",
"55","Wisconsin","55129","Washburn","2008","2017","3.9","",
"55","Wisconsin","55131","Washington","2005","2014","7.2","",
"55","Wisconsin","55131","Washington","2006","2015","7.3","",
"55","Wisconsin","55131","Washington","2007","2016","7.2","",
"55","Wisconsin","55131","Washington","2008","2017","7.1","",
"55","Wisconsin","55133","Waukesha","2005","2014","6.5","",
"55","Wisconsin","55133","Waukesha","2006","2015","6.6","",
"55","Wisconsin","55133","Waukesha","2007","2016","6.4","",
"55","Wisconsin","55133","Waukesha","2008","2017","6.4","",
"55","Wisconsin","55135","Waupaca","2005","2014","8.9","",
"55","Wisconsin","55135","Waupaca","2006","2015","8.9","",
"55","Wisconsin","55135","Waupaca","2007","2016","8.9","",
"55","Wisconsin","55135","Waupaca","2008","2017","9.1","",
"55","Wisconsin","55137","Waushara","2005","2014","3.4","",
"55","Wisconsin","55137","Waushara","2006","2015","3.6","",
"55","Wisconsin","55137","Waushara","2007","2016","3.9","",
"55","Wisconsin","55137","Waushara","2008","2017","3.8","",
"55","Wisconsin","55139","Winnebago","2005","2014","6.5","",
"55","Wisconsin","55139","Winnebago","2006","2015","6.6","",
"55","Wisconsin","55139","Winnebago","2007","2016","6.4","",
"55","Wisconsin","55139","Winnebago","2008","2017","6.2","",
"55","Wisconsin","55141","Wood","2005","2014","4.1","",
"55","Wisconsin","55141","Wood","2006","2015","4.2","",
"55","Wisconsin","55141","Wood","2007","2016","4.1","",
"55","Wisconsin","55141","Wood","2008","2017","4.1","",
"56","Wyoming","56001","Albany","2005","2014","3.4","",
"56","Wyoming","56001","Albany","2006","2015","3.5","",
"56","Wyoming","56001","Albany","2007","2016","3.5","",
"56","Wyoming","56001","Albany","2008","2017","3.4","",
"56","Wyoming","56003","Big Horn","2005","2014","4.7","",
"56","Wyoming","56003","Big Horn","2006","2015","4.7","",
"56","Wyoming","56003","Big Horn","2007","2016","5.1","",
"56","Wyoming","56003","Big Horn","2008","2017","4.8","",
"56","Wyoming","56005","Campbell","2005","2014","4.9","",
"56","Wyoming","56005","Campbell","2006","2015","5.1","",
"56","Wyoming","56005","Campbell","2007","2016","5.1","",
"56","Wyoming","56005","Campbell","2008","2017","5.2","",
"56","Wyoming","56007","Carbon","2005","2014","3.8","",
"56","Wyoming","56007","Carbon","2006","2015","4.0","",
"56","Wyoming","56007","Carbon","2007","2016","4.9","",
"56","Wyoming","56007","Carbon","2008","2017","4.9","",
"56","Wyoming","56009","Converse","2005","2014","6.5","",
"56","Wyoming","56009","Converse","2006","2015","6.5","",
"56","Wyoming","56009","Converse","2007","2016","6.5","",
"56","Wyoming","56009","Converse","2008","2017","6.4","",
"56","Wyoming","56011","Crook","2005","2014","6.6","",
"56","Wyoming","56011","Crook","2006","2015","6.2","",
"56","Wyoming","56011","Crook","2007","2016","6.4","",
"56","Wyoming","56011","Crook","2008","2017","6.3","",
"56","Wyoming","56013","Fremont","2005","2014","7.8","",
"56","Wyoming","56013","Fremont","2006","2015","7.8","",
"56","Wyoming","56013","Fremont","2007","2016","7.8","",
"56","Wyoming","56013","Fremont","2008","2017","7.8","",
"56","Wyoming","56015","Goshen","2005","2014","5.1","",
"56","Wyoming","56015","Goshen","2006","2015","5.5","",
"56","Wyoming","56015","Goshen","2007","2016","5.0","",
"56","Wyoming","56015","Goshen","2008","2017","4.9","",
"56","Wyoming","56017","Hot Springs","2005","2014","5.6","",
"56","Wyoming","56017","Hot Springs","2006","2015","5.9","",
"56","Wyoming","56017","Hot Springs","2007","2016","5.7","",
"56","Wyoming","56017","Hot Springs","2008","2017","10.6","",
"56","Wyoming","56019","Johnson","2005","2014","3.6","",
"56","Wyoming","56019","Johnson","2006","2015","4.4","",
"56","Wyoming","56019","Johnson","2007","2016","4.4","",
"56","Wyoming","56019","Johnson","2008","2017","4.5","",
"56","Wyoming","56021","Laramie","2005","2014","3.7","",
"56","Wyoming","56021","Laramie","2006","2015","3.8","",
"56","Wyoming","56021","Laramie","2007","2016","3.8","",
"56","Wyoming","56021","Laramie","2008","2017","3.8","",
"56","Wyoming","56023","Lincoln","2005","2014","11.9","",
"56","Wyoming","56023","Lincoln","2006","2015","12.5","",
"56","Wyoming","56023","Lincoln","2007","2016","12.4","",
"56","Wyoming","56023","Lincoln","2008","2017","12.6","",
"56","Wyoming","56025","Natrona","2005","2014","5.6","",
"56","Wyoming","56025","Natrona","2006","2015","5.6","",
"56","Wyoming","56025","Natrona","2007","2016","5.5","",
"56","Wyoming","56025","Natrona","2008","2017","5.4","",
"56","Wyoming","56027","Niobrara","2005","2014","3.7","",
"56","Wyoming","56027","Niobrara","2006","2015","3.7","",
"56","Wyoming","56027","Niobrara","2007","2016","3.7","",
"56","Wyoming","56027","Niobrara","2008","2017","3.7","< 10 Tests",
"56","Wyoming","56029","Park","2005","2014","5.1","",
"56","Wyoming","56029","Park","2006","2015","5.3","",
"56","Wyoming","56029","Park","2007","2016","5.0","",
"56","Wyoming","56029","Park","2008","2017","5.1","",
"56","Wyoming","56031","Platte","2005","2014","3.2","",
"56","Wyoming","56031","Platte","2006","2015","3.3","",
"56","Wyoming","56031","Platte","2007","2016","3.3","",
"56","Wyoming","56031","Platte","2008","2017","3.4","",
"56","Wyoming","56033","Sheridan","2005","2014","7.0","",
"56","Wyoming","56033","Sheridan","2006","2015","7.2","",
"56","Wyoming","56033","Sheridan","2007","2016","7.2","",
"56","Wyoming","56033","Sheridan","2008","2017","7.4","",
"56","Wyoming","56035","Sublette","2005","2014","5.7","",
"56","Wyoming","56035","Sublette","2006","2015","6.2","",
"56","Wyoming","56035","Sublette","2007","2016","6.3","",
"56","Wyoming","56035","Sublette","2008","2017","6.4","",
"56","Wyoming","56037","Sweetwater","2005","2014","6.4","",
"56","Wyoming","56037","Sweetwater","2006","2015","6.4","",
"56","Wyoming","56037","Sweetwater","2007","2016","6.3","",
"56","Wyoming","56037","Sweetwater","2008","2017","6.2","",
"56","Wyoming","56039","Teton","2005","2014","6.9","",
"56","Wyoming","56039","Teton","2006","2015","7.1","",
"56","Wyoming","56039","Teton","2007","2016","6.9","",
"56","Wyoming","56039","Teton","2008","2017","6.5","",
"56","Wyoming","56041","Uinta","2005","2014","3.1","",
"56","Wyoming","56041","Uinta","2006","2015","3.1","",
"56","Wyoming","56041","Uinta","2007","2016","3.1","",
"56","Wyoming","56041","Uinta","2008","2017","3.1","",
"56","Wyoming","56043","Washakie","2005","2014","3.8","",
"56","Wyoming","56043","Washakie","2006","2015","3.7","",
"56","Wyoming","56043","Washakie","2007","2016","3.8","",
"56","Wyoming","56043","Washakie","2008","2017","3.5","",
"56","Wyoming","56045","Weston","2005","2014","10.4","",
"56","Wyoming","56045","Weston","2006","2015","11.2","",
"56","Wyoming","56045","Weston","2007","2016","11.4","",
"56","Wyoming","56045","Weston","2008","2017","10.1","",
